loan_id,loan_amount,term_months,interest_rate,annual_income,emp_length_years,credit_score,dti,num_open_accounts,delinquencies_2yrs,purpose,home_ownership,age,prob_default_sim,default
1,17795,36,9.27,45804.22,26,650.0,18.22,2,0,credit_card,OWN,21,0.016596951842961973,0
2,2860,36,6.6,112369.94,18,729.0,19.65,7,0,home_improvement,RENT,67,0.00753375060661038,0
3,40158,36,11.71,107886.37,0,596.0,22.62,4,0,home_improvement,RENT,63,0.04776403118096889,0
4,46732,36,18.75,97238.91,0,692.0,5.83,9,0,other,OWN,26,0.023970708311790094,0
5,13284,60,10.17,72454.99,1,717.0,19.29,4,0,debt_consolidation,OWN,42,0.011360133065291546,0
6,8265,36,9.53,85826.08,4,725.0,28.6,6,1,home_improvement,MORTGAGE,34,0.022883271051343537,0
7,18850,36,11.31,58604.79,3,641.0,14.46,4,0,small_business,RENT,64,0.01737662493377461,0
8,39194,60,19.07,59253.31,5,659.0,29.26,6,0,credit_card,MORTGAGE,54,0.06086962684464871,0
9,23962,36,15.15,29997.67,1,705.0,5.46,3,1,debt_consolidation,RENT,65,0.018077221557512204,0
10,49191,36,16.86,58885.14,16,611.0,32.51,6,0,debt_consolidation,RENT,49,0.09719564174251669,1
11,46131,36,4.08,28286.1,22,653.0,7.86,6,0,credit_card,RENT,54,0.015262443921169122,0
12,18023,36,8.7,,7,628.0,18.85,5,0,debt_consolidation,RENT,74,0.019482955930675613,0
13,43090,36,8.84,29723.54,28,571.0,20.34,7,2,debt_consolidation,RENT,69,0.12040505443767925,0
14,3685,60,16.54,38286.7,0,768.0,18.48,6,0,home_improvement,RENT,72,0.009395355847060893,0
15,2769,36,14.64,8000.0,0,682.0,12.0,7,0,small_business,MORTGAGE,55,0.010936853900847362,0
16,4433,36,16.22,40433.38,2,617.0,26.84,8,0,small_business,RENT,65,0.032334866021991156,0
17,7311,36,4.5,42007.06,29,539.0,11.08,3,1,credit_card,MORTGAGE,74,0.025591259491163896,0
18,39819,36,16.44,52275.38,6,699.0,38.81,6,0,debt_consolidation,RENT,58,0.06219776635710752,0
19,41188,36,14.64,89765.97,26,586.0,10.02,0,0,home_improvement,OWN,67,0.035248757768827306,0
20,19568,36,8.3,58681.47,2,640.0,26.28,4,0,debt_consolidation,MORTGAGE,41,0.02430566275326479,0
21,21769,36,11.21,,22,677.0,6.62,7,0,credit_card,RENT,39,0.011191789069058523,0
22,30693,60,8.43,84217.35,4,605.0,12.23,3,0,debt_consolidation,MORTGAGE,25,0.021343363582387934,0
23,8396,36,11.61,95251.84,15,779.0,0.0,3,0,credit_card,RENT,33,0.003520659771401026,0
24,29480,36,13.8,37350.86,29,618.0,28.05,7,1,debt_consolidation,RENT,67,0.07681710719321531,0
25,43434,60,17.62,30451.82,27,606.0,22.72,4,0,debt_consolidation,MORTGAGE,36,0.06371380115450084,0
26,27658,36,8.24,57087.75,21,,1.07,3,0,debt_consolidation,RENT,60,,0
27,20942,36,10.12,33941.49,0,659.0,8.11,3,0,credit_card,RENT,65,0.011835332665659167,0
28,20431,36,7.59,54256.29,10,796.0,2.13,3,1,debt_consolidation,OWN,38,0.005924717112172398,0
29,4747,36,15.07,36261.74,21,765.0,15.38,7,0,credit_card,MORTGAGE,56,0.008111241687962348,0
30,2189,36,5.7,29521.63,6,770.0,15.1,5,1,small_business,OWN,36,0.007485899761392276,0
31,21118,36,12.71,68885.13,15,713.0,26.4,5,1,small_business,RENT,48,0.033435171082491194,0
32,37773,36,7.1,106627.9,1,720.0,16.93,8,0,credit_card,RENT,37,0.014740009860511738,0
33,3899,36,12.18,53743.86,2,658.0,31.81,6,1,debt_consolidation,RENT,25,0.0399782647466285,0
34,3267,36,16.62,66931.4,10,721.0,7.8,4,1,debt_consolidation,RENT,67,0.013026467162192896,0
35,33551,36,9.95,61624.6,6,640.0,15.29,6,0,debt_consolidation,OWN,62,0.02298006399348488,0
36,13394,60,12.88,59137.96,2,672.0,13.14,6,0,major_purchase,OWN,19,0.013592920811010066,0
37,5556,60,8.43,95723.99,4,597.0,13.36,7,1,home_improvement,RENT,35,0.024245499638833778,0
38,5890,60,11.55,53084.52,10,654.0,24.26,7,1,other,RENT,60,0.031119700473004535,0
39,43606,36,5.77,8000.0,15,714.0,23.02,7,1,debt_consolidation,RENT,33,0.0328443407248094,0
40,32740,36,14.83,38066.82,2,746.0,6.2,8,0,debt_consolidation,OWN,42,0.01096848538842563,0
41,16502,36,10.34,62668.03,28,707.0,17.03,4,0,debt_consolidation,OWN,71,0.011847033634249882,0
42,23777,36,11.16,57326.77,0,762.0,19.36,4,1,credit_card,RENT,53,0.018450155460082975,0
43,12627,36,12.28,54260.62,13,595.0,28.99,7,0,debt_consolidation,OWN,52,0.03827763588622585,0
44,10792,36,4.13,47245.73,4,711.0,31.26,4,0,debt_consolidation,RENT,39,0.013343928932619108,0
45,45323,36,9.23,62149.56,7,627.0,21.45,5,0,other,OWN,18,0.03783177308760209,0
46,45021,36,12.54,111378.3,9,705.0,19.23,0,0,small_business,OWN,70,0.024521448238961015,0
47,10433,60,11.36,51842.61,9,631.0,21.71,5,1,debt_consolidation,RENT,59,0.034193101599110674,0
48,45001,36,20.71,114084.81,18,646.0,9.96,6,0,debt_consolidation,OWN,27,0.037976183295382514,0
49,13016,36,17.03,71792.2,20,731.0,13.53,7,1,small_business,RENT,71,0.01958945492619436,1
50,25897,36,12.56,43241.96,0,695.0,10.35,6,0,debt_consolidation,RENT,60,0.013386125388306169,0
51,4612,36,7.91,81673.06,14,630.0,26.97,6,0,debt_consolidation,MORTGAGE,56,0.01977313192917537,0
52,25483,36,10.02,8000.0,6,590.0,15.06,4,0,debt_consolidation,RENT,68,0.025657173962632566,0
53,19159,36,14.63,59617.99,20,627.0,16.02,2,0,small_business,OWN,30,0.023281941828160607,0
54,46974,36,12.31,72963.11,10,676.0,19.46,5,1,debt_consolidation,MORTGAGE,65,0.05104663643055181,0
55,42994,60,17.1,73276.99,0,607.0,21.8,5,0,debt_consolidation,OWN,50,0.05979814225432601,0
56,16541,60,12.27,75926.47,11,,32.78,4,0,debt_consolidation,RENT,25,,0
57,37920,60,12.46,78118.45,26,614.0,18.8,4,0,credit_card,RENT,72,0.03694785373817002,0
58,28531,60,18.5,67431.38,0,668.0,17.06,5,0,debt_consolidation,RENT,34,0.028471140895580803,0
59,3585,36,7.61,78072.24,8,700.0,27.71,6,0,debt_consolidation,OWN,41,0.013004115313043914,0
60,5943,36,18.94,46005.24,10,651.0,17.5,2,0,credit_card,OTHER,20,0.02042938544234886,0
61,25939,36,15.08,89408.97,2,744.0,10.29,4,0,home_improvement,RENT,21,0.01110030851743427,0
62,21457,36,24.94,48498.4,11,702.0,0.48,5,0,credit_card,RENT,56,0.014533482864937068,0
63,3021,36,9.19,88923.86,0,624.0,20.95,6,0,small_business,OWN,29,0.01669056938649032,0
64,13653,60,18.52,59497.76,25,612.0,16.9,5,0,debt_consolidation,RENT,71,0.029399422519094477,0
65,45573,36,12.54,65453.76,17,773.0,30.91,2,0,credit_card,MORTGAGE,29,0.026775174138909365,0
66,15417,36,11.26,82053.44,27,746.0,16.23,7,1,home_improvement,RENT,43,0.015743483762740432,0
67,42757,36,13.22,97662.92,6,659.0,9.69,7,0,debt_consolidation,RENT,55,0.02342471917618404,0
68,11692,60,12.5,61014.03,0,697.0,24.14,7,0,debt_consolidation,RENT,73,0.017334671057333058,0
69,47758,36,8.88,65403.32,5,663.0,18.73,4,0,home_improvement,RENT,40,0.028205153758671535,0
70,8873,60,11.47,8000.0,8,719.0,24.8,5,0,major_purchase,OWN,32,0.013774852848850175,0
71,7675,60,13.23,38266.94,27,690.0,19.79,2,0,debt_consolidation,RENT,18,0.013879029545522711,1
72,2161,60,10.3,22224.16,24,559.0,19.92,7,0,debt_consolidation,RENT,62,0.02462691736734825,0
73,39065,60,14.16,49866.02,9,749.0,19.25,3,1,debt_consolidation,OWN,58,0.030629004007419365,0
74,28557,60,10.82,43303.04,15,761.0,13.39,2,1,small_business,MORTGAGE,50,0.015546364276966632,1
75,35763,36,13.83,40216.09,28,652.0,18.65,5,0,debt_consolidation,RENT,35,0.03049449432982226,0
76,34606,36,13.35,34162.86,22,699.0,18.46,5,0,credit_card,RENT,24,0.02196747447975741,0
77,13534,36,13.81,73134.05,11,745.0,31.29,2,0,credit_card,RENT,72,0.018213335379685114,0
78,31127,36,6.61,15243.23,8,850.0,18.33,5,0,credit_card,OWN,34,0.005977484681335222,0
79,42397,60,16.39,32724.64,7,712.0,15.74,7,0,credit_card,OWN,47,0.0252105239814609,0
80,27851,36,8.54,,17,701.0,26.63,4,0,debt_consolidation,OWN,32,0.020496734308264833,0
81,3016,60,11.26,84242.33,20,732.0,10.89,6,0,credit_card,RENT,47,0.006541147731549251,0
82,26253,36,9.42,36745.67,2,738.0,22.23,7,0,other,RENT,68,0.014446660056457623,0
83,26276,36,12.29,86259.26,7,712.0,8.79,4,1,debt_consolidation,RENT,23,0.018156915435994573,0
84,25247,60,11.56,8000.0,17,603.0,3.65,4,0,credit_card,MORTGAGE,44,0.01631758075167937,0
85,26300,36,14.6,60053.32,12,691.0,27.08,4,1,credit_card,MORTGAGE,71,0.04667264995079627,0
86,10529,36,12.18,67652.27,9,698.0,15.17,4,0,debt_consolidation,OWN,35,0.011299644985082864,0
87,19262,36,10.43,35292.34,4,592.0,0.77,6,0,major_purchase,OWN,53,0.013328139113375617,0
88,11268,36,4.81,27252.9,10,718.0,11.54,8,0,small_business,OWN,60,0.006365099320461407,0
89,23271,36,15.54,63167.4,10,612.0,16.53,6,0,other,RENT,27,0.03051993013751612,0
90,14185,36,14.07,59107.54,6,759.0,36.93,8,0,debt_consolidation,OTHER,18,0.02276283964155974,0
91,23243,36,15.7,39711.71,28,632.0,0.0,5,0,home_improvement,MORTGAGE,35,0.014173029853352585,0
92,41099,60,11.26,52780.59,11,737.0,24.89,4,0,debt_consolidation,RENT,73,0.02294551333139476,0
93,10571,60,13.43,44952.93,22,639.0,13.75,5,0,credit_card,OTHER,34,0.01628518874995969,0
94,41976,36,9.39,91268.75,1,756.0,17.64,3,0,small_business,OWN,51,0.014183652612926216,0
95,40044,36,9.02,76999.55,17,763.0,12.08,6,0,credit_card,OWN,24,0.010634925026917003,0
96,42774,60,10.87,64844.6,10,714.0,26.01,7,0,debt_consolidation,RENT,36,0.028619776668760057,0
97,4568,36,15.69,107179.97,4,642.0,20.02,2,0,credit_card,MORTGAGE,19,0.01973672635607077,0
98,4027,36,10.9,85870.35,1,705.0,10.85,3,0,other,OWN,32,0.0074618653853151164,0
99,4695,36,11.78,91098.79,5,636.0,25.21,4,0,credit_card,OWN,69,0.021150797227821247,0
100,7258,60,12.97,99527.44,7,612.0,29.45,2,0,credit_card,RENT,62,0.031360602383259176,0
101,24002,36,12.1,56099.89,1,649.0,27.17,5,0,other,OWN,24,0.03161004201249207,0
102,41504,36,16.06,29554.91,12,677.0,37.28,1,0,home_improvement,RENT,57,0.06430091939758355,0
103,35159,36,9.01,15403.68,4,642.0,26.81,3,0,home_improvement,MORTGAGE,33,0.03402902336515915,0
104,15986,36,12.4,78479.33,19,664.0,18.99,2,0,home_improvement,RENT,66,0.017728747850734864,0
105,14666,36,13.9,35837.26,10,647.0,13.31,6,0,credit_card,OWN,71,0.017102503201004884,0
106,40660,36,5.43,143169.51,4,681.0,25.44,3,1,debt_consolidation,OWN,69,0.0390267224179234,0
107,5561,60,13.06,38944.2,5,666.0,12.71,3,0,major_purchase,RENT,52,0.011619534727154292,0
108,28854,60,17.37,34628.14,27,589.0,27.76,7,1,debt_consolidation,MORTGAGE,18,0.10358415907801433,0
109,40952,36,10.6,79443.3,28,678.0,16.46,9,0,credit_card,RENT,52,0.023647645182760434,0
110,24662,36,7.66,79960.96,6,632.0,21.0,2,0,credit_card,MORTGAGE,74,0.0217583315565541,0
111,10392,36,13.87,104922.98,12,626.0,8.62,4,0,credit_card,MORTGAGE,20,0.014487722757615031,0
112,32535,60,12.72,53758.99,29,625.0,,5,0,debt_consolidation,OWN,40,0.02756383086753932,0
113,15067,60,18.09,89002.28,30,690.0,10.14,7,0,credit_card,RENT,33,0.014649950523454079,0
114,25599,36,13.75,55939.16,0,704.0,31.49,5,0,credit_card,RENT,47,0.030327014598357186,0
115,37222,36,8.23,73647.68,9,688.0,15.72,5,1,home_improvement,OWN,37,0.0281061002046654,0
116,13837,60,8.05,54659.86,15,724.0,,4,0,debt_consolidation,RENT,66,0.008369470225751938,0
117,16039,36,15.44,107847.38,2,680.0,9.42,3,0,debt_consolidation,RENT,46,0.012991030105605494,0
118,32818,36,13.43,116690.48,20,688.0,5.75,8,0,debt_consolidation,MORTGAGE,72,0.01420100133278323,0
119,21115,36,11.77,30254.98,7,629.0,11.04,6,0,credit_card,RENT,53,0.017782464071299534,0
120,12965,36,12.69,91925.54,8,710.0,11.12,10,0,home_improvement,OWN,40,0.010237576666059428,0
121,26538,36,13.77,36744.88,3,671.0,10.93,8,0,credit_card,OWN,22,0.017300975593464447,0
122,44530,60,13.49,89050.89,4,718.0,10.75,4,0,debt_consolidation,MORTGAGE,33,0.017586167190293697,0
123,7056,36,5.98,101000.52,0,674.0,23.94,4,1,debt_consolidation,RENT,33,0.020708603568748835,0
124,34482,36,16.87,35953.76,27,680.0,14.32,6,0,credit_card,RENT,53,0.024987855499484412,0
125,49716,36,17.13,29444.56,5,633.0,22.66,7,0,credit_card,MORTGAGE,42,0.06175825435670683,0
126,10110,36,19.24,47620.93,1,670.0,14.19,5,0,home_improvement,RENT,60,0.018195819673545756,0
127,15773,36,18.37,89198.28,1,802.0,19.94,4,0,debt_consolidation,OWN,57,0.011091310909891062,0
128,29266,36,17.69,71892.4,6,569.0,23.35,8,1,small_business,OWN,67,0.10154450474048593,0
129,19412,60,10.85,53793.6,10,653.0,12.25,8,0,debt_consolidation,RENT,64,0.015258236231808147,0
130,35270,36,13.21,78026.41,18,727.0,27.86,8,0,debt_consolidation,RENT,68,0.027876467860421188,0
131,8910,36,16.67,52700.98,26,637.0,18.48,9,0,major_purchase,RENT,36,0.023405511025348113,0
132,47453,36,4.8,63294.17,10,687.0,8.49,5,0,major_purchase,OWN,33,0.013475166839677477,0
133,27446,36,11.13,73625.21,6,674.0,12.8,2,0,other,MORTGAGE,63,0.015419541293520538,0
134,2206,60,5.18,71938.33,6,731.0,15.13,5,1,debt_consolidation,RENT,21,0.009214862749352784,0
135,23518,36,13.12,102262.06,9,665.0,14.29,2,0,home_improvement,OWN,73,0.01760103148498106,0
136,24361,60,17.06,29943.3,8,581.0,0.0,8,0,home_improvement,RENT,58,0.02154607569482311,0
137,25419,36,12.08,83669.33,10,781.0,8.84,2,0,other,MORTGAGE,46,0.007033447474056189,0
138,43523,60,9.72,36492.1,8,672.0,23.32,6,0,credit_card,MORTGAGE,38,0.03128777924890642,0
139,47151,36,13.13,49877.45,0,690.0,16.16,1,0,major_purchase,MORTGAGE,18,0.025728767846046934,0
140,24403,36,13.65,56011.04,8,653.0,20.16,11,1,other,OWN,61,0.04389614663994174,0
141,20141,36,13.93,49415.68,0,690.0,19.83,4,0,debt_consolidation,RENT,35,0.018752824675727066,0
142,16820,36,7.14,26376.0,2,739.0,16.07,6,0,home_improvement,MORTGAGE,47,0.008261936666921802,0
143,42342,60,12.97,48731.06,6,671.0,11.98,4,0,debt_consolidation,OWN,67,0.02272150121942983,0
144,8374,60,12.74,66807.95,9,633.0,13.24,10,0,home_improvement,OWN,73,0.016080764654848253,0
145,3678,36,15.79,56645.8,2,602.0,,5,0,debt_consolidation,OWN,38,0.020857981829277793,0
146,35827,36,11.7,96814.39,3,750.0,9.26,2,0,debt_consolidation,MORTGAGE,26,0.010373634708495156,0
147,18198,36,19.9,57304.23,5,654.0,21.17,1,0,home_improvement,MORTGAGE,18,0.03052407279475491,0
148,11914,60,12.33,60372.07,2,713.0,29.1,7,0,debt_consolidation,RENT,40,0.019091799133077746,0
149,29890,36,10.09,64560.14,30,722.0,0.0,3,0,debt_consolidation,OWN,44,0.007035682699631406,0
150,24299,36,7.99,56677.21,19,666.0,22.28,6,1,major_purchase,OWN,65,0.032005457940371615,0
151,45585,36,9.94,71943.56,20,675.0,16.43,6,1,credit_card,RENT,66,0.040152103527320626,0
152,45689,60,8.8,47048.53,9,681.0,22.08,6,0,small_business,MORTGAGE,74,0.028222152696831333,0
153,44557,36,11.38,30850.67,28,,13.41,5,0,credit_card,MORTGAGE,57,,0
154,46020,60,18.75,58207.89,15,631.0,29.05,8,1,credit_card,OWN,29,0.12607693826281202,0
155,4693,60,6.16,69617.75,4,668.0,16.48,4,0,credit_card,MORTGAGE,33,0.009406158209926553,0
156,31467,36,6.44,64076.83,10,698.0,19.4,4,0,debt_consolidation,RENT,54,0.015207233902640699,0
157,31723,36,11.06,37783.68,8,699.0,21.23,4,1,small_business,RENT,64,0.03333191010667869,0
158,48699,60,6.55,64010.98,9,,19.08,6,0,debt_consolidation,RENT,52,,0
159,5627,36,8.07,76968.49,20,600.0,19.43,6,2,credit_card,OWN,53,0.0475724603735545,0
160,27939,60,13.36,65061.9,8,,20.25,11,2,debt_consolidation,OWN,42,,0
161,44941,36,11.79,42249.82,15,704.0,14.06,7,0,debt_consolidation,RENT,47,0.020769530400092898,0
162,23834,36,13.75,61916.57,3,602.0,15.69,2,0,debt_consolidation,MORTGAGE,25,0.027916602965404016,0
163,20047,60,14.36,102565.82,27,785.0,26.27,4,0,home_improvement,RENT,38,0.014060022379917624,0
164,28105,36,17.37,34051.33,0,587.0,5.65,9,1,credit_card,RENT,67,0.046291487209091514,0
165,12230,36,13.52,87397.02,30,612.0,11.5,2,0,debt_consolidation,RENT,45,0.017612101292756484,0
166,17707,60,16.82,8000.0,10,637.0,4.27,5,0,debt_consolidation,RENT,22,0.015427437808221596,0
167,23976,36,12.43,46370.57,7,630.0,4.44,6,0,debt_consolidation,OWN,18,0.014900028562077717,0
168,46262,36,13.56,49240.7,4,710.0,10.04,8,0,credit_card,RENT,70,0.019356893088065794,0
169,25776,36,13.51,87024.99,6,685.0,,6,0,credit_card,MORTGAGE,63,0.017828283503688085,1
170,32080,60,13.14,104315.08,18,627.0,22.24,4,0,home_improvement,OWN,44,0.03613114524559033,0
171,3306,60,12.82,87814.96,1,804.0,21.05,4,2,other,OWN,46,0.0182552255536663,0
172,8776,36,19.28,72789.97,3,725.0,22.89,2,0,debt_consolidation,RENT,56,0.017551991595333345,0
173,29251,60,14.79,86569.52,1,696.0,12.98,5,0,debt_consolidation,MORTGAGE,40,0.017424841115452522,0
174,11474,60,10.21,26186.94,6,723.0,33.49,5,0,credit_card,OWN,63,0.018735535411317353,0
175,42294,36,21.37,82345.66,6,704.0,17.73,11,0,credit_card,MORTGAGE,32,0.03767266111030322,0
176,23959,36,10.49,32447.37,10,692.0,28.81,5,0,debt_consolidation,RENT,59,0.02422327138508786,0
177,7530,36,11.98,41521.52,30,710.0,14.68,3,0,debt_consolidation,MORTGAGE,37,0.009535049966631756,0
178,31320,36,8.68,69891.86,24,678.0,12.49,6,0,debt_consolidation,MORTGAGE,72,0.0148031714816855,0
179,5748,60,14.87,29104.72,24,720.0,20.25,6,0,debt_consolidation,RENT,20,0.012849215999602662,0
180,33968,60,18.76,90645.97,10,685.0,7.75,2,0,small_business,RENT,59,0.01959598593368534,0
181,34562,36,6.04,60035.9,3,663.0,7.65,2,2,debt_consolidation,RENT,28,0.0320228119088105,0
182,15545,36,10.89,27465.06,5,778.0,27.81,4,1,debt_consolidation,RENT,25,0.01964291816286934,0
183,2663,36,16.47,97739.54,3,685.0,18.84,8,0,debt_consolidation,MORTGAGE,67,0.015525257939602072,0
184,36766,36,7.76,,1,665.0,15.55,3,1,debt_consolidation,RENT,59,0.030334073142801295,0
185,9994,36,14.3,55907.33,6,628.0,28.77,5,2,debt_consolidation,RENT,38,0.08299595589051335,0
186,30021,36,6.79,54489.06,25,620.0,12.18,6,0,major_purchase,OWN,74,0.018291104054855033,0
187,32303,36,13.63,8000.0,16,683.0,39.12,7,0,major_purchase,RENT,35,0.05286801152262268,0
188,5304,36,12.31,91452.66,30,658.0,16.67,4,0,credit_card,OWN,34,0.01379415702489065,0
189,48576,60,25.27,60700.71,2,636.0,11.88,6,0,home_improvement,RENT,68,0.057552643202023884,0
190,41353,36,14.98,63828.47,8,758.0,26.07,8,0,credit_card,OTHER,36,0.02661926769429661,0
191,19675,36,4.0,77024.1,19,743.0,12.28,3,1,other,RENT,37,0.010018032591496561,0
192,46417,36,11.7,52658.35,7,620.0,18.56,1,0,credit_card,MORTGAGE,36,0.039005725801725406,0
193,25938,36,15.3,31965.16,5,659.0,34.22,4,1,debt_consolidation,OWN,49,0.07506007476050686,0
194,25664,36,10.35,36728.75,20,583.0,15.24,5,0,small_business,OWN,32,0.027716487196248047,0
195,3636,36,10.17,81829.41,6,650.0,17.99,4,0,debt_consolidation,OWN,18,0.013266211123430856,0
196,22080,60,10.37,59702.64,26,639.0,19.52,6,0,debt_consolidation,MORTGAGE,50,0.02224591054833771,0
197,29728,36,14.19,85148.03,3,670.0,27.71,5,0,small_business,OTHER,24,0.03531342679129358,0
198,28736,60,6.98,89544.9,25,627.0,16.05,5,0,debt_consolidation,MORTGAGE,46,0.01991277670268699,0
199,30673,60,9.75,82180.54,3,574.0,30.84,10,2,major_purchase,RENT,34,0.14686048971914883,0
200,39505,60,16.13,91411.27,4,647.0,16.11,9,0,credit_card,RENT,27,0.035536899320968755,0
201,49323,36,10.05,42203.29,6,756.0,24.48,5,0,debt_consolidation,RENT,31,0.022580262379226248,0
202,48645,60,9.81,75048.66,8,642.0,13.5,8,0,home_improvement,RENT,35,0.028787612555301014,0
203,2854,36,6.49,48316.06,6,796.0,19.56,7,0,small_business,OWN,39,0.005006396069949735,0
204,26548,36,14.58,32642.29,23,630.0,22.52,2,1,credit_card,RENT,39,0.054720615880155796,1
205,40623,60,13.7,71521.27,19,685.0,17.99,8,0,credit_card,MORTGAGE,63,0.02757348197266066,0
206,9392,36,15.89,78854.85,4,699.0,10.96,5,1,debt_consolidation,OWN,30,0.018464648840516934,1
207,48717,36,11.55,51393.64,8,617.0,15.06,5,1,debt_consolidation,MORTGAGE,41,0.06021328169250924,0
208,23556,36,13.26,,6,581.0,25.65,8,0,credit_card,RENT,57,0.04761234845469187,0
209,40559,36,13.23,77575.29,0,745.0,14.49,4,1,credit_card,OWN,42,0.025888674481331236,0
210,28309,36,6.3,,16,746.0,34.69,3,0,home_improvement,OWN,66,0.019317828440973482,0
211,23919,36,21.41,80266.25,2,764.0,19.18,5,0,credit_card,RENT,51,0.018561678700224408,0
212,6931,60,15.91,37338.03,27,631.0,19.18,1,1,debt_consolidation,OWN,42,0.0347341567985844,0
213,34970,60,12.32,70194.56,6,702.0,20.47,6,0,debt_consolidation,RENT,24,0.022581145211850586,0
214,46215,60,11.1,29774.49,10,682.0,19.12,6,0,debt_consolidation,OWN,68,0.028252885674982853,0
215,14688,36,17.3,93649.5,20,674.0,31.69,7,0,home_improvement,RENT,32,0.0356522399470197,0
216,27342,36,12.38,77122.33,2,657.0,15.25,3,0,home_improvement,OWN,69,0.02011124378900121,0
217,39157,60,15.65,110265.83,8,727.0,21.52,2,0,credit_card,OWN,49,0.0249513363330376,1
218,4327,60,9.69,36640.08,3,838.0,26.58,7,0,debt_consolidation,RENT,34,0.006219913137356953,0
219,42772,36,8.5,76641.48,8,697.0,31.44,3,0,debt_consolidation,OWN,19,0.033440988677921946,0
220,42545,36,11.35,59515.26,9,691.0,21.08,9,0,credit_card,RENT,66,0.028074976543328245,0
221,2197,36,12.04,23344.17,1,641.0,7.57,5,0,debt_consolidation,OWN,60,0.009978834719877941,0
222,25509,36,13.69,62761.88,9,720.0,6.64,4,1,credit_card,MORTGAGE,71,0.01679527115450092,0
223,36698,36,17.87,74218.75,7,533.0,21.43,7,1,debt_consolidation,RENT,66,0.13086411359691186,0
224,46542,60,16.45,109254.24,8,660.0,22.07,6,0,debt_consolidation,OTHER,18,0.04680363771690651,0
225,17087,36,17.27,47387.81,25,702.0,18.94,8,0,debt_consolidation,RENT,47,0.019471115368979264,0
226,24671,36,9.07,71860.39,7,695.0,15.94,4,0,debt_consolidation,OWN,48,0.013446748163424088,0
227,27184,36,10.82,67671.16,7,674.0,17.53,2,0,debt_consolidation,MORTGAGE,27,0.01819724890717946,0
228,29848,36,15.87,55650.51,7,569.0,17.35,3,0,debt_consolidation,OWN,23,0.04523733715106029,0
229,44107,36,16.86,57494.03,10,770.0,17.03,3,0,credit_card,RENT,40,0.019196201822215403,0
230,22666,36,14.97,78662.47,5,694.0,21.21,6,0,debt_consolidation,RENT,28,0.0218005156026239,0
231,46357,36,9.75,57484.51,19,679.0,18.26,6,0,debt_consolidation,RENT,45,0.026110508016053587,0
232,17708,60,7.83,54119.11,4,756.0,12.48,8,2,major_purchase,RENT,59,0.018685594935017886,0
233,28370,36,12.93,47334.47,4,753.0,15.24,5,0,small_business,RENT,65,0.012194509463208611,0
234,4811,36,8.43,22462.41,9,667.0,7.01,5,0,credit_card,RENT,45,0.007363128488940739,0
235,49011,36,13.84,83343.47,3,664.0,1.12,7,0,debt_consolidation,RENT,37,0.018947016300936658,0
236,8546,60,17.0,47072.14,0,708.0,18.43,5,0,credit_card,MORTGAGE,32,0.014922061616864268,0
237,36754,36,12.76,90825.56,2,754.0,20.13,6,1,debt_consolidation,RENT,33,0.028312798425124155,0
238,32206,60,6.78,91524.8,26,739.0,8.84,9,0,debt_consolidation,OWN,23,0.008515797896191389,0
239,43106,36,9.96,119955.1,0,622.0,21.88,7,0,major_purchase,RENT,28,0.04005278843734267,0
240,13411,60,15.46,71113.51,1,615.0,20.3,4,1,credit_card,RENT,68,0.045356693825740924,0
241,4911,60,13.9,74007.42,17,628.0,12.64,6,0,credit_card,RENT,25,0.015380118359542177,0
242,3734,36,14.22,75303.57,29,713.0,17.27,3,0,home_improvement,OWN,68,0.01075554541976863,0
243,20227,36,19.08,66504.23,13,657.0,7.42,7,0,debt_consolidation,OWN,55,0.018584646229479123,0
244,10680,36,13.4,89500.67,26,710.0,22.62,2,0,credit_card,RENT,58,0.014750760549569458,0
245,21360,60,13.27,57935.53,22,602.0,2.05,3,0,debt_consolidation,OWN,30,0.015378301236779777,0
246,20343,36,15.43,73804.51,7,630.0,16.5,6,1,debt_consolidation,OWN,59,0.041820839808360655,0
247,7759,36,7.31,57285.94,5,709.0,28.05,3,2,debt_consolidation,OWN,69,0.03451221936400175,0
248,25078,60,10.22,27220.65,10,587.0,17.69,3,1,debt_consolidation,RENT,48,0.04644891027703308,0
249,37153,60,9.05,78609.36,8,787.0,14.03,7,0,debt_consolidation,RENT,23,0.009515803199741149,0
250,13111,36,14.62,8000.0,0,747.0,7.09,2,1,home_improvement,MORTGAGE,61,0.01171408592174255,0
251,39504,36,8.32,73733.62,28,763.0,35.13,2,0,other,MORTGAGE,53,0.024204369376997634,0
252,3802,36,14.25,87182.93,9,726.0,7.39,4,0,major_purchase,OWN,61,0.006814532211768945,0
253,10155,36,11.13,74699.79,23,568.0,27.94,5,0,credit_card,OWN,19,0.03802297447163142,0
254,10120,36,10.58,40269.36,15,747.0,14.72,5,1,other,RENT,57,0.01259475599848619,0
255,41384,36,15.65,98658.56,5,724.0,19.41,3,0,debt_consolidation,MORTGAGE,64,0.024664417043229296,0
256,49025,36,6.67,105365.12,25,660.0,16.85,5,0,small_business,RENT,73,0.02479513747370915,0
257,49254,60,10.05,76639.37,19,653.0,8.24,3,0,major_purchase,RENT,24,0.021440079035088978,0
258,23918,36,23.72,106370.06,6,727.0,,6,0,credit_card,RENT,41,0.022147374765794266,0
259,22445,36,19.4,112998.11,21,585.0,28.18,5,0,major_purchase,OWN,70,0.06513744150561673,0
260,32306,36,4.74,43960.06,3,735.0,0.82,6,0,debt_consolidation,RENT,30,0.0055738489971687765,0
261,18646,36,9.97,37225.98,12,641.0,16.64,1,0,debt_consolidation,MORTGAGE,51,0.017141209190746885,0
262,48843,36,12.25,78579.69,0,690.0,31.83,5,0,debt_consolidation,RENT,62,0.0484555277990617,0
263,33065,36,6.36,8000.0,23,692.0,21.67,4,0,debt_consolidation,RENT,45,0.01770751473031176,0
264,27199,60,20.07,54461.8,15,599.0,21.66,3,0,debt_consolidation,RENT,18,0.05214763136893186,0
265,43976,36,12.12,43523.39,1,583.0,21.91,1,0,debt_consolidation,MORTGAGE,63,0.05334876059788677,0
266,18371,36,11.26,55271.99,0,695.0,17.52,6,0,other,OWN,25,0.014360914544034896,0
267,13835,60,13.52,,6,677.0,14.62,6,3,debt_consolidation,RENT,23,0.062123146801715705,0
268,47936,36,13.46,,12,697.0,27.32,13,1,debt_consolidation,RENT,27,0.07060190761165246,0
269,4049,60,8.58,75148.07,4,619.0,8.7,6,0,debt_consolidation,OWN,63,0.010497969080089414,0
270,33616,36,17.26,103143.6,29,733.0,22.09,10,0,debt_consolidation,RENT,22,0.025854399493451356,0
271,40191,60,12.65,71715.64,27,753.0,10.64,5,0,debt_consolidation,RENT,47,0.012666089331174203,0
272,49357,36,17.23,15636.85,10,663.0,12.82,3,0,major_purchase,MORTGAGE,29,0.034338041907873144,0
273,22932,60,9.7,61634.38,4,611.0,27.21,5,0,debt_consolidation,OWN,42,0.03442435961195548,0
274,31855,60,4.82,95478.33,25,646.0,15.47,3,0,debt_consolidation,OWN,56,0.01631693871140879,0
275,9158,36,17.75,54818.92,19,697.0,12.96,2,0,major_purchase,RENT,29,0.013087290847077356,0
276,45016,36,14.96,77135.74,0,707.0,31.46,5,0,debt_consolidation,RENT,73,0.04585724924994025,0
277,9400,60,16.67,90320.77,7,797.0,9.98,9,0,small_business,RENT,58,0.006552724980236953,0
278,44642,36,16.92,64310.17,29,729.0,33.64,3,0,credit_card,OWN,73,0.0469958481357291,0
279,17151,36,12.08,68971.66,7,665.0,19.96,1,0,debt_consolidation,RENT,74,0.018260602922469872,0
280,3154,36,10.53,74741.27,27,712.0,27.29,4,0,debt_consolidation,OWN,61,0.013376091827319414,0
281,6499,60,11.63,49607.4,29,700.0,11.94,7,2,home_improvement,OWN,57,0.024341735473111525,0
282,8295,36,14.21,54890.13,6,683.0,25.65,2,0,debt_consolidation,RENT,46,0.019348542684506285,0
283,14183,36,13.11,38050.9,28,780.0,25.12,6,0,credit_card,RENT,51,0.01182037208614653,0
284,31299,36,4.68,47870.03,1,642.0,13.4,6,1,debt_consolidation,MORTGAGE,45,0.02543115910772713,0
285,14874,60,11.53,80280.94,1,716.0,14.94,2,0,debt_consolidation,OWN,45,0.010411069706889953,0
286,34711,60,17.66,73477.21,3,715.0,5.83,8,0,home_improvement,RENT,71,0.015526175019718261,0
287,7539,60,11.99,31666.82,7,789.0,9.39,2,0,debt_consolidation,OWN,62,0.004781918807991491,0
288,44405,36,20.9,36212.93,2,556.0,24.38,4,0,debt_consolidation,RENT,27,0.1054862180951865,0
289,4557,60,8.16,45431.12,5,753.0,16.71,4,0,debt_consolidation,RENT,19,0.006302665679612262,0
290,40360,36,13.39,24752.51,0,614.0,7.2,7,0,small_business,RENT,24,0.026615122299116417,0
291,18482,36,8.06,66404.23,6,588.0,21.68,5,0,major_purchase,RENT,50,0.026905250571618616,0
292,4200,36,8.58,44370.16,21,623.0,28.87,9,0,credit_card,OWN,57,0.023426091775534907,0
293,48940,36,8.61,72901.0,9,,26.44,8,0,debt_consolidation,RENT,36,,0
294,4961,60,20.84,85397.02,20,751.0,26.98,8,0,debt_consolidation,OWN,71,0.018787818859679353,0
295,48975,36,10.99,18174.51,1,777.0,2.69,4,1,debt_consolidation,RENT,51,0.014267511197592007,0
296,23357,36,9.19,44382.6,6,638.0,21.7,5,0,credit_card,RENT,44,0.023353908242493795,0
297,13969,60,11.99,21363.79,0,667.0,3.02,7,0,debt_consolidation,OWN,53,0.00917259611297817,0
298,4869,60,11.11,14063.27,5,748.0,8.18,4,0,debt_consolidation,OWN,73,0.005389385217792984,0
299,48760,36,15.25,,10,780.0,25.63,8,0,credit_card,RENT,69,0.02693301673275239,0
300,30643,36,4.0,65279.83,9,689.0,21.03,5,0,debt_consolidation,OWN,20,0.015068880293231578,1
301,26736,60,8.18,45853.73,0,654.0,28.82,5,0,debt_consolidation,RENT,22,0.028540373810394554,0
302,40467,36,15.39,36242.11,0,,16.68,6,0,major_purchase,OWN,25,,0
303,25328,36,10.05,32965.81,4,608.0,27.96,6,0,small_business,OWN,42,0.03877100482759863,0
304,27876,36,8.98,64412.91,17,778.0,20.32,1,0,debt_consolidation,MORTGAGE,74,0.010063956110507796,0
305,23295,36,8.8,54201.02,0,609.0,10.73,13,2,debt_consolidation,RENT,71,0.05026375826424674,0
306,5987,60,14.89,37594.75,10,704.0,25.74,1,0,credit_card,RENT,63,0.01678800689546342,0
307,24399,36,14.72,70437.44,2,666.0,17.96,5,0,debt_consolidation,OWN,25,0.022896243224374804,0
308,48214,36,15.83,67064.3,27,659.0,20.12,3,0,debt_consolidation,MORTGAGE,31,0.042557074786295786,0
309,35986,36,7.35,35734.47,6,587.0,26.88,6,2,other,MORTGAGE,39,0.11409482682245826,0
310,22880,36,7.11,48143.75,0,667.0,36.67,2,1,debt_consolidation,MORTGAGE,43,0.04963735349318507,0
311,6735,36,16.55,81515.61,14,778.0,15.25,3,1,debt_consolidation,OWN,22,0.013179832517873235,0
312,46064,36,12.82,78709.61,7,679.0,22.8,4,0,debt_consolidation,RENT,32,0.035239237248601625,0
313,6555,36,9.58,43595.41,24,714.0,17.11,4,0,debt_consolidation,OWN,52,0.009017765778954632,0
314,43914,36,11.37,101537.53,11,592.0,12.57,4,0,credit_card,RENT,64,0.03514755927657314,0
315,42818,36,7.06,55618.14,13,673.0,17.06,5,0,credit_card,OWN,58,0.020913195125606222,0
316,47525,36,9.88,79712.09,17,669.0,24.49,12,0,small_business,RENT,65,0.038423680061117356,0
317,21830,36,12.64,33717.12,6,673.0,24.23,7,1,credit_card,RENT,56,0.03991766839785257,0
318,19429,36,13.42,56194.25,19,706.0,6.31,3,0,debt_consolidation,OWN,47,0.009527308891494078,0
319,8893,60,11.65,37108.47,0,695.0,15.88,4,0,debt_consolidation,OWN,74,0.011157314091448612,0
320,16373,36,11.24,18662.26,17,621.0,31.52,3,1,debt_consolidation,RENT,65,0.0575548128538804,0
321,49333,36,14.93,58939.1,10,636.0,5.92,6,0,debt_consolidation,RENT,61,0.02830399617497154,0
322,5436,36,11.59,51800.22,9,680.0,7.31,3,0,small_business,MORTGAGE,28,0.00800715799923244,0
323,10754,60,10.21,86801.24,4,807.0,27.25,4,0,credit_card,MORTGAGE,47,0.008693742598561049,0
324,12677,36,8.95,45561.91,0,635.0,15.88,5,0,home_improvement,RENT,47,0.015160878086740052,0
325,7895,60,4.93,66719.45,10,652.0,2.18,7,0,credit_card,RENT,21,0.006057392735409842,0
326,21738,36,14.6,49854.44,7,660.0,16.51,4,0,credit_card,RENT,40,0.020941880527590894,0
327,32746,60,17.85,35672.2,2,700.0,13.38,4,0,debt_consolidation,RENT,39,0.02130287880963536,0
328,34352,60,8.69,80162.95,0,738.0,11.25,7,1,debt_consolidation,OWN,19,0.017353418607374663,0
329,41790,36,6.92,44646.72,8,703.0,36.33,6,0,debt_consolidation,MORTGAGE,23,0.036509152711338734,0
330,43919,36,9.51,49146.06,1,618.0,3.71,3,0,home_improvement,RENT,41,0.019346265914639296,0
331,7600,36,13.16,30317.37,26,718.0,12.77,5,0,debt_consolidation,OWN,67,0.009128350496738083,0
332,31124,36,9.98,17785.68,1,771.0,19.48,8,1,other,RENT,49,0.01993152094787075,0
333,29643,36,9.91,71329.71,0,683.0,5.37,8,0,home_improvement,RENT,52,0.011375642412149773,0
334,42764,36,11.67,57522.12,3,664.0,27.66,6,0,debt_consolidation,RENT,34,0.041933988566161304,0
335,11007,36,12.4,82955.54,1,785.0,11.39,6,1,credit_card,OWN,29,0.009909916597620826,0
336,47714,36,13.47,72723.61,19,601.0,8.49,6,0,other,MORTGAGE,65,0.034602299564017634,0
337,39410,36,10.82,28876.3,4,688.0,23.01,4,0,debt_consolidation,RENT,57,0.02689896775908131,0
338,46080,36,10.75,60080.25,3,701.0,22.7,8,0,debt_consolidation,RENT,18,0.02906005689023626,0
339,42447,36,4.31,59113.23,30,698.0,17.9,2,0,debt_consolidation,OWN,32,0.015710976017459063,0
340,10208,60,15.74,85275.96,1,718.0,10.29,7,1,debt_consolidation,RENT,69,0.016540899172554777,0
341,20589,36,13.01,90826.26,0,609.0,14.08,5,0,debt_consolidation,OWN,26,0.02346455644379969,0
342,45484,60,18.04,16774.35,4,664.0,18.25,8,0,debt_consolidation,RENT,73,0.04260191791345159,0
343,19453,36,14.04,87465.61,6,657.0,11.13,5,0,other,RENT,44,0.016210703669173383,0
344,38212,36,11.71,84104.25,17,613.0,29.2,4,0,credit_card,RENT,20,0.05364345135908918,0
345,45525,36,6.06,39706.16,28,593.0,32.59,7,0,debt_consolidation,RENT,52,0.061751301421678076,0
346,49202,36,5.46,58861.15,17,756.0,7.12,7,0,debt_consolidation,MORTGAGE,72,0.00924705575224468,0
347,34635,60,16.19,8000.0,15,690.0,31.22,7,1,debt_consolidation,MORTGAGE,36,0.07116037231983509,0
348,35828,36,14.25,58743.06,30,624.0,16.34,7,0,credit_card,RENT,59,0.034179894486711555,0
349,20711,36,17.86,33754.62,17,624.0,6.86,4,0,credit_card,OWN,58,0.020384606626723357,0
350,5420,60,15.72,73023.02,1,678.0,21.9,4,0,credit_card,OWN,27,0.017852463990892697,0
351,33216,36,10.52,70332.34,7,735.0,15.45,8,1,debt_consolidation,MORTGAGE,56,0.022495667257259846,0
352,2301,60,4.0,57648.38,8,627.0,21.32,2,0,credit_card,RENT,25,0.012210420166342646,0
353,47236,60,14.42,64915.11,4,713.0,25.34,11,0,debt_consolidation,RENT,48,0.03773579285186181,0
354,2699,36,7.94,40253.28,1,767.0,23.37,2,2,credit_card,OWN,64,0.018961148367368136,0
355,2190,36,11.26,31788.93,14,713.0,12.19,4,1,debt_consolidation,OWN,23,0.012205355447195932,0
356,12492,36,13.65,,3,632.0,32.0,5,0,debt_consolidation,RENT,59,0.0362756007924988,0
357,37743,36,9.48,85613.06,10,673.0,15.14,4,0,credit_card,RENT,52,0.019578702622584716,0
358,8102,36,8.7,63270.07,4,662.0,24.27,4,0,major_purchase,MORTGAGE,19,0.016076967774159432,0
359,21778,60,10.77,54648.43,8,652.0,23.93,5,0,credit_card,OWN,35,0.024584676758274752,0
360,28641,60,4.0,120071.09,5,679.0,20.94,5,0,major_purchase,MORTGAGE,26,0.01531362853548865,0
361,36584,36,7.87,101839.77,6,649.0,21.45,3,0,debt_consolidation,RENT,63,0.025810612077536085,0
362,34745,36,7.81,52881.14,15,624.0,10.22,5,1,home_improvement,MORTGAGE,29,0.030774824344249874,0
363,25093,36,11.06,35734.51,24,708.0,15.21,4,0,debt_consolidation,OWN,31,0.013456568489292602,0
364,2569,36,8.21,61311.04,8,737.0,9.87,6,0,debt_consolidation,MORTGAGE,71,0.005192572185464865,0
365,40210,60,9.94,50549.05,10,742.0,25.49,3,0,debt_consolidation,MORTGAGE,50,0.02081187596142972,0
366,36663,36,10.22,36321.84,23,619.0,14.08,1,0,debt_consolidation,OWN,26,0.025418274391721372,0
367,38631,36,20.51,94299.62,1,740.0,14.72,2,1,credit_card,RENT,37,0.03615622811544743,0
368,47681,36,15.08,73109.07,1,776.0,13.64,7,0,debt_consolidation,RENT,71,0.016580964354902118,0
369,9455,60,11.52,49817.95,5,617.0,14.0,7,1,debt_consolidation,MORTGAGE,29,0.027735896559593916,0
370,6014,36,13.8,49472.79,4,626.0,16.85,3,0,debt_consolidation,RENT,19,0.018133042349606603,0
371,13093,60,15.68,60321.08,30,605.0,15.08,4,1,debt_consolidation,RENT,66,0.03950809373452464,0
372,20070,36,13.15,47849.4,9,614.0,,6,0,debt_consolidation,MORTGAGE,49,0.02377403644773553,0
373,37777,60,7.86,45688.02,8,766.0,16.45,4,0,debt_consolidation,OWN,48,0.010992811944392942,0
374,18538,36,11.45,111344.44,9,626.0,7.26,7,0,debt_consolidation,RENT,38,0.014740009860511726,1
375,12729,36,8.1,37201.36,23,723.0,24.27,7,0,debt_consolidation,RENT,20,0.012277663335470798,0
376,36177,60,10.68,8000.0,3,587.0,20.24,5,0,credit_card,RENT,33,0.04090020718616926,0
377,47017,36,11.36,76358.02,8,598.0,23.85,4,0,debt_consolidation,MORTGAGE,26,0.0554273211389915,0
378,2784,36,16.21,87910.62,3,632.0,18.36,8,1,credit_card,RENT,25,0.033523185672034356,0
379,29751,36,8.82,63853.72,18,715.0,21.76,4,0,other,OWN,63,0.016405775517079512,0
380,42864,60,8.5,19721.86,18,668.0,8.52,7,0,credit_card,RENT,19,0.016874718583055587,0
381,42328,60,9.13,56602.32,28,676.0,14.37,5,0,debt_consolidation,RENT,73,0.020269901956450922,0
382,14533,36,9.56,47282.23,7,633.0,22.69,8,0,debt_consolidation,RENT,28,0.022058755351633253,0
383,42111,36,10.73,93428.21,1,647.0,14.33,6,0,debt_consolidation,OWN,68,0.02608204292773847,0
384,41974,60,13.32,38872.27,25,611.0,28.62,4,0,home_improvement,OWN,45,0.0614726290802522,0
385,7801,36,8.86,65761.76,24,721.0,29.68,5,0,credit_card,RENT,26,0.014206041974116453,0
386,21190,60,12.46,74949.92,3,701.0,20.2,6,1,debt_consolidation,MORTGAGE,28,0.02816242620284227,0
387,40754,36,12.51,38560.17,3,662.0,18.52,5,2,debt_consolidation,OWN,47,0.07651837459314895,1
388,31592,60,14.21,45125.85,4,660.0,34.33,8,0,debt_consolidation,MORTGAGE,48,0.05144336518799174,0
389,12647,60,11.16,70832.09,7,696.0,0.0,3,0,other,RENT,38,0.006150453589201813,0
390,10716,60,15.33,8000.0,21,737.0,20.83,8,0,debt_consolidation,OWN,60,0.013680889658043387,0
391,25355,36,13.48,94049.0,1,642.0,26.18,5,0,other,RENT,25,0.03476702892559295,0
392,24009,36,13.3,34715.39,13,721.0,4.22,8,0,other,RENT,71,0.009175323052372751,0
393,26376,36,9.8,61106.02,5,642.0,11.21,3,0,credit_card,RENT,59,0.016205282269285852,0
394,47091,36,13.1,26183.84,2,,25.65,10,1,debt_consolidation,RENT,63,,0
395,6780,36,13.41,92959.21,5,668.0,16.78,7,0,credit_card,RENT,49,0.014619090982393378,0
396,4368,36,9.61,60012.92,8,,22.02,4,0,credit_card,RENT,58,,0
397,14039,60,16.78,65347.46,26,651.0,2.23,3,1,credit_card,MORTGAGE,32,0.019512014271829296,0
398,8655,36,22.49,73984.52,10,556.0,6.28,6,0,home_improvement,MORTGAGE,57,0.029967968457475767,0
399,42941,36,9.37,,10,622.0,13.99,3,0,debt_consolidation,RENT,56,0.027516159730869356,0
400,6495,36,10.12,32032.29,0,797.0,27.98,1,0,small_business,RENT,28,0.008434956399772884,0
401,12893,36,10.22,53262.65,0,581.0,23.6,5,0,home_improvement,MORTGAGE,54,0.030086217704291048,0
402,27547,36,6.76,91563.35,1,567.0,10.34,7,0,debt_consolidation,RENT,36,0.02232522213483425,0
403,24386,36,8.49,49022.11,0,729.0,11.24,4,0,debt_consolidation,RENT,48,0.00881732775570248,0
404,15403,60,15.43,94172.8,9,721.0,22.9,7,0,home_improvement,OWN,22,0.017802736256455745,0
405,34097,36,11.67,65152.0,7,,18.85,4,1,credit_card,MORTGAGE,61,,0
406,15121,36,19.68,49400.68,0,712.0,21.23,6,0,debt_consolidation,MORTGAGE,34,0.021323737859228135,0
407,12966,36,10.85,77334.29,5,654.0,14.53,5,1,debt_consolidation,RENT,41,0.02318073725046513,0
408,35621,60,13.67,56157.62,1,622.0,13.66,5,0,debt_consolidation,MORTGAGE,24,0.029607296620836793,0
409,30312,36,8.38,81254.56,30,,17.64,4,0,credit_card,MORTGAGE,52,,0
410,24677,60,11.56,48024.87,7,640.0,11.94,8,0,credit_card,MORTGAGE,27,0.01869072983117774,0
411,33289,36,12.35,81418.03,6,599.0,11.92,3,0,debt_consolidation,RENT,56,0.02781637027195349,0
412,33024,60,4.0,70937.88,10,579.0,3.53,4,0,credit_card,MORTGAGE,55,0.015033597525248167,0
413,44675,36,8.7,51534.92,5,759.0,13.8,2,1,credit_card,RENT,46,0.019772356657860403,0
414,6777,36,14.54,14423.65,14,690.0,8.46,3,0,other,MORTGAGE,64,0.009386425254071414,0
415,31749,36,14.33,71962.45,25,730.0,12.65,12,0,small_business,MORTGAGE,59,0.015481300736910182,0
416,17338,36,7.01,86876.98,8,792.0,16.8,2,0,debt_consolidation,OWN,31,0.00598354832574329,0
417,4491,36,10.56,64805.35,5,649.0,24.25,4,0,debt_consolidation,MORTGAGE,47,0.017702645079527794,0
418,29236,60,4.0,8000.0,8,807.0,15.9,10,0,credit_card,RENT,23,0.006235261364568355,0
419,16599,36,11.99,88491.79,10,673.0,18.64,6,0,credit_card,OWN,64,0.017108555855882484,0
420,21508,60,17.04,69950.72,22,684.0,14.79,5,1,debt_consolidation,OWN,32,0.03136364023712256,0
421,5051,60,17.21,75444.12,6,764.0,19.16,6,0,credit_card,MORTGAGE,18,0.010497345832690932,0
422,23606,36,17.07,58010.75,0,682.0,17.14,6,1,credit_card,RENT,23,0.036587324354465676,0
423,23699,60,14.11,11701.22,10,730.0,1.69,4,2,credit_card,RENT,36,0.020981283128549088,0
424,2876,36,16.63,74512.76,30,651.0,16.39,6,1,debt_consolidation,OWN,39,0.027885140969204393,0
425,34093,36,11.24,54512.74,22,704.0,17.09,5,1,major_purchase,MORTGAGE,22,0.029410838706517863,0
426,6142,60,9.91,41725.44,17,764.0,20.27,7,1,debt_consolidation,RENT,50,0.01293422218702189,0
427,17202,36,16.56,103576.27,2,716.0,11.53,6,0,home_improvement,RENT,65,0.01270767536662379,0
428,41734,36,13.15,74716.02,16,,14.84,6,0,major_purchase,MORTGAGE,65,,0
429,9079,36,4.82,65474.67,0,685.0,23.71,6,0,home_improvement,OWN,32,0.011785614336931278,0
430,9987,36,16.87,38430.86,8,656.0,11.91,8,0,credit_card,RENT,70,0.016522689660872572,0
431,41567,60,11.12,35300.28,5,675.0,13.18,3,0,debt_consolidation,OWN,48,0.020725239507047317,0
432,30940,36,9.33,72547.31,25,770.0,29.05,7,0,debt_consolidation,RENT,62,0.017078649351171468,0
433,39233,36,15.92,10123.28,1,,10.11,7,0,credit_card,OWN,53,,0
434,19019,36,15.38,73770.43,18,732.0,3.44,4,1,credit_card,OWN,33,0.01318998114812934,0
435,48185,36,8.17,75311.48,0,710.0,24.78,10,1,debt_consolidation,MORTGAGE,32,0.045364488367139515,0
436,20077,36,11.37,94376.33,14,758.0,5.48,4,0,debt_consolidation,MORTGAGE,64,0.006250895694749,0
437,28258,36,8.37,84547.12,4,617.0,16.22,8,0,debt_consolidation,RENT,43,0.023213366131026533,0
438,23136,36,8.47,88501.03,29,692.0,20.66,4,0,home_improvement,OWN,36,0.015529232338528043,0
439,10311,36,4.0,45063.38,12,791.0,24.71,2,0,major_purchase,MORTGAGE,25,0.0061729889807078915,0
440,19214,60,7.94,23358.99,4,641.0,22.5,6,1,credit_card,RENT,49,0.033740941287035676,0
441,16098,36,11.32,64390.34,3,811.0,9.92,7,1,home_improvement,MORTGAGE,20,0.008482427502677633,0
442,30251,60,4.0,71088.09,10,629.0,30.27,2,1,debt_consolidation,OWN,58,0.047962726904555324,0
443,39945,60,6.51,85283.76,3,664.0,15.17,1,0,debt_consolidation,OWN,21,0.018113823779197482,0
444,49030,60,14.43,97168.29,2,728.0,11.12,6,0,home_improvement,RENT,42,0.019625594286984474,0
445,27945,60,6.35,30892.21,10,689.0,25.38,6,2,credit_card,MORTGAGE,37,0.05057495943209488,0
446,27316,36,11.37,81422.32,15,559.0,10.34,6,0,debt_consolidation,MORTGAGE,21,0.028872168655032466,0
447,34217,36,5.39,8000.0,3,705.0,20.86,5,1,home_improvement,OWN,54,0.025536954439250706,0
448,10308,36,13.64,66880.86,8,688.0,14.95,9,0,credit_card,MORTGAGE,21,0.013362637391246546,0
449,7949,36,10.7,77497.45,11,648.0,15.0,8,1,home_improvement,MORTGAGE,48,0.022664725220643025,0
450,3150,60,8.33,21835.32,27,665.0,37.26,4,0,home_improvement,MORTGAGE,19,0.023428379615565455,0
451,25944,36,4.0,75598.5,19,556.0,18.97,8,1,debt_consolidation,MORTGAGE,33,0.046162743993865066,0
452,36699,60,8.42,33377.47,6,647.0,0.0,3,0,debt_consolidation,OWN,25,0.011577805298888803,0
453,11204,36,14.66,50152.24,22,724.0,5.44,4,0,small_business,MORTGAGE,28,0.00754482462583691,0
454,3081,60,18.2,81491.95,7,690.0,19.92,10,0,credit_card,OWN,56,0.017608987218426842,0
455,31305,36,11.12,52058.0,1,741.0,6.49,4,0,other,RENT,57,0.008886462896866992,0
456,18896,36,11.6,51673.14,5,792.0,12.89,2,1,debt_consolidation,RENT,68,0.010895178084489532,0
457,48175,36,9.29,67985.28,19,631.0,24.41,4,0,home_improvement,RENT,49,0.04345507957562235,0
458,9805,60,16.92,79953.72,28,627.0,16.55,2,0,credit_card,MORTGAGE,38,0.022141744679492623,0
459,7237,36,11.04,59973.5,30,737.0,23.66,5,0,debt_consolidation,MORTGAGE,21,0.01121904550130526,0
460,22056,60,15.57,99538.86,10,671.0,27.83,8,1,debt_consolidation,RENT,33,0.05400401138323745,0
461,47543,60,12.99,51609.47,7,669.0,23.51,3,0,other,OWN,38,0.03942090754478188,0
462,47952,60,12.49,90816.27,1,842.0,10.46,4,0,major_purchase,OWN,73,0.008492357622496,0
463,5343,36,7.92,73242.17,0,755.0,24.54,8,0,other,MORTGAGE,30,0.00887554825291815,0
464,15500,60,19.13,,8,690.0,24.33,8,0,debt_consolidation,MORTGAGE,27,0.027376821618025682,0
465,31375,60,17.86,30982.74,15,711.0,17.5,5,0,major_purchase,OWN,31,0.023078609406792797,0
466,11662,36,21.1,90406.88,4,693.0,10.67,3,0,home_improvement,MORTGAGE,22,0.015322980400692755,0
467,18964,36,7.6,63001.82,12,601.0,18.19,3,0,credit_card,RENT,59,0.021059481438345705,0
468,49893,36,13.06,117807.08,9,,19.12,5,1,credit_card,OWN,48,,0
469,10130,36,8.83,66428.66,27,672.0,8.55,7,2,credit_card,OWN,74,0.02352466606175814,0
470,21531,36,13.77,59495.71,2,641.0,24.91,8,0,debt_consolidation,RENT,31,0.032280466881245064,0
471,3679,60,13.17,47148.9,9,657.0,14.85,3,1,major_purchase,OWN,35,0.021125553780048753,0
472,5506,36,10.34,60120.76,6,605.0,17.73,2,0,other,OWN,70,0.01757269628259462,0
473,15284,36,11.09,95281.69,3,588.0,20.93,4,2,small_business,RENT,67,0.07305917495680554,0
474,9253,60,20.36,,5,638.0,19.51,6,0,other,MORTGAGE,60,0.02834527969710273,0
475,21128,36,11.46,,4,630.0,17.07,8,0,home_improvement,RENT,36,0.022496546858548756,0
476,29932,60,4.0,81394.81,8,795.0,10.1,3,1,debt_consolidation,MORTGAGE,67,0.00826554266498504,0
477,11435,36,9.86,48940.36,9,764.0,29.81,4,0,debt_consolidation,RENT,72,0.012371636538497838,0
478,46078,36,7.62,47024.37,23,653.0,29.01,4,0,small_business,RENT,46,0.04050273353505469,0
479,15296,36,8.32,44324.19,18,712.0,26.62,1,1,debt_consolidation,OWN,20,0.023538912448706064,0
480,32445,36,14.84,84701.68,4,680.0,18.01,3,0,debt_consolidation,RENT,60,0.024394514442146187,0
481,15245,36,15.56,87201.58,27,648.0,22.37,5,0,major_purchase,RENT,69,0.02633162705048206,0
482,31124,60,8.63,40030.16,23,624.0,9.36,6,0,home_improvement,RENT,33,0.017887213985666398,0
483,31899,36,9.8,43118.47,10,661.0,17.75,4,0,credit_card,RENT,45,0.021082170967334002,0
484,45919,60,9.21,56604.64,0,651.0,4.22,5,0,debt_consolidation,RENT,55,0.01698456218679687,0
485,45225,36,18.07,34424.87,2,671.0,13.24,3,0,other,OWN,42,0.03203397283550469,0
486,37247,36,15.68,65885.18,18,803.0,22.34,1,0,major_purchase,RENT,35,0.015743483762740446,0
487,31222,36,14.71,95897.54,7,674.0,25.99,6,0,credit_card,RENT,55,0.03440774381871728,0
488,28211,36,7.87,69199.64,1,605.0,10.48,7,0,credit_card,OWN,24,0.019207124938438673,0
489,39220,60,5.16,85678.56,6,668.0,11.57,6,2,credit_card,OWN,51,0.03943757235753828,0
490,28646,60,16.92,,2,750.0,21.06,7,0,credit_card,RENT,27,0.01948028163873576,0
491,40649,60,19.68,47416.71,24,802.0,3.49,6,0,debt_consolidation,OWN,57,0.01029834842880449,0
492,25049,36,4.97,12583.21,24,599.0,29.48,4,1,other,OWN,41,0.05338715565889072,0
493,16069,36,20.97,58440.67,6,683.0,10.75,7,0,credit_card,OWN,54,0.018376773455751835,0
494,34580,36,11.58,114550.61,1,702.0,16.6,5,0,home_improvement,RENT,27,0.01838976608933977,1
495,33843,60,12.67,104267.77,5,740.0,23.19,7,1,debt_consolidation,RENT,47,0.03286149847127903,0
496,4849,36,6.73,69659.4,1,670.0,16.17,8,0,debt_consolidation,RENT,22,0.009856487762715652,0
497,42158,36,4.9,62019.07,4,680.0,14.91,5,1,home_improvement,RENT,56,0.026715305319913788,0
498,25289,36,4.0,72010.41,17,655.0,21.63,7,0,other,OWN,49,0.017309818671863958,0
499,46690,36,16.12,30532.46,4,602.0,13.75,5,2,home_improvement,RENT,44,0.11689169773288244,0
500,37257,36,11.67,66098.28,9,737.0,20.13,3,1,credit_card,MORTGAGE,65,0.02908094369002807,0
501,11823,36,13.84,8000.0,0,623.0,17.65,8,0,debt_consolidation,MORTGAGE,46,0.022454802884349017,0
502,43975,60,16.53,8000.0,5,586.0,8.09,2,0,debt_consolidation,RENT,20,0.03855320473126723,0
503,11540,60,11.62,51340.18,0,652.0,27.82,4,0,debt_consolidation,OWN,66,0.02418831398003751,0
504,18364,36,18.76,119345.06,9,579.0,14.9,2,1,debt_consolidation,OWN,59,0.05717736908413403,0
505,6611,36,8.7,101656.98,5,656.0,21.54,2,0,debt_consolidation,OWN,69,0.014242499000045022,0
506,29663,36,10.33,88623.47,23,652.0,11.28,4,0,debt_consolidation,OWN,64,0.016939208444407217,0
507,40646,60,8.39,60432.76,6,675.0,2.49,7,0,debt_consolidation,MORTGAGE,61,0.012152661149755408,0
508,32977,60,15.34,98981.53,9,651.0,26.46,3,0,credit_card,RENT,48,0.04144498788797661,0
509,31168,60,16.45,47196.73,29,683.0,17.89,7,1,small_business,RENT,46,0.04243012864265775,0
510,27471,60,10.19,30408.99,10,793.0,19.28,7,0,debt_consolidation,RENT,30,0.009874461148032572,0
511,24687,36,6.43,45739.63,8,530.0,18.29,5,0,debt_consolidation,OWN,35,0.03445096097695658,0
512,2851,60,16.92,19835.82,0,772.0,34.83,5,0,major_purchase,RENT,27,0.0173650179625119,0
513,20071,36,8.48,116658.95,20,594.0,24.08,5,0,small_business,MORTGAGE,29,0.030020920940069428,0
514,8833,36,10.39,73576.15,10,707.0,23.04,8,0,credit_card,RENT,28,0.013463207848949598,0
515,13938,60,7.71,38232.68,0,756.0,13.26,6,0,debt_consolidation,MORTGAGE,48,0.006487689466948282,0
516,37195,36,13.15,58019.82,3,668.0,16.51,8,0,credit_card,MORTGAGE,65,0.02618078323517012,0
517,28144,36,8.92,57241.83,8,692.0,17.97,8,1,home_improvement,MORTGAGE,69,0.026744442551413717,0
518,6000,36,14.81,95870.11,0,724.0,22.8,6,0,debt_consolidation,RENT,54,0.01390505774207203,0
519,7052,36,9.76,115955.55,14,743.0,15.65,6,0,home_improvement,OWN,51,0.007443372700951653,0
520,37506,60,14.15,87130.52,2,610.0,15.15,3,1,debt_consolidation,RENT,29,0.056445423089821645,0
521,30074,36,8.3,78557.35,7,705.0,24.36,5,0,debt_consolidation,RENT,33,0.01909367195337556,0
522,40155,36,16.91,67985.58,3,,30.66,8,0,debt_consolidation,MORTGAGE,73,,0
523,42770,36,10.0,62896.02,7,710.0,0.57,6,0,debt_consolidation,MORTGAGE,34,0.010233524352505796,0
524,34320,36,12.36,62302.46,2,709.0,24.81,7,0,small_business,RENT,19,0.025650675054493293,0
525,40304,36,7.25,62847.3,9,676.0,15.8,5,1,debt_consolidation,RENT,52,0.03060763380529369,0
526,48247,36,11.94,55053.14,25,681.0,22.76,5,0,debt_consolidation,RENT,21,0.03510553236862521,0
527,5913,36,7.4,48786.89,20,712.0,16.75,3,0,debt_consolidation,OWN,20,0.00789389802565161,0
528,19450,60,11.82,33497.21,3,653.0,14.92,7,0,small_business,MORTGAGE,54,0.01761556200966271,0
529,26107,60,8.15,54131.05,8,725.0,18.67,3,0,major_purchase,MORTGAGE,25,0.012205837711995545,0
530,22764,36,11.38,27216.76,6,636.0,6.56,8,0,home_improvement,OWN,72,0.014783932876406083,0
531,45404,36,13.86,45917.38,29,799.0,9.69,6,0,debt_consolidation,RENT,30,0.01103791314281321,0
532,22491,36,6.51,57250.0,19,709.0,14.21,3,0,credit_card,OWN,21,0.009657844579912766,0
533,40494,60,11.83,66501.08,0,695.0,,3,0,credit_card,OWN,54,0.020062822293382018,0
534,5373,36,13.63,66066.28,1,646.0,27.77,6,1,debt_consolidation,RENT,36,0.040456124526168855,0
535,14161,60,13.62,72360.5,14,673.0,24.23,5,0,small_business,OWN,67,0.02178346192508363,0
536,33996,60,19.67,70223.43,1,706.0,16.22,6,1,home_improvement,RENT,61,0.04254240865240319,0
537,29122,60,9.02,104837.56,28,754.0,8.87,6,0,home_improvement,OWN,28,0.007956640124850898,0
538,36850,60,11.99,101446.48,30,611.0,18.2,5,0,debt_consolidation,OWN,24,0.035519766286103156,0
539,29350,36,18.99,50387.46,18,599.0,21.61,3,1,debt_consolidation,MORTGAGE,63,0.08217919516627996,0
540,29472,36,6.51,82974.81,0,652.0,14.09,4,1,debt_consolidation,MORTGAGE,44,0.02549468435266532,0
541,30761,60,4.0,55612.93,7,656.0,15.78,5,0,home_improvement,OWN,63,0.014926472076764436,0
542,27351,36,14.14,18211.99,6,653.0,27.34,6,0,debt_consolidation,MORTGAGE,67,0.03695568273185482,0
543,25132,36,16.17,76624.78,19,709.0,19.26,6,0,debt_consolidation,MORTGAGE,26,0.020583645195600585,0
544,17305,36,4.0,,4,694.0,18.06,7,0,home_improvement,OWN,33,0.01019611562735119,0
545,11817,36,10.72,43022.18,6,666.0,17.59,9,2,small_business,OWN,52,0.03992303413819997,0
546,13261,60,7.93,45418.11,0,762.0,28.41,1,0,debt_consolidation,OWN,25,0.010837138562373626,0
547,2417,36,13.24,41135.73,5,818.0,2.89,8,0,debt_consolidation,RENT,70,0.0031661745149597553,0
548,43576,36,11.86,105811.62,29,713.0,21.32,5,1,credit_card,MORTGAGE,48,0.040672512866190814,0
549,22358,60,17.24,29869.77,27,707.0,2.98,4,2,debt_consolidation,MORTGAGE,70,0.02864703392949271,0
550,5267,60,6.62,56157.0,16,685.0,14.12,6,0,home_improvement,OWN,56,0.008171805705611402,0
551,19209,36,13.54,,25,613.0,4.35,9,0,debt_consolidation,MORTGAGE,57,0.016257337430836294,0
552,26052,36,14.49,41709.13,2,739.0,,5,0,credit_card,RENT,19,0.013540193803510476,0
553,40513,36,12.2,,10,666.0,1.17,8,0,credit_card,OWN,54,0.014789468736971024,0
554,28092,36,4.0,72914.0,8,677.0,5.67,6,0,major_purchase,RENT,51,0.008464615860423403,0
555,13338,36,13.66,21906.73,6,688.0,17.51,2,0,debt_consolidation,RENT,74,0.014660347593502866,0
556,2412,36,9.08,95773.97,4,608.0,18.12,5,1,debt_consolidation,OWN,35,0.026059698690226847,0
557,9543,60,5.03,27141.17,23,,30.53,6,0,debt_consolidation,RENT,73,,0
558,42355,36,13.48,34025.44,7,730.0,31.29,1,0,debt_consolidation,MORTGAGE,27,0.03398369047568349,0
559,35496,36,15.07,76862.34,15,631.0,6.62,6,0,credit_card,MORTGAGE,67,0.023027260414140587,0
560,25548,36,9.54,106961.13,14,617.0,13.16,5,0,debt_consolidation,OWN,65,0.020082098457506043,0
561,29384,36,15.34,49084.18,1,633.0,14.4,4,0,debt_consolidation,MORTGAGE,30,0.027190516643092553,0
562,46425,60,15.38,74858.67,0,632.0,25.87,6,0,credit_card,RENT,50,0.06010359528358798,0
563,40756,36,11.93,33885.39,21,613.0,14.99,6,1,debt_consolidation,MORTGAGE,66,0.05433190670007823,0
564,20888,36,14.39,47230.37,7,699.0,2.63,4,0,major_purchase,RENT,25,0.009363393454882995,0
565,37735,36,15.91,57284.35,20,698.0,24.33,5,0,debt_consolidation,RENT,27,0.03342030833280203,0
566,49295,60,14.1,39308.32,4,605.0,13.75,4,0,debt_consolidation,OWN,63,0.043144394327985294,0
567,19506,36,4.0,88509.51,23,803.0,30.44,3,1,small_business,OTHER,28,0.014339697985381985,0
568,22463,36,4.0,80051.18,21,620.0,21.18,7,0,credit_card,MORTGAGE,68,0.019771581416329384,0
569,19955,36,16.26,46710.02,5,559.0,24.43,1,0,credit_card,RENT,35,0.05192171374582959,0
570,39841,60,9.25,8000.0,6,718.0,23.47,4,0,major_purchase,OWN,60,0.021459809487230863,0
571,7104,36,10.02,41852.84,5,679.0,9.9,6,0,credit_card,MORTGAGE,36,0.008793413499424937,0
572,36911,36,19.56,91475.29,0,657.0,1.25,2,0,major_purchase,OWN,59,0.019728215391994538,0
573,25190,36,9.07,56879.23,13,688.0,31.06,2,0,small_business,MORTGAGE,70,0.02512857366962777,0
574,9357,36,11.45,85587.81,3,677.0,23.36,3,0,other,OWN,57,0.016496710258517764,0
575,34479,60,12.05,101291.05,24,722.0,9.49,1,1,other,RENT,67,0.01983408375638355,0
576,46811,60,11.15,75170.99,25,668.0,0.0,3,0,home_improvement,OTHER,49,0.014283271393052636,0
577,38208,36,17.38,88255.69,15,650.0,29.37,6,1,debt_consolidation,OWN,37,0.09262136357772564,0
578,22150,36,10.5,45770.13,2,693.0,19.66,2,0,credit_card,OWN,68,0.015772331603423655,0
579,7644,36,14.88,89080.82,0,728.0,27.66,6,0,debt_consolidation,OWN,56,0.01704477273181427,0
580,45286,36,12.28,54710.83,20,674.0,21.51,6,0,debt_consolidation,RENT,19,0.03376833810733907,0
581,49320,36,15.87,40831.94,24,677.0,12.82,3,0,debt_consolidation,MORTGAGE,56,0.02961821624032984,0
582,4914,36,6.51,112864.94,5,,13.01,5,1,debt_consolidation,OWN,22,,0
583,23352,36,4.0,59498.67,5,683.0,17.3,2,0,home_improvement,RENT,48,0.011329401070352834,0
584,48352,36,12.12,42186.03,6,592.0,17.41,6,0,debt_consolidation,MORTGAGE,66,0.04868102928979942,0
585,46912,60,8.61,70626.54,21,685.0,9.51,4,0,debt_consolidation,RENT,54,0.016776456484039227,0
586,16397,60,17.86,32855.67,14,680.0,16.95,4,1,credit_card,RENT,29,0.032576033024973784,0
587,43555,60,11.67,28609.13,0,695.0,24.47,9,0,debt_consolidation,RENT,24,0.0324018922265315,0
588,48959,36,12.88,54754.65,10,694.0,18.05,4,0,debt_consolidation,RENT,48,0.02850324467253217,0
589,2728,60,10.77,23997.55,0,681.0,22.95,2,0,debt_consolidation,MORTGAGE,31,0.013321828347793222,0
590,2698,36,9.39,48138.73,14,700.0,20.54,1,0,debt_consolidation,OWN,61,0.010001780673252258,0
591,41954,36,12.23,27206.15,17,607.0,27.4,6,1,debt_consolidation,RENT,37,0.09233769030334799,0
592,49280,60,16.06,84508.03,20,816.0,21.81,2,0,small_business,OWN,66,0.01861494760472507,0
593,15923,36,10.75,102114.02,10,684.0,10.43,7,0,debt_consolidation,OWN,71,0.0108697749421042,0
594,18779,36,10.47,25259.29,2,616.0,6.35,6,0,other,MORTGAGE,67,0.014302431839996698,0
595,9400,36,15.22,113289.73,19,592.0,32.73,3,0,debt_consolidation,MORTGAGE,73,0.04680631457312701,0
596,26466,36,5.26,79012.5,25,708.0,10.34,5,1,debt_consolidation,RENT,49,0.014173868207094717,0
597,38939,36,16.75,66075.23,10,656.0,15.89,6,0,other,OWN,25,0.033114142299848666,0
598,6360,36,8.77,21930.53,3,698.0,17.53,5,0,debt_consolidation,MORTGAGE,44,0.009746043733254465,0
599,37270,60,15.78,18964.42,2,807.0,13.04,3,0,debt_consolidation,OWN,70,0.010921936181294188,0
600,19101,36,13.18,59098.65,3,682.0,26.82,5,0,debt_consolidation,MORTGAGE,52,0.02464614102289636,0
601,34307,36,4.0,,0,745.0,18.25,6,0,home_improvement,RENT,47,0.010520430385569102,0
602,7486,36,12.05,52630.87,0,621.0,5.53,7,1,major_purchase,OWN,44,0.019216546308751286,0
603,10335,36,17.26,61217.49,4,696.0,20.39,6,0,debt_consolidation,RENT,70,0.018330290446217277,0
604,23364,60,10.79,42139.17,26,629.0,,4,0,debt_consolidation,MORTGAGE,38,0.02028818033274258,0
605,39259,36,11.15,54402.42,10,611.0,22.22,7,1,other,MORTGAGE,44,0.0682097639317972,0
606,25576,36,8.93,59889.45,6,691.0,33.42,4,1,credit_card,MORTGAGE,64,0.04473724767541912,0
607,33667,36,16.78,,0,769.0,,3,0,small_business,OWN,41,0.014462045113244415,0
608,13130,60,10.15,8000.0,30,738.0,7.73,5,0,credit_card,RENT,68,0.006376747132835139,0
609,23972,60,19.17,69383.65,7,843.0,41.37,4,0,major_purchase,MORTGAGE,45,0.024716431568134124,0
610,42419,36,16.62,62109.95,30,677.0,8.78,6,0,credit_card,OWN,61,0.023627797261651463,0
611,3167,36,17.33,60511.09,15,700.0,33.11,9,0,debt_consolidation,RENT,49,0.026448275454199324,0
612,29192,36,12.32,69161.08,0,720.0,34.35,8,0,home_improvement,OWN,70,0.0317942241578888,0
613,3062,36,10.05,109573.96,22,687.0,15.25,5,0,debt_consolidation,MORTGAGE,22,0.00948738105886656,0
614,20540,36,13.91,68633.08,8,733.0,27.48,5,0,debt_consolidation,RENT,32,0.019986682188508995,0
615,26244,60,18.21,22633.51,7,648.0,9.54,3,0,major_purchase,MORTGAGE,29,0.022074292657622053,0
616,23545,36,19.09,68982.09,17,638.0,22.42,8,0,other,MORTGAGE,35,0.040086636870498314,0
617,23689,60,4.57,56006.12,18,649.0,25.7,3,0,home_improvement,MORTGAGE,30,0.020159384681919496,0
618,13174,36,22.82,44587.68,19,620.0,9.68,3,0,debt_consolidation,RENT,59,0.02537421713038731,0
619,24925,36,13.01,64675.62,17,579.0,28.23,6,0,debt_consolidation,RENT,26,0.052860000418182264,0
620,39497,36,15.12,57051.46,10,671.0,25.55,7,0,debt_consolidation,MORTGAGE,53,0.041564333881178035,0
621,11348,36,8.42,54322.2,12,546.0,31.92,6,0,major_purchase,RENT,48,0.04559717795519551,0
622,25714,36,8.14,57448.21,22,656.0,19.82,5,0,credit_card,MORTGAGE,20,0.01941849130031037,0
623,40102,36,6.24,30625.89,13,556.0,0.0,6,0,debt_consolidation,RENT,58,0.019609054350926323,0
624,10924,36,18.81,77921.5,0,776.0,19.91,1,0,debt_consolidation,RENT,49,0.01165127476870865,0
625,39098,36,9.25,56556.63,10,656.0,16.95,6,0,credit_card,MORTGAGE,46,0.02404381270193977,0
626,26394,36,11.63,66613.56,1,511.0,27.08,5,0,credit_card,OWN,34,0.07086877864606496,0
627,8801,36,10.79,38362.22,0,682.0,7.97,0,1,home_improvement,OWN,66,0.013285860794133339,0
628,39614,36,7.92,32014.96,2,696.0,37.49,4,0,home_improvement,RENT,25,0.0392365318482709,0
629,8731,36,11.2,50708.28,1,644.0,19.75,4,0,debt_consolidation,RENT,63,0.017134471536915583,0
630,25625,36,12.35,59276.09,0,777.0,30.12,6,0,major_purchase,OWN,38,0.01768491675572953,0
631,19337,36,17.0,49725.61,2,715.0,4.54,7,2,debt_consolidation,OWN,47,0.027877551855708217,0
632,37307,60,7.76,62146.37,9,,16.38,9,1,credit_card,MORTGAGE,47,,0
633,9056,60,9.67,8000.0,1,712.0,33.12,5,0,debt_consolidation,OWN,74,0.018296491795281578,0
634,13516,36,14.2,110093.52,3,773.0,11.52,8,1,debt_consolidation,MORTGAGE,62,0.012531736640268246,0
635,46261,36,12.18,40845.69,22,607.0,7.46,2,2,credit_card,RENT,20,0.07314319412591466,0
636,3542,36,12.26,31031.68,24,631.0,18.26,6,2,credit_card,MORTGAGE,28,0.044712467440113646,0
637,23677,60,8.12,88587.15,4,682.0,26.12,6,0,credit_card,RENT,61,0.020680636006468165,0
638,48732,36,15.11,30928.36,25,580.0,15.15,4,0,credit_card,MORTGAGE,37,0.05448213154435876,0
639,41081,36,17.65,65049.11,9,697.0,16.92,3,2,home_improvement,OWN,71,0.07439354309862826,0
640,29569,60,17.28,30925.11,2,779.0,18.81,2,0,home_improvement,OWN,73,0.014829153501126147,0
641,25322,36,11.23,52402.78,16,672.0,15.6,3,0,home_improvement,MORTGAGE,69,0.01695553539850211,0
642,21065,36,4.0,52714.63,26,585.0,22.66,4,0,debt_consolidation,OWN,58,0.024308983060034154,0
643,19924,36,12.93,41241.13,11,728.0,7.4,6,0,home_improvement,OTHER,21,0.008862538487739,0
644,24556,36,12.4,81876.75,2,779.0,8.27,5,0,home_improvement,MORTGAGE,25,0.00715985457236311,0
645,28962,60,7.93,95427.02,0,517.0,20.96,5,0,credit_card,RENT,52,0.04797734095557562,0
646,30295,60,8.71,40866.16,3,712.0,13.49,5,0,debt_consolidation,OWN,29,0.012236741836145867,0
647,15807,36,8.02,63268.11,5,719.0,26.54,2,0,debt_consolidation,MORTGAGE,37,0.01385359584175183,0
648,44348,36,13.1,26998.67,5,709.0,14.7,9,0,small_business,RENT,22,0.022225473759564896,0
649,28432,36,8.71,62644.35,8,694.0,22.19,2,0,credit_card,OWN,65,0.017946335700095118,0
650,19749,36,12.66,80526.26,8,687.0,22.61,3,1,credit_card,OWN,69,0.031996164912586514,0
651,43459,36,21.51,62815.98,7,664.0,14.45,9,0,home_improvement,RENT,32,0.042236342352594915,0
652,28256,36,11.26,45836.37,5,769.0,17.62,8,0,credit_card,MORTGAGE,71,0.011531435648849826,0
653,42262,36,7.36,53599.12,0,685.0,18.64,2,0,debt_consolidation,MORTGAGE,66,0.020210014486275636,0
654,39080,36,6.19,47959.28,6,825.0,10.02,8,1,debt_consolidation,RENT,28,0.009678717647773826,0
655,3324,36,13.32,54728.5,30,737.0,26.52,1,0,credit_card,RENT,47,0.012508987617552078,0
656,27731,36,20.01,43680.9,11,687.0,14.37,7,1,debt_consolidation,RENT,74,0.04023002650537517,0
657,37909,36,8.39,64325.52,7,625.0,10.79,6,0,other,OWN,43,0.021233354152665324,0
658,25803,36,4.0,30004.01,0,714.0,19.13,4,1,major_purchase,RENT,20,0.017762563490592156,0
659,21870,36,18.83,8000.0,2,630.0,28.57,3,0,debt_consolidation,OWN,53,0.04841589066664549,0
660,36578,36,22.07,86637.32,9,641.0,17.3,7,0,home_improvement,RENT,27,0.04747378341630608,0
661,8588,36,15.03,58543.47,8,658.0,16.74,9,1,credit_card,OTHER,49,0.028884508182045184,0
662,40069,36,13.72,62959.11,0,603.0,19.37,5,0,major_purchase,OWN,27,0.044966871484820675,0
663,28790,36,12.27,41271.77,0,786.0,16.13,4,0,other,OWN,23,0.010035900154188745,0
664,27289,36,14.72,49240.46,5,608.0,11.37,5,0,credit_card,RENT,43,0.026302927413722168,0
665,30178,36,14.54,33350.91,1,696.0,19.06,3,1,home_improvement,OTHER,31,0.03546704651371911,0
666,30710,60,13.13,,28,,15.97,3,0,major_purchase,MORTGAGE,74,,0
667,17485,36,8.19,47453.13,0,594.0,6.97,4,0,credit_card,RENT,54,0.014259075286809565,0
668,46482,36,13.11,21381.45,29,,16.08,7,1,debt_consolidation,OTHER,18,,0
669,22652,36,11.61,76892.19,11,672.0,15.64,10,0,debt_consolidation,RENT,68,0.017586858279385786,0
670,6748,36,8.79,88377.56,6,771.0,16.45,5,0,home_improvement,RENT,65,0.006098835004790948,0
671,23233,36,13.1,55436.14,8,705.0,8.37,5,1,other,RENT,23,0.01842337212739527,0
672,11435,36,10.06,97743.46,6,693.0,22.93,7,0,debt_consolidation,OWN,50,0.014933531483111714,0
673,5709,36,12.27,67359.74,9,726.0,27.13,5,0,small_business,OWN,22,0.014159343658611441,0
674,32355,36,13.83,,1,663.0,17.49,7,0,other,MORTGAGE,45,0.02608915636721433,0
675,15116,36,14.39,57700.88,0,643.0,15.63,1,0,debt_consolidation,RENT,27,0.018872807086641148,0
676,27470,36,10.15,72478.67,8,640.0,20.17,10,0,debt_consolidation,OWN,43,0.025924508800779567,0
677,44344,60,13.8,86941.99,0,637.0,20.07,4,0,debt_consolidation,MORTGAGE,55,0.04099996100261298,0
678,44918,36,14.73,73006.76,4,698.0,12.82,8,0,credit_card,MORTGAGE,32,0.023884761272245182,0
679,41298,60,15.9,66518.71,26,592.0,23.15,7,0,debt_consolidation,RENT,34,0.06386190411917468,0
680,44956,60,13.22,61775.39,23,,,3,0,other,OWN,62,,0
681,16683,36,14.42,77533.07,21,760.0,8.67,6,0,debt_consolidation,RENT,51,0.007778830731591011,0
682,2504,36,10.31,44065.74,8,698.0,16.23,7,0,debt_consolidation,MORTGAGE,19,0.00944088332204616,0
683,35982,36,22.31,22284.69,0,674.0,19.57,3,0,debt_consolidation,RENT,32,0.041246806182591834,0
684,36299,60,11.74,64637.42,0,649.0,16.11,3,0,credit_card,RENT,33,0.025169761694892056,0
685,30016,60,16.48,34700.31,26,628.0,23.66,6,1,credit_card,MORTGAGE,72,0.06996155806545455,0
686,25960,36,10.05,22679.08,21,756.0,17.39,5,1,debt_consolidation,RENT,34,0.017658877358690234,0
687,35591,60,13.5,100470.31,5,686.0,28.17,6,0,other,RENT,45,0.035833527207270365,0
688,19312,36,13.35,8000.0,15,649.0,25.16,7,0,small_business,RENT,18,0.028920434088974243,0
689,39797,36,14.11,75607.99,22,662.0,5.3,3,1,other,OWN,54,0.029928458670461917,0
690,48196,60,8.61,33125.89,10,627.0,14.33,8,0,debt_consolidation,RENT,39,0.0303428985613794,0
691,4105,60,13.56,39935.26,22,687.0,11.43,4,0,debt_consolidation,RENT,51,0.009808004705611613,0
692,38395,36,10.07,70800.32,3,686.0,22.34,3,0,credit_card,MORTGAGE,52,0.02481932930640106,0
693,47740,60,15.28,118192.98,7,717.0,23.78,4,0,debt_consolidation,OTHER,72,0.03415811350853605,0
694,24700,60,8.49,77528.06,9,589.0,23.39,10,0,credit_card,RENT,27,0.03455956665128622,0
695,36620,60,13.22,34508.48,10,688.0,7.21,3,0,debt_consolidation,OWN,61,0.015274171366013086,0
696,39678,60,11.89,58862.79,30,714.0,15.92,4,0,credit_card,OWN,24,0.018539466835027472,0
697,22559,60,19.42,52788.89,22,670.0,26.0,2,0,other,RENT,67,0.03599140675544921,0
698,29509,36,16.47,8167.95,0,761.0,20.94,7,1,credit_card,OWN,28,0.02946283665808554,0
699,29860,60,17.49,61443.36,1,719.0,0.0,10,0,debt_consolidation,OWN,64,0.01107092842464935,0
700,13003,36,8.91,43177.1,11,745.0,32.74,8,0,debt_consolidation,RENT,42,0.015908896446359854,0
701,23732,60,10.47,78481.7,3,616.0,18.25,7,0,debt_consolidation,MORTGAGE,71,0.025385595582888137,0
702,27826,36,11.98,52293.72,1,571.0,21.17,3,0,debt_consolidation,RENT,61,0.041341027318871,0
703,32354,36,16.58,98663.45,11,697.0,18.02,12,1,credit_card,RENT,26,0.042487860478384896,0
704,15843,36,13.5,68811.92,8,558.0,13.74,4,3,debt_consolidation,OWN,53,0.1174772364904818,0
705,46472,36,9.0,65335.11,19,644.0,3.78,5,0,debt_consolidation,OWN,33,0.017406359836034002,0
706,8190,36,9.17,109130.97,4,678.0,14.26,7,0,debt_consolidation,RENT,69,0.010402007254111828,0
707,19640,60,16.77,67507.34,4,725.0,21.79,5,1,debt_consolidation,RENT,55,0.030855461338146723,0
708,40413,60,13.63,101095.43,1,686.0,16.39,1,0,debt_consolidation,RENT,36,0.023877767987345123,0
709,44356,36,12.21,31733.9,11,767.0,20.98,4,0,debt_consolidation,MORTGAGE,43,0.01842988347871746,0
710,46597,60,11.88,9564.69,14,638.0,13.86,2,1,debt_consolidation,OWN,28,0.04844538513695503,0
711,42821,60,15.58,65610.16,1,625.0,15.92,10,0,small_business,MORTGAGE,30,0.0419757910269473,0
712,5330,36,7.78,90013.28,3,816.0,21.49,0,0,credit_card,RENT,42,0.005012476966524877,0
713,21087,36,12.21,31332.09,1,671.0,16.5,4,0,debt_consolidation,MORTGAGE,53,0.017229374579511673,0
714,43430,60,12.45,49016.12,16,688.0,14.63,2,0,debt_consolidation,RENT,74,0.022276382366627854,0
715,26504,36,7.02,18095.72,2,646.0,22.78,8,0,credit_card,RENT,36,0.022894006130582182,0
716,9114,60,11.17,59214.34,1,627.0,17.29,6,0,small_business,RENT,36,0.017642925160568066,0
717,15323,60,21.15,59698.49,0,671.0,11.14,4,0,debt_consolidation,RENT,18,0.019332610809565776,0
718,36121,60,8.66,75231.94,21,743.0,16.83,6,1,credit_card,OWN,65,0.02147031164289583,0
719,12975,36,12.5,47463.73,1,667.0,14.81,5,0,small_business,RENT,63,0.014413096960579951,0
720,13023,36,4.0,53370.47,0,531.0,10.36,2,0,credit_card,RENT,26,0.017273793949209082,0
721,23447,36,11.44,75705.09,0,614.0,33.81,10,0,major_purchase,RENT,46,0.05017980706564511,0
722,26933,36,7.7,65394.46,5,793.0,12.56,7,1,credit_card,RENT,51,0.010857954517967198,0
723,25959,36,10.59,70123.82,10,528.0,20.1,7,1,debt_consolidation,MORTGAGE,72,0.07618691735291423,0
724,2667,36,13.7,81312.85,6,636.0,15.99,4,1,credit_card,RENT,67,0.025380647819136654,0
725,31703,36,7.5,78325.56,7,706.0,27.63,8,0,debt_consolidation,OWN,42,0.022058755351633243,0
726,11337,60,12.96,112752.7,26,708.0,28.25,6,1,credit_card,OTHER,68,0.03127202248552135,0
727,48427,36,8.88,,17,709.0,21.96,8,2,credit_card,RENT,45,0.06704080504816298,0
728,38487,36,6.66,71200.17,5,734.0,24.27,4,0,home_improvement,RENT,46,0.017285341017928,0
729,21129,36,15.93,52395.58,1,667.0,4.95,4,0,debt_consolidation,OWN,69,0.01345417911048996,0
730,42251,36,8.15,61569.9,16,619.0,27.77,3,0,debt_consolidation,RENT,68,0.04433300869736551,0
731,33921,36,10.3,27913.92,9,667.0,23.53,4,1,home_improvement,RENT,61,0.044050010866223954,0
732,35307,60,9.72,44539.29,28,752.0,12.57,5,1,debt_consolidation,MORTGAGE,61,0.017687349022428717,0
733,29355,36,12.87,88207.02,25,580.0,13.15,2,0,major_purchase,RENT,73,0.030667625696808427,0
734,39732,60,12.13,21231.1,9,652.0,16.74,2,0,credit_card,RENT,70,0.027351270974775306,0
735,6835,36,11.34,94905.05,0,681.0,34.99,6,0,credit_card,OWN,43,0.024778216865886705,0
736,22159,60,9.17,52494.38,0,641.0,15.8,6,0,debt_consolidation,OWN,57,0.01794527827479547,0
737,40810,60,10.94,37281.05,21,649.0,12.37,7,0,debt_consolidation,OWN,35,0.02375315744947898,0
738,49605,60,13.18,53089.63,13,704.0,12.41,9,0,home_improvement,MORTGAGE,22,0.023282396630357093,0
739,42080,60,12.47,74762.92,9,688.0,2.68,3,1,debt_consolidation,MORTGAGE,70,0.022407438496040943,0
740,40088,60,16.49,62202.81,13,737.0,23.92,4,0,small_business,RENT,37,0.027951359663768337,0
741,15216,60,15.05,107770.27,8,713.0,24.17,4,0,small_business,RENT,22,0.018626277413267275,0
742,37547,36,16.43,70881.43,9,742.0,0.0,5,1,credit_card,RENT,73,0.016633551603106946,0
743,33471,36,17.41,72761.79,2,641.0,29.78,4,1,debt_consolidation,OWN,61,0.08908326494783207,0
744,19308,36,12.75,73490.01,7,836.0,16.53,7,0,small_business,RENT,65,0.006619197094992067,0
745,29532,36,15.41,63456.47,0,579.0,12.92,3,0,debt_consolidation,RENT,34,0.035024327490162745,0
746,36349,36,13.34,53877.46,12,728.0,5.39,4,0,credit_card,OWN,53,0.011335451231435716,0
747,47445,36,17.31,62554.94,4,619.0,7.59,6,0,debt_consolidation,RENT,46,0.03605460687644975,0
748,7713,60,4.98,65722.92,11,582.0,21.25,5,0,credit_card,RENT,32,0.019100790313515366,0
749,6804,60,10.74,58651.11,26,780.0,25.37,4,0,credit_card,RENT,33,0.00899438238442889,0
750,12136,36,13.64,91405.83,9,658.0,9.47,3,0,other,RENT,39,0.012561470673871379,0
751,2009,36,14.28,88830.27,4,603.0,3.08,6,0,debt_consolidation,RENT,57,0.011766994144126562,0
752,21255,60,11.93,30402.28,2,656.0,16.0,3,0,debt_consolidation,RENT,27,0.018085388568252116,0
753,25793,36,5.35,84223.2,3,639.0,9.72,3,1,other,RENT,20,0.020196553810971917,0
754,31548,60,11.29,59522.02,30,670.0,18.61,10,0,debt_consolidation,OWN,28,0.023427464453385408,0
755,39892,36,15.26,52377.87,10,660.0,25.46,7,1,credit_card,MORTGAGE,63,0.0717069363545844,0
756,3015,36,10.74,77737.2,7,598.0,9.82,4,1,credit_card,MORTGAGE,41,0.02171282844344904,0
757,29712,36,12.37,67121.45,3,684.0,21.51,10,0,debt_consolidation,RENT,57,0.024581799289986064,0
758,36961,60,19.67,37588.86,18,679.0,27.23,6,1,credit_card,OWN,65,0.07928657580273085,0
759,10415,36,11.25,80174.04,6,777.0,19.29,5,1,debt_consolidation,MORTGAGE,51,0.013130500564014005,0
760,48318,36,11.37,57846.66,4,767.0,21.76,5,0,home_improvement,RENT,52,0.019903801206302692,0
761,49280,36,12.78,79756.34,2,680.0,11.99,4,1,debt_consolidation,OWN,24,0.03970360469444143,0
762,25833,36,12.95,59639.36,2,708.0,28.39,4,1,credit_card,RENT,49,0.04076782419327241,0
763,6158,60,12.54,80103.6,3,617.0,21.86,3,0,credit_card,RENT,39,0.02193612840197951,0
764,22309,60,13.57,83680.2,10,720.0,9.94,4,0,major_purchase,RENT,58,0.010903371249271676,0
765,8970,36,7.24,89895.69,3,844.0,32.28,5,1,debt_consolidation,OWN,38,0.011757927342466995,0
766,8938,36,11.52,44737.74,0,611.0,0.03,5,1,debt_consolidation,RENT,18,0.016142270094521446,0
767,23168,36,7.09,105688.91,5,643.0,26.84,8,0,credit_card,RENT,49,0.02566717541350053,0
768,48540,60,12.22,56453.77,9,695.0,,6,0,major_purchase,OWN,60,0.02464566025329199,0
769,22384,60,14.42,30069.17,0,,18.38,9,0,debt_consolidation,RENT,34,,0
770,20017,36,11.45,64563.29,7,687.0,27.67,8,0,major_purchase,MORTGAGE,62,0.023837711693815097,1
771,12344,60,8.21,55517.87,0,639.0,7.12,6,0,small_business,MORTGAGE,40,0.01013253025270047,0
772,42034,36,10.28,45414.71,17,596.0,20.95,8,1,debt_consolidation,OWN,73,0.07220376117948417,0
773,10702,60,19.2,61291.48,23,629.0,2.18,4,1,debt_consolidation,RENT,59,0.02359690382397859,0
774,2384,60,17.8,78797.36,28,730.0,15.71,6,0,debt_consolidation,RENT,43,0.010944428561068396,0
775,2404,60,9.83,68381.52,13,802.0,29.49,3,0,debt_consolidation,OWN,48,0.008059432892411674,0
776,42943,60,9.81,93347.3,10,712.0,16.32,4,0,other,OWN,70,0.018345771948430498,0
777,49926,36,11.56,56969.42,13,660.0,25.41,10,0,debt_consolidation,RENT,44,0.04666019312420802,0
778,31189,60,16.96,70630.24,22,730.0,24.54,4,1,credit_card,OWN,44,0.04162173667120258,0
779,14763,36,5.0,66231.87,20,599.0,7.68,3,0,major_purchase,OWN,52,0.011412814900247184,0
780,20384,36,9.78,106501.04,6,678.0,6.13,3,0,credit_card,OWN,50,0.009507512556367692,0
781,34606,36,13.65,34627.01,11,644.0,23.19,5,1,credit_card,OWN,54,0.059424797504935116,0
782,11860,60,13.18,45869.49,1,663.0,21.38,5,0,small_business,OWN,63,0.019329577625089654,0
783,40757,36,10.29,112044.03,13,646.0,10.42,5,1,credit_card,MORTGAGE,30,0.03457091261569435,0
784,17106,36,10.99,54449.95,15,613.0,15.45,2,0,major_purchase,RENT,36,0.01987183385376864,0
785,25574,36,13.32,20684.75,19,782.0,19.81,9,0,credit_card,OTHER,26,0.012344540636179607,0
786,25524,36,10.36,109615.5,20,643.0,12.57,6,0,debt_consolidation,OWN,60,0.01769325732353261,0
787,5636,36,7.75,35724.75,7,642.0,25.47,6,3,credit_card,RENT,51,0.07426281647703095,0
788,12916,60,11.26,62457.86,25,677.0,17.96,3,0,home_improvement,OWN,27,0.01417107388468158,0
789,6809,60,12.76,86939.91,29,692.0,16.39,5,1,major_purchase,RENT,31,0.019412779699771305,0
790,34201,36,4.0,82522.0,29,777.0,14.84,4,0,debt_consolidation,RENT,34,0.007432889119405624,0
791,15456,60,13.57,38104.32,9,690.0,21.77,3,1,debt_consolidation,MORTGAGE,49,0.029267308391132393,0
792,40765,60,15.9,119652.4,9,713.0,17.1,5,0,debt_consolidation,RENT,66,0.024513794956516382,0
793,36816,36,10.57,73177.47,7,569.0,2.96,6,0,debt_consolidation,RENT,61,0.02364256625954625,0
794,47106,60,10.64,58950.99,4,698.0,32.44,3,0,debt_consolidation,RENT,24,0.04163530117010078,0
795,19100,60,9.05,35055.04,5,634.0,0.47,3,1,other,RENT,47,0.015206634875299356,0
796,23949,36,11.39,72034.73,2,636.0,29.17,7,0,debt_consolidation,OWN,57,0.0362385617399596,0
797,6544,36,9.77,97519.11,28,609.0,11.01,4,0,debt_consolidation,OWN,43,0.013331295601999369,0
798,39744,60,17.79,52906.43,10,660.0,13.44,6,0,small_business,MORTGAGE,52,0.031431153965159664,0
799,47543,36,12.5,16238.66,27,703.0,,1,0,other,OWN,68,0.0222668011168774,0
800,44783,36,4.0,42389.02,6,706.0,0.0,5,0,credit_card,RENT,47,0.007842377090494387,0
801,28657,36,14.28,51689.89,4,692.0,17.13,5,0,debt_consolidation,RENT,28,0.02023973822713334,0
802,38187,36,18.88,21880.66,1,643.0,28.55,7,0,major_purchase,MORTGAGE,59,0.06366967118295903,0
803,49198,60,14.04,73096.53,4,637.0,13.06,1,0,home_improvement,OWN,65,0.03377616971261136,0
804,9239,36,16.76,78366.7,24,655.0,20.88,6,1,major_purchase,OWN,43,0.03689735950035918,0
805,16489,36,14.71,42107.19,9,686.0,27.16,3,1,credit_card,MORTGAGE,54,0.03976007144960499,0
806,45125,36,15.96,81087.64,7,586.0,17.01,8,0,debt_consolidation,OWN,53,0.05704920290149579,0
807,30538,36,15.77,37118.0,9,665.0,29.03,7,0,debt_consolidation,RENT,22,0.04271545004873199,0
808,34049,36,15.82,26718.5,24,658.0,17.7,2,1,small_business,OTHER,64,0.04751540316211462,0
809,39131,36,13.27,33627.98,2,701.0,13.48,6,1,debt_consolidation,MORTGAGE,18,0.031963350439432194,0
810,44944,60,5.14,39301.4,29,850.0,21.67,6,0,credit_card,RENT,71,0.008431444325595599,0
811,10427,36,7.64,79720.31,11,679.0,27.16,3,0,credit_card,OWN,33,0.016031158447254522,0
812,43348,36,7.72,73919.97,22,681.0,12.08,4,0,home_improvement,RENT,61,0.016959202758164753,0
813,26285,36,4.0,37118.57,8,720.0,15.88,5,1,major_purchase,OWN,65,0.015381329892137653,0
814,39626,36,10.26,43171.04,3,668.0,8.66,3,1,debt_consolidation,OWN,26,0.027223335358602534,0
815,44808,36,17.66,104241.66,9,706.0,14.9,7,0,credit_card,RENT,57,0.028172280826080344,0
816,24928,36,6.25,80458.57,0,758.0,13.75,6,0,debt_consolidation,OWN,38,0.0075626667317241604,0
817,21198,60,14.91,24732.7,22,662.0,20.05,8,0,small_business,RENT,46,0.024830465272230342,0
818,21758,36,14.12,93163.25,11,771.0,3.51,3,1,credit_card,OWN,33,0.010308341670436977,0
819,17254,60,12.92,116409.2,4,692.0,16.3,6,0,debt_consolidation,OWN,53,0.014789760154606023,0
820,46238,36,16.73,59354.41,3,728.0,24.1,6,0,credit_card,OWN,66,0.034464934627778616,0
821,3252,60,11.83,52419.82,25,742.0,,5,1,credit_card,OTHER,47,0.01218295090562497,0
822,41764,36,18.09,49334.77,21,759.0,24.57,9,0,debt_consolidation,MORTGAGE,58,0.02955734609109663,0
823,14173,60,11.2,52243.49,17,748.0,23.62,2,0,debt_consolidation,OWN,57,0.011777231650113403,0
824,39441,36,13.37,79209.86,6,764.0,24.01,8,1,debt_consolidation,RENT,26,0.034347327621953576,0
825,28698,36,11.43,44181.53,23,690.0,9.74,10,0,home_improvement,OWN,46,0.01399529396082724,0
826,17781,36,8.3,79131.07,3,638.0,11.8,2,0,debt_consolidation,RENT,62,0.013185296207226992,0
827,15051,60,6.61,60012.89,0,686.0,24.69,8,1,debt_consolidation,MORTGAGE,59,0.02491924248996313,0
828,41649,36,14.3,45256.06,6,615.0,1.49,7,0,major_purchase,RENT,22,0.022700193958566105,0
829,8949,36,17.39,68950.18,26,660.0,3.56,4,1,major_purchase,RENT,33,0.018358743073452168,0
830,44289,60,12.98,54605.89,9,644.0,15.49,5,0,debt_consolidation,RENT,54,0.031996164912586514,0
831,10017,36,14.06,44037.39,3,590.0,17.47,5,0,debt_consolidation,RENT,25,0.025634185023805257,0
832,8941,60,5.78,59282.07,11,735.0,13.24,2,0,home_improvement,MORTGAGE,72,0.005808658704521723,0
833,27934,36,13.54,59623.85,16,760.0,3.05,5,0,major_purchase,MORTGAGE,65,0.00737453915989292,0
834,25386,60,4.0,48071.47,9,636.0,27.05,7,0,credit_card,OWN,60,0.023979600443303644,0
835,12209,36,7.22,39623.32,22,718.0,12.68,1,0,small_business,OWN,35,0.007134734012949614,0
836,19715,36,17.34,62246.93,9,840.0,6.35,4,0,credit_card,OWN,36,0.005300181164887741,0
837,30920,36,12.05,65167.45,0,751.0,0.0,6,1,credit_card,MORTGAGE,67,0.01126083260032267,0
838,33703,60,12.42,69998.81,20,618.0,24.74,2,0,debt_consolidation,MORTGAGE,57,0.0409598744303371,0
839,44318,36,14.22,69199.59,1,734.0,17.24,4,0,credit_card,RENT,47,0.021309968645983467,0
840,6637,36,15.19,92987.0,24,670.0,10.87,7,0,debt_consolidation,MORTGAGE,67,0.012456721074338902,0
841,6854,60,10.92,32807.77,8,732.0,24.62,4,0,credit_card,OWN,52,0.011726363753470295,0
842,45088,36,13.17,99657.01,15,819.0,22.56,3,0,credit_card,OWN,33,0.015197053596784279,0
843,39660,60,11.72,26554.49,29,,19.13,3,0,debt_consolidation,RENT,74,,0
844,41811,60,5.87,91196.25,6,765.0,17.86,3,0,major_purchase,OWN,29,0.011363952267117903,0
845,21856,60,10.58,72538.46,7,635.0,14.53,4,1,credit_card,OWN,26,0.03009964388337766,0
846,23833,60,13.65,47101.14,21,651.0,22.18,4,0,debt_consolidation,OWN,54,0.027394401139619603,0
847,21963,36,10.46,8000.0,0,561.0,3.38,9,1,credit_card,RENT,51,0.0314153273387723,0
848,38932,36,10.5,22624.58,0,778.0,14.91,9,0,debt_consolidation,RENT,34,0.011797966244425931,0
849,29169,60,15.13,44152.8,10,580.0,6.03,8,0,debt_consolidation,OWN,41,0.027413591311252605,0
850,9941,36,12.64,71145.48,1,612.0,20.18,6,0,credit_card,MORTGAGE,65,0.023568811245456737,0
851,16388,36,13.41,46643.39,3,694.0,24.88,5,0,debt_consolidation,RENT,51,0.020421382167448612,0
852,7569,60,5.5,59030.15,29,803.0,18.33,6,0,debt_consolidation,RENT,50,0.004733149761457089,0
853,6300,36,13.79,49084.71,11,566.0,16.09,7,0,debt_consolidation,RENT,71,0.026162942408350185,0
854,41037,60,7.57,64211.83,22,702.0,5.85,3,0,debt_consolidation,RENT,23,0.011000424929066005,0
855,38586,60,11.9,25402.84,25,595.0,20.64,10,0,debt_consolidation,RENT,51,0.04619093249725738,0
856,14015,60,7.75,53399.91,0,781.0,24.68,9,0,home_improvement,RENT,44,0.009094043441279329,0
857,47002,60,15.73,,26,690.0,16.99,2,1,debt_consolidation,RENT,57,0.04908552229424162,0
858,8254,60,19.32,123166.82,23,773.0,13.17,3,1,home_improvement,MORTGAGE,37,0.014772285103812325,0
859,19144,60,11.41,81067.59,0,634.0,10.54,7,0,credit_card,RENT,67,0.016158477423153274,0
860,26214,36,11.37,55370.33,29,653.0,27.38,5,0,home_improvement,OWN,66,0.03137032451795277,0
861,42118,36,16.12,44030.52,7,624.0,32.83,6,0,debt_consolidation,MORTGAGE,24,0.0778129648820651,0
862,17183,60,14.29,71434.08,29,767.0,17.48,9,1,home_improvement,RENT,65,0.017904438038475533,0
863,8238,60,11.71,39047.78,20,765.0,17.41,6,0,debt_consolidation,RENT,30,0.007897031276126334,0
864,8090,36,13.47,63605.75,7,641.0,19.66,5,0,home_improvement,RENT,64,0.019373224532961274,0
865,13637,36,20.12,67917.81,8,739.0,24.86,2,0,home_improvement,RENT,31,0.02001883052131995,0
866,24415,36,9.31,55067.15,3,674.0,24.78,5,1,debt_consolidation,RENT,44,0.035605511089582986,0
867,26071,36,9.66,84300.82,7,563.0,28.73,3,0,debt_consolidation,RENT,62,0.050002801584760906,0
868,47415,60,15.18,57649.9,0,710.0,19.46,1,0,debt_consolidation,RENT,31,0.02890807967119995,1
869,44679,60,20.45,48751.63,25,731.0,35.83,5,0,debt_consolidation,RENT,67,0.060841050861848815,0
870,43240,36,12.71,47249.75,14,,23.15,6,0,major_purchase,MORTGAGE,57,,0
871,20271,36,5.16,27717.1,19,684.0,17.3,4,1,credit_card,OWN,18,0.01873259411539035,0
872,38034,36,13.56,24456.58,8,660.0,27.99,6,0,debt_consolidation,OWN,60,0.04345009184060715,0
873,35434,60,9.9,74979.82,1,650.0,38.12,6,0,debt_consolidation,OWN,18,0.05408887957590757,1
874,6188,36,13.9,96959.94,8,734.0,13.13,5,1,credit_card,MORTGAGE,71,0.013925091048505731,0
875,12161,36,6.56,,4,705.0,15.57,4,0,home_improvement,OWN,32,0.008611738762581604,0
876,30732,36,6.1,87938.06,0,642.0,19.98,3,2,credit_card,OWN,56,0.054518202472276615,0
877,13314,36,10.81,73015.62,10,697.0,12.01,3,0,credit_card,OWN,74,0.009806839357232438,0
878,25954,36,18.61,67693.45,22,723.0,25.92,4,0,other,MORTGAGE,70,0.02760889745700598,0
879,23508,36,6.51,92749.67,14,725.0,14.96,2,0,credit_card,RENT,52,0.00913975427832821,0
880,23969,36,10.72,50782.44,2,680.0,14.23,4,0,debt_consolidation,RENT,25,0.014695346604289585,0
881,47659,36,6.14,105026.09,20,755.0,22.38,4,1,credit_card,OWN,64,0.026998087962134917,0
882,39545,36,13.16,59005.9,4,633.0,31.99,2,0,credit_card,RENT,49,0.05735120093734952,0
883,38668,60,12.89,66479.99,2,683.0,9.01,4,0,small_business,RENT,32,0.017468382351026737,0
884,25061,60,6.3,60617.43,28,736.0,8.48,8,0,credit_card,MORTGAGE,55,0.007170525345422659,0
885,15716,60,17.15,88130.61,0,699.0,18.71,4,0,home_improvement,RENT,36,0.018274950173656313,0
886,41749,60,4.31,59708.46,1,685.0,6.24,5,0,major_purchase,MORTGAGE,39,0.01087967088767984,0
887,41144,36,18.31,70120.32,7,635.0,12.99,3,0,home_improvement,MORTGAGE,62,0.03654364108371258,0
888,18907,36,17.5,29518.8,1,603.0,16.8,6,0,credit_card,MORTGAGE,24,0.03283544752292816,0
889,20777,36,13.22,55160.0,1,639.0,25.83,4,0,debt_consolidation,OWN,23,0.031241742597979925,0
890,29693,60,15.58,86177.34,10,,7.4,4,0,debt_consolidation,OWN,73,,0
891,44928,60,11.29,38876.25,20,641.0,16.1,4,1,debt_consolidation,RENT,73,0.04978663403471893,0
892,28329,36,5.84,59328.97,11,680.0,12.26,7,0,credit_card,OWN,50,0.01199710804890924,0
893,48892,36,12.95,59001.41,0,799.0,10.7,6,0,home_improvement,RENT,51,0.01176652901193063,0
894,18282,36,5.72,45389.6,25,742.0,19.4,6,1,debt_consolidation,RENT,37,0.014566460872455406,0
895,25624,60,11.96,85455.9,26,671.0,21.74,6,0,credit_card,RENT,62,0.02329558966726169,0
896,25321,36,7.05,72373.38,4,665.0,16.99,3,0,debt_consolidation,OWN,46,0.01519495848454581,0
897,12488,36,15.9,82552.18,9,766.0,21.17,6,0,credit_card,OTHER,42,0.01219523223256678,0
898,24574,36,13.52,86287.07,7,659.0,9.19,4,0,home_improvement,OWN,65,0.015845146768136198,0
899,7240,36,14.71,60775.61,12,680.0,21.93,0,0,credit_card,RENT,67,0.016749426099848527,0
900,45221,60,13.36,99349.04,29,669.0,22.83,9,0,debt_consolidation,MORTGAGE,27,0.039605353179523135,0
901,12478,36,19.52,29587.97,30,778.0,23.1,2,0,small_business,RENT,31,0.014085274161328534,0
902,47162,60,16.09,56247.14,8,680.0,1.17,4,2,credit_card,MORTGAGE,56,0.04763139714706335,0
903,21262,36,18.81,63723.82,0,661.0,23.67,7,0,major_purchase,OWN,38,0.034440983142903336,0
904,6432,60,8.4,16517.9,5,722.0,21.73,8,1,small_business,OWN,36,0.01655847703052894,0
905,31721,60,9.83,95370.72,6,797.0,27.65,6,0,home_improvement,OWN,46,0.014201841317240425,0
906,15568,36,4.0,38288.25,8,607.0,8.79,7,1,debt_consolidation,RENT,57,0.018724140412390365,0
907,16178,36,10.43,61700.99,28,701.0,20.62,6,1,small_business,OWN,70,0.023519153590682504,0
908,24195,60,11.86,78870.6,3,630.0,15.02,5,0,major_purchase,OWN,60,0.02183209932439233,0
909,2302,36,13.74,117954.35,8,766.0,4.14,3,0,home_improvement,RENT,64,0.004419233442996363,0
910,19022,60,9.88,18377.15,4,613.0,18.73,5,1,debt_consolidation,RENT,20,0.0371705325432858,0
911,2055,60,14.95,74909.39,26,729.0,3.19,5,0,debt_consolidation,MORTGAGE,23,0.00572142229043277,0
912,47781,60,14.67,53101.8,30,636.0,15.85,3,0,debt_consolidation,RENT,54,0.038683892201113325,0
913,10717,36,10.11,76199.1,23,779.0,16.73,6,0,credit_card,RENT,36,0.00686139133761209,0
914,30699,36,8.17,83435.86,5,825.0,12.8,6,0,major_purchase,RENT,65,0.006026644576517411,0
915,10150,36,12.26,70455.75,3,754.0,19.88,6,0,credit_card,OWN,58,0.009924251949290346,0
916,4125,36,12.4,61984.18,6,677.0,6.7,6,0,credit_card,MORTGAGE,35,0.00831371707429827,0
917,46247,60,9.57,33575.65,16,608.0,10.96,6,2,major_purchase,RENT,37,0.07612781712062786,0
918,18748,60,10.96,35351.03,0,692.0,31.42,9,1,debt_consolidation,OTHER,65,0.04179680330259772,0
919,41577,36,6.33,80139.35,30,696.0,13.44,3,0,debt_consolidation,MORTGAGE,63,0.014623989617640385,0
920,6621,60,14.71,38520.75,24,820.0,13.62,4,2,credit_card,OWN,39,0.014524605735482612,0
921,17034,36,14.78,70635.26,0,688.0,11.2,2,1,other,OWN,23,0.02124166874438377,0
922,48391,36,12.2,92556.64,5,637.0,26.21,5,0,credit_card,RENT,41,0.052362567428983646,0
923,7126,60,15.06,27556.08,13,692.0,21.1,2,1,debt_consolidation,OWN,70,0.02551904348939881,0
924,7122,60,12.52,92646.79,3,657.0,9.49,5,0,credit_card,RENT,45,0.011052768884978347,0
925,20030,36,18.47,91790.35,1,674.0,19.94,2,1,debt_consolidation,OWN,44,0.04100074738911598,0
926,19302,60,6.81,68564.23,10,810.0,26.39,4,0,debt_consolidation,OWN,31,0.008261445060802267,0
927,21181,36,12.81,44616.64,25,629.0,22.87,3,0,credit_card,RENT,23,0.02888619124122171,0
928,40638,36,15.61,73304.28,28,738.0,24.88,1,0,debt_consolidation,RENT,41,0.027131856591713632,0
929,3531,36,17.97,55550.0,0,661.0,31.25,7,0,debt_consolidation,RENT,46,0.031465877799416175,0
930,42940,60,15.17,42297.79,23,678.0,7.87,5,1,home_improvement,OWN,37,0.034359933536102095,1
931,42441,36,7.85,63455.73,9,679.0,21.96,2,0,debt_consolidation,RENT,68,0.02449992931688716,0
932,25333,36,5.38,38106.54,3,622.0,11.87,2,1,home_improvement,RENT,74,0.023856800115538427,0
933,41650,36,11.32,30433.98,10,715.0,11.5,9,1,debt_consolidation,MORTGAGE,62,0.026830995333156398,0
934,36674,60,13.45,46418.45,30,545.0,19.28,4,0,debt_consolidation,RENT,35,0.05717197851109041,0
935,37854,36,15.78,16977.76,3,662.0,9.49,7,0,other,OWN,52,0.023515020064671054,0
936,48271,36,7.62,89971.31,3,698.0,16.58,3,0,debt_consolidation,MORTGAGE,48,0.01987183385376863,0
937,10152,36,14.44,72918.14,13,715.0,28.41,5,0,credit_card,RENT,36,0.019292458954686974,0
938,40518,36,4.0,38486.91,0,712.0,24.39,3,0,major_purchase,OWN,59,0.01787983722961895,0
939,47540,60,9.04,47257.43,20,612.0,7.41,7,1,credit_card,OWN,36,0.04098109205736546,0
940,12267,36,15.44,78968.67,11,655.0,5.5,1,1,credit_card,RENT,34,0.019215038585090622,0
941,27289,60,7.24,91827.45,21,688.0,16.08,8,0,debt_consolidation,RENT,62,0.01410500714223071,0
942,3062,36,7.59,62680.56,3,635.0,13.03,8,0,debt_consolidation,RENT,21,0.010792421734954993,0
943,31926,60,9.9,53548.53,22,691.0,22.47,3,0,home_improvement,MORTGAGE,61,0.021171925055198174,0
944,8229,36,12.71,19154.48,7,712.0,9.58,3,0,debt_consolidation,RENT,45,0.008092276452007446,0
945,49915,36,7.54,51964.07,1,647.0,19.9,8,2,debt_consolidation,RENT,30,0.0846563072259909,0
946,6632,36,11.87,31547.17,25,719.0,21.12,6,0,credit_card,RENT,49,0.011738654301054247,0
947,41056,60,10.27,30812.33,14,665.0,17.23,4,1,credit_card,OWN,37,0.0400720171403241,0
948,5596,60,16.63,90826.23,1,631.0,18.42,6,0,home_improvement,RENT,72,0.021971771871510632,0
949,46243,36,10.06,57073.33,3,759.0,33.58,2,1,debt_consolidation,RENT,48,0.04684469884670094,0
950,8168,60,12.11,63518.59,3,651.0,16.72,1,0,major_purchase,MORTGAGE,34,0.014653126635061053,0
951,44563,36,12.67,70164.11,28,594.0,24.7,7,0,credit_card,RENT,74,0.06115492946108999,0
952,9561,36,10.32,55547.5,24,,9.0,5,0,debt_consolidation,OWN,42,,0
953,10258,36,15.08,61695.57,5,695.0,13.09,2,0,credit_card,OWN,29,0.01192360463281517,0
954,18616,36,15.91,60486.06,7,700.0,11.29,4,0,debt_consolidation,OWN,68,0.013511906449960172,0
955,28734,60,10.04,49339.78,4,615.0,25.55,5,1,small_business,RENT,56,0.05779503301235305,0
956,8371,36,13.17,66847.91,16,717.0,21.67,10,1,major_purchase,RENT,70,0.022769959030430168,0
957,28069,36,8.29,57790.68,1,,24.43,4,0,debt_consolidation,RENT,27,,0
958,16369,36,14.26,62210.0,5,593.0,17.32,3,0,credit_card,OWN,49,0.028063518370265206,0
959,14910,36,12.93,60103.64,10,580.0,5.27,5,0,credit_card,MORTGAGE,50,0.017558545486071685,0
960,9943,36,10.54,108889.61,24,693.0,21.99,4,1,debt_consolidation,RENT,55,0.022697531923621627,0
961,14199,36,13.32,84744.17,10,,20.57,8,0,debt_consolidation,RENT,55,,0
962,17728,36,14.37,79396.93,27,627.0,26.94,9,1,credit_card,RENT,73,0.058892700921035095,0
963,25275,36,16.92,71751.42,27,643.0,22.48,4,0,debt_consolidation,MORTGAGE,40,0.03498244259137094,0
964,8738,36,13.59,70652.86,14,674.0,19.4,5,1,debt_consolidation,OWN,21,0.026243574953802633,0
965,17913,36,15.55,52945.59,3,673.0,21.4,4,0,home_improvement,RENT,29,0.02283770178155033,0
966,37240,36,19.62,88017.73,12,673.0,25.19,5,0,debt_consolidation,MORTGAGE,66,0.047218492641784036,0
967,21123,36,7.86,68232.36,2,671.0,24.78,4,1,debt_consolidation,RENT,21,0.03139099373831429,0
968,36529,36,16.69,74592.69,4,798.0,14.48,9,0,home_improvement,OWN,48,0.013337873988689564,0
969,12167,36,8.48,52655.1,17,649.0,6.69,6,1,major_purchase,RENT,34,0.015534125281132426,0
970,12554,36,9.15,38230.64,22,724.0,23.69,5,1,credit_card,MORTGAGE,73,0.020078556578081403,0
971,19260,36,11.95,88388.3,6,716.0,18.07,6,0,debt_consolidation,RENT,49,0.01364692711618304,0
972,49045,36,9.42,63230.22,8,645.0,16.32,5,0,credit_card,MORTGAGE,18,0.030315841823582938,0
973,5812,36,8.75,48023.16,6,578.0,26.55,3,0,debt_consolidation,OWN,74,0.02732468036605778,0
974,30024,36,11.76,68570.57,7,655.0,16.17,8,0,debt_consolidation,MORTGAGE,36,0.022649224675729874,0
975,29285,60,10.67,57375.93,8,581.0,21.38,5,0,debt_consolidation,RENT,21,0.03873152025255946,0
976,28900,36,9.34,98748.92,13,571.0,28.86,4,1,home_improvement,MORTGAGE,67,0.08042400407806087,0
977,3605,36,8.19,51097.85,16,649.0,21.73,8,1,debt_consolidation,OWN,24,0.023818173150754757,0
978,7622,60,17.7,71159.63,29,685.0,12.24,4,0,debt_consolidation,RENT,72,0.013480219336672438,0
979,8767,36,7.2,87174.16,6,667.0,15.41,4,0,debt_consolidation,RENT,48,0.010351073770435815,0
980,29139,60,11.33,76398.19,0,582.0,18.51,5,0,credit_card,OWN,39,0.035491685330735524,0
981,13613,36,16.47,73554.57,13,607.0,23.15,3,0,small_business,RENT,30,0.03421622589156642,0
982,12589,60,15.24,47330.35,8,689.0,22.07,3,1,credit_card,RENT,45,0.030548347868671537,0
983,15918,36,12.93,62923.57,21,717.0,13.06,6,0,home_improvement,OWN,72,0.010935555908329637,0
984,22119,36,9.51,71534.89,1,630.0,22.19,4,0,major_purchase,OWN,67,0.024494194047556452,0
985,29446,60,11.92,64237.66,10,678.0,45.15,3,0,credit_card,OWN,35,0.05748217130868125,1
986,15046,36,7.5,97045.94,7,692.0,20.49,4,0,debt_consolidation,OTHER,20,0.012536687482440427,0
987,26818,36,10.86,55855.3,6,784.0,13.63,4,0,other,MORTGAGE,39,0.00824850986758534,1
988,37358,60,10.8,60835.53,9,775.0,28.06,8,1,major_purchase,MORTGAGE,41,0.031970777280365,0
989,6324,36,11.19,124578.33,12,716.0,12.37,3,0,home_improvement,RENT,58,0.007882315718445929,0
990,12787,36,8.85,80756.4,22,557.0,29.11,2,0,credit_card,RENT,70,0.03881500479001663,0
991,11111,36,5.22,35796.61,3,769.0,16.65,4,0,debt_consolidation,MORTGAGE,31,0.005625634607816008,0
992,40110,36,17.01,72448.91,4,708.0,22.84,3,1,credit_card,MORTGAGE,24,0.05206958996345156,0
993,18389,60,16.12,79826.86,9,641.0,13.29,5,0,major_purchase,RENT,65,0.02102857967477994,0
994,43427,60,15.5,39970.14,5,798.0,21.63,7,1,small_business,MORTGAGE,26,0.030493903043771625,0
995,16043,36,13.51,52475.22,9,661.0,20.81,4,0,major_purchase,MORTGAGE,70,0.020892729098919805,0
996,30746,36,12.68,30217.62,2,809.0,26.22,6,0,major_purchase,OWN,72,0.014115301324538426,0
997,24350,36,9.23,67341.56,4,612.0,15.23,5,0,debt_consolidation,OWN,29,0.021577298925291147,0
998,43605,36,9.65,19459.38,4,654.0,28.39,2,0,debt_consolidation,MORTGAGE,47,0.04055095020662616,0
999,2117,60,17.82,40292.48,30,557.0,21.57,7,0,debt_consolidation,RENT,70,0.03820407891958354,0
1000,48685,36,18.73,25422.4,22,652.0,1.16,8,0,small_business,OTHER,56,0.025947245686124713,0
1001,20935,36,11.26,68213.37,21,752.0,20.45,3,0,credit_card,OTHER,20,0.011747474225820408,0
1002,49077,60,12.02,51532.18,8,647.0,0.0,4,0,small_business,RENT,21,0.017819880439485684,0
1003,15234,60,14.93,69930.15,7,630.0,7.26,3,0,other,MORTGAGE,48,0.01539163171292627,0
1004,40328,36,12.37,14117.82,0,755.0,15.54,4,0,small_business,RENT,63,0.014871286983941358,0
1005,2846,36,12.68,40467.94,2,689.0,3.8,12,1,debt_consolidation,OWN,48,0.011878448620328812,0
1006,12954,36,11.76,79746.05,25,688.0,11.69,3,0,debt_consolidation,OWN,65,0.010630717121295303,0
1007,15703,60,8.25,31249.61,8,614.0,17.09,7,1,major_purchase,RENT,24,0.030654548463680088,0
1008,48514,36,10.51,85565.38,30,619.0,17.17,4,0,credit_card,RENT,51,0.03763642443481351,0
1009,24700,36,11.47,56194.14,9,665.0,10.41,2,0,debt_consolidation,MORTGAGE,38,0.014257669779676085,0
1010,34043,36,4.0,39080.54,5,564.0,18.98,2,0,debt_consolidation,MORTGAGE,57,0.03006288164851621,0
1011,8469,36,12.35,40673.32,3,728.0,28.82,5,0,debt_consolidation,RENT,60,0.015854505933481828,0
1012,32105,36,21.29,65357.6,26,717.0,17.19,6,0,major_purchase,MORTGAGE,72,0.026654010041474867,0
1013,44101,60,10.28,114869.7,5,705.0,13.67,4,1,debt_consolidation,OWN,69,0.02939257486937531,0
1014,28386,60,12.13,127944.85,1,601.0,21.02,8,0,credit_card,RENT,69,0.03693433468740228,0
1015,47587,60,8.64,26618.33,3,722.0,9.69,5,0,debt_consolidation,RENT,39,0.013916580280247892,0
1016,38976,36,7.62,76817.39,10,629.0,26.57,3,0,major_purchase,MORTGAGE,57,0.036590849387022326,0
1017,41051,60,10.76,101666.24,1,754.0,27.54,3,0,major_purchase,RENT,31,0.022239821074569933,0
1018,4048,60,14.52,28869.11,0,662.0,33.45,6,0,debt_consolidation,RENT,30,0.028831260493703183,0
1019,41001,36,11.06,44383.42,7,685.0,22.0,2,0,debt_consolidation,MORTGAGE,74,0.026936161826810537,0
1020,14941,36,10.5,67266.56,0,,9.58,6,0,debt_consolidation,RENT,60,,0
1021,47375,36,13.98,61021.93,6,698.0,26.1,7,1,small_business,OWN,47,0.06431415725488475,0
1022,44533,60,12.8,25388.22,4,488.0,5.32,7,1,debt_consolidation,OWN,61,0.08591697353435324,0
1023,3828,36,13.12,78694.49,6,576.0,27.67,3,0,small_business,MORTGAGE,20,0.034335389291429486,0
1024,3917,60,16.76,70864.07,7,633.0,19.17,6,1,small_business,RENT,56,0.03540483849872727,0
1025,22618,36,16.26,83534.33,2,704.0,14.04,1,1,home_improvement,RENT,20,0.02565467419287072,0
1026,34254,60,17.98,73333.12,7,783.0,14.74,7,1,credit_card,RENT,64,0.02402551624328862,0
1027,41756,36,7.15,73188.38,5,662.0,16.58,4,0,credit_card,OWN,66,0.021327912066045562,0
1028,49362,60,15.43,60723.25,19,729.0,27.09,6,1,debt_consolidation,OWN,27,0.061707283145492765,0
1029,22128,36,18.58,90217.93,13,721.0,3.22,7,0,debt_consolidation,OWN,35,0.010925825819190228,0
1030,47745,60,5.47,26823.44,23,600.0,21.29,6,1,credit_card,OWN,45,0.062385851379994375,0
1031,2009,36,11.92,32545.67,12,680.0,24.42,7,0,debt_consolidation,RENT,26,0.015565353478569384,0
1032,18644,36,9.83,87416.2,0,644.0,9.31,4,0,other,RENT,60,0.012904126844564106,0
1033,24422,36,11.9,52927.36,8,625.0,31.96,2,0,debt_consolidation,RENT,45,0.04236435711427687,0
1034,11865,36,16.59,,16,782.0,27.67,6,0,debt_consolidation,RENT,69,0.01465226035553719,0
1035,4219,36,6.42,81111.78,21,703.0,12.46,7,0,debt_consolidation,OWN,51,0.006731386461525623,0
1036,41809,36,12.98,76885.71,2,630.0,19.82,4,0,debt_consolidation,RENT,61,0.03871588609800881,0
1037,7287,60,9.74,10270.13,2,644.0,10.32,7,1,debt_consolidation,OWN,43,0.01801343073029019,0
1038,36387,36,16.71,77052.7,23,,14.93,3,0,credit_card,RENT,48,,0
1039,10512,36,13.68,44225.95,7,702.0,5.55,4,0,credit_card,RENT,41,0.008116070382593599,0
1040,3342,36,11.37,72265.11,7,563.0,18.44,6,0,debt_consolidation,RENT,67,0.024243607098434688,0
1041,45336,36,9.13,,8,760.0,7.92,6,0,major_purchase,OWN,39,0.010251975208828474,0
1042,21216,60,22.63,75349.61,1,692.0,10.09,4,1,home_improvement,RENT,44,0.03221493055531892,0
1043,29534,36,13.12,59725.87,10,625.0,21.5,5,0,credit_card,MORTGAGE,54,0.03411459171233636,0
1044,16231,60,6.32,28817.75,20,825.0,20.52,7,1,debt_consolidation,OWN,56,0.009298317430522961,0
1045,34293,36,8.76,19759.11,21,706.0,10.77,6,0,credit_card,RENT,65,0.012476665335258043,0
1046,28614,36,13.65,26336.41,0,773.0,6.18,4,1,debt_consolidation,MORTGAGE,65,0.012792515011544717,0
1047,38258,60,9.08,32167.93,14,755.0,22.58,2,0,debt_consolidation,OWN,72,0.015709738934088197,0
1048,30253,36,9.57,70959.57,0,801.0,23.57,6,0,credit_card,MORTGAGE,56,0.011321786889703688,0
1049,44078,36,15.94,84005.12,29,744.0,26.21,3,0,debt_consolidation,OWN,59,0.030559603632068312,0
1050,42752,36,15.59,52217.97,7,737.0,26.25,5,0,credit_card,MORTGAGE,44,0.031145037513108455,0
1051,19988,60,9.72,37594.39,18,726.0,20.83,5,0,home_improvement,RENT,30,0.012906419815463185,0
1052,33037,36,16.68,60762.22,10,766.0,16.69,6,0,debt_consolidation,MORTGAGE,18,0.015927380851098447,0
1053,14219,36,9.16,10660.08,28,646.0,13.53,3,1,major_purchase,MORTGAGE,38,0.02161702467620977,0
1054,2235,36,18.77,75481.9,29,705.0,22.8,13,0,credit_card,RENT,66,0.018802203430777414,0
1055,44929,36,14.15,58212.29,3,647.0,10.46,6,0,major_purchase,RENT,23,0.027989967051405596,0
1056,3908,60,13.16,61842.96,7,736.0,21.54,4,0,credit_card,RENT,55,0.010684280104738545,0
1057,10567,36,10.46,46584.28,8,662.0,4.57,4,0,debt_consolidation,MORTGAGE,28,0.008452035688973148,0
1058,38298,36,9.57,44403.45,2,667.0,22.94,4,0,home_improvement,MORTGAGE,21,0.027924202404422078,0
1059,7256,60,4.0,18765.44,25,566.0,19.82,6,0,small_business,RENT,66,0.01892658028732151,0
1060,21019,36,10.82,81696.48,5,800.0,11.02,3,1,debt_consolidation,OWN,59,0.00977775016124693,0
1061,10162,36,11.96,28492.1,0,,17.37,5,0,debt_consolidation,OWN,20,,0
1062,7415,36,4.7,41979.26,1,706.0,17.1,8,0,home_improvement,RENT,74,0.007855148029256149,0
1063,38159,36,15.29,36304.05,8,717.0,31.53,4,1,other,OWN,61,0.06162280395759943,1
1064,45925,36,11.36,80820.97,24,765.0,15.92,7,1,credit_card,MORTGAGE,58,0.025414311142956517,0
1065,7951,36,16.86,,10,650.0,20.33,10,0,debt_consolidation,MORTGAGE,52,0.02332154208000183,0
1066,23852,36,9.27,84085.15,2,598.0,22.05,4,0,debt_consolidation,MORTGAGE,36,0.030018591454435736,0
1067,10007,36,16.95,74573.26,4,738.0,15.85,4,0,home_improvement,OWN,68,0.011471406732266258,0
1068,43832,36,10.2,36391.98,29,750.0,30.17,4,0,debt_consolidation,MORTGAGE,31,0.026171606474657647,0
1069,32523,36,11.8,57471.29,0,702.0,,2,0,credit_card,MORTGAGE,51,0.016277821198001252,0
1070,25325,36,12.86,17585.67,30,683.0,0.19,10,0,credit_card,RENT,62,0.010041863015479996,0
1071,23204,60,11.83,69987.47,25,678.0,18.28,5,0,home_improvement,RENT,50,0.018320935758213253,0
1072,17524,36,13.22,43614.95,12,614.0,35.58,6,0,debt_consolidation,MORTGAGE,18,0.05024371237958779,0
1073,21282,60,4.3,33596.11,27,545.0,14.01,7,1,debt_consolidation,RENT,58,0.03736427626602062,0
1074,25930,36,11.44,53155.96,1,779.0,21.38,3,0,debt_consolidation,OWN,47,0.01156430944215887,0
1075,2077,60,11.68,48398.69,27,681.0,12.73,4,0,credit_card,RENT,66,0.00936599101340307,0
1076,42345,60,4.05,67066.44,2,729.0,16.74,7,1,debt_consolidation,OWN,64,0.0211445870876827,0
1077,22611,36,14.57,107497.99,9,659.0,27.24,8,0,debt_consolidation,MORTGAGE,43,0.03377486432335277,0
1078,18984,36,8.35,93063.35,7,659.0,24.16,2,0,credit_card,OWN,65,0.019447074019684606,0
1079,16060,36,15.77,30157.32,8,652.0,20.62,4,0,debt_consolidation,RENT,28,0.024423090054107217,0
1080,19449,36,12.34,98381.38,3,,18.97,4,0,debt_consolidation,OWN,29,,0
1081,20520,36,9.7,61169.95,18,748.0,16.9,2,0,major_purchase,OTHER,18,0.00950299340294219,0
1082,45303,60,16.02,8000.0,16,688.0,,4,0,home_improvement,RENT,73,0.028444598798738892,0
1083,11510,36,18.65,54320.53,28,781.0,27.13,8,0,small_business,MORTGAGE,26,0.016173109525918668,0
1084,31287,36,12.15,21048.72,8,612.0,18.06,5,0,small_business,OWN,47,0.03178806806407944,0
1085,30173,36,17.5,49048.03,9,669.0,20.46,7,0,home_improvement,RENT,30,0.03238496641557287,0
1086,41711,36,11.3,107714.58,25,677.0,8.97,6,0,debt_consolidation,RENT,47,0.018092848567138293,0
1087,13954,60,15.85,27238.22,26,724.0,11.28,9,1,debt_consolidation,MORTGAGE,32,0.01832093575821326,0
1088,9804,60,10.53,26502.85,11,638.0,29.19,6,0,credit_card,OWN,46,0.02588615275578972,0
1089,8565,36,19.3,57539.69,20,749.0,24.7,8,0,credit_card,MORTGAGE,41,0.017298255539251132,0
1090,7984,36,16.31,39558.54,8,718.0,22.03,3,0,debt_consolidation,MORTGAGE,60,0.015192863656689882,1
1091,23526,36,13.88,53610.45,6,776.0,26.85,4,1,debt_consolidation,MORTGAGE,31,0.025894727598310092,0
1092,39438,60,4.0,62717.47,23,650.0,20.56,6,0,debt_consolidation,RENT,61,0.022338758763473094,0
1093,20574,36,13.8,22983.71,18,580.0,20.38,9,1,debt_consolidation,RENT,53,0.06161123988472511,0
1094,11184,36,7.06,65709.36,3,738.0,15.2,3,0,credit_card,OWN,19,0.006941166958797137,0
1095,21096,60,13.41,40970.96,0,746.0,20.03,3,0,credit_card,OWN,18,0.013355519860044948,0
1096,4192,36,17.11,86804.15,9,541.0,9.41,6,0,debt_consolidation,RENT,46,0.026077470999166654,0
1097,36016,60,14.76,38161.16,21,714.0,10.73,4,0,credit_card,RENT,58,0.016198906434770545,1
1098,13246,36,15.43,42218.73,3,699.0,11.59,8,0,debt_consolidation,RENT,47,0.01256767402568266,0
1099,47558,60,10.51,36719.69,17,647.0,31.04,3,0,home_improvement,RENT,72,0.05296323105908124,0
1100,20381,36,5.9,49642.49,6,773.0,17.94,3,0,debt_consolidation,RENT,65,0.007119449219015065,0
1101,38455,36,8.91,23969.33,5,655.0,20.86,4,0,other,RENT,62,0.02683099533315641,0
1102,28727,36,10.68,73053.18,1,782.0,13.09,6,0,credit_card,MORTGAGE,20,0.008578676043326424,0
1103,6018,60,11.94,46818.87,27,736.0,16.72,5,0,other,RENT,32,0.008750633813203198,0
1104,13302,36,17.08,80297.1,2,723.0,14.01,5,0,credit_card,OWN,24,0.01264759429809214,0
1105,3970,36,14.92,61464.54,3,709.0,8.05,4,0,debt_consolidation,RENT,51,0.00802926988901763,0
1106,43157,36,20.88,102805.23,4,724.0,11.61,13,0,other,OWN,39,0.026792899461757422,0
1107,29202,36,7.99,53546.64,4,644.0,5.1,4,1,home_improvement,RENT,57,0.02010533260555999,0
1108,33110,36,16.66,51055.95,1,608.0,19.63,2,0,credit_card,OWN,32,0.04320636121459486,0
1109,19586,60,15.5,74714.02,5,782.0,25.75,7,2,home_improvement,OWN,31,0.04010665109972503,0
1110,26519,36,11.53,8089.94,7,646.0,15.15,7,0,home_improvement,OWN,27,0.020977175308329977,0
1111,33273,36,8.16,48007.14,9,667.0,21.98,2,0,debt_consolidation,MORTGAGE,31,0.02232784150176673,0
1112,23951,36,9.54,57827.5,1,600.0,15.79,5,1,debt_consolidation,OWN,36,0.03870249021485019,0
1113,17374,36,9.35,78110.56,18,717.0,24.89,9,0,debt_consolidation,OWN,55,0.015498075468727942,0
1114,7788,36,18.84,83259.53,4,616.0,16.84,2,0,credit_card,OWN,46,0.025218389161479147,0
1115,7408,36,15.31,87977.65,26,705.0,29.76,6,0,debt_consolidation,OWN,74,0.021542702858259096,0
1116,27053,36,15.46,52623.54,4,661.0,14.82,1,0,credit_card,OWN,39,0.021899684639970902,0
1117,11446,36,12.35,41581.71,23,694.0,31.27,2,0,other,RENT,54,0.02195029312763409,0
1118,2922,60,11.08,61471.59,5,781.0,7.02,6,0,debt_consolidation,MORTGAGE,33,0.004140622176368698,0
1119,35187,36,13.35,53346.99,8,612.0,19.0,2,0,credit_card,OWN,63,0.03658802933484063,0
1120,12789,36,12.41,18127.35,5,649.0,13.45,10,1,debt_consolidation,MORTGAGE,52,0.025838285376188583,0
1121,34184,60,11.62,64099.94,6,634.0,21.79,3,1,major_purchase,MORTGAGE,26,0.052763956526327184,0
1122,3120,60,13.47,37127.1,10,710.0,8.14,3,0,small_business,RENT,57,0.0072570381727771185,0
1123,46028,36,7.74,54305.64,13,705.0,10.14,3,0,major_purchase,RENT,43,0.014247273269581286,0
1124,34154,36,13.07,52785.71,23,667.0,12.54,1,0,debt_consolidation,RENT,58,0.01976615555947134,0
1125,19334,60,11.56,113538.69,9,750.0,11.7,4,0,credit_card,MORTGAGE,29,0.00834825042321949,0
1126,4336,36,9.14,82486.67,2,682.0,15.69,6,0,debt_consolidation,RENT,60,0.009847123205897297,0
1127,40141,36,14.56,76024.02,30,643.0,4.08,4,0,debt_consolidation,RENT,18,0.020352680613962677,0
1128,4243,36,19.18,84299.25,12,759.0,21.49,7,1,home_improvement,MORTGAGE,55,0.02123709532485027,0
1129,21029,36,17.11,51349.53,5,666.0,23.44,7,0,debt_consolidation,OWN,55,0.0304035669827969,0
1130,34265,36,10.87,28902.29,29,670.0,1.66,4,0,debt_consolidation,OWN,52,0.011718485947231226,0
1131,39380,60,14.66,8000.0,28,675.0,25.48,3,0,debt_consolidation,OWN,23,0.03804492689261174,0
1132,48714,36,15.37,73522.8,0,693.0,9.71,6,1,debt_consolidation,OWN,73,0.038537639668967026,0
1133,45872,36,12.48,73849.4,0,751.0,,3,0,home_improvement,MORTGAGE,27,0.01655196457242527,0
1134,48197,36,11.9,41001.77,0,734.0,17.78,6,1,debt_consolidation,MORTGAGE,74,0.03476166000003256,0
1135,25710,36,13.38,44071.83,13,717.0,14.85,5,0,debt_consolidation,RENT,26,0.014417359189331699,0
1136,31486,60,22.05,39972.68,14,622.0,9.78,3,0,debt_consolidation,RENT,52,0.03460363578810963,0
1137,8371,36,13.03,40022.24,15,679.0,12.58,5,0,debt_consolidation,MORTGAGE,41,0.011522320442016976,0
1138,8359,60,6.93,47390.31,10,672.0,17.01,3,0,credit_card,MORTGAGE,63,0.01037507205015687,0
1139,42631,36,7.81,68402.35,4,714.0,15.16,5,1,credit_card,RENT,26,0.025718743028633133,0
1140,37996,36,11.32,86551.72,1,668.0,13.48,2,0,debt_consolidation,OWN,68,0.02037462448350639,0
1141,22103,60,7.01,59406.95,26,766.0,14.42,4,0,debt_consolidation,MORTGAGE,33,0.007127512138000119,0
1142,16382,36,11.47,91658.87,26,719.0,22.14,9,0,debt_consolidation,MORTGAGE,41,0.014960623014125747,0
1143,20755,36,20.9,119285.27,3,715.0,17.75,4,0,home_improvement,RENT,66,0.02125040249373099,0
1144,37659,60,9.95,69985.83,1,621.0,5.57,5,0,debt_consolidation,RENT,27,0.018844312603528916,0
1145,5756,36,7.65,58460.98,5,637.0,18.57,5,1,other,OWN,61,0.02227899613388238,0
1146,22609,60,11.17,8000.0,0,648.0,25.85,2,1,other,RENT,49,0.04422129270659596,0
1147,18478,60,11.58,75101.45,1,,19.61,7,1,credit_card,RENT,68,,0
1148,37442,36,8.04,61562.12,5,751.0,29.38,2,2,debt_consolidation,OWN,48,0.05166339520249165,1
1149,41666,36,7.05,62189.02,3,634.0,4.73,7,0,credit_card,MORTGAGE,74,0.016159113330701556,0
1150,12147,36,17.43,54431.76,15,583.0,14.52,4,0,home_improvement,OWN,52,0.02895134254907521,0
1151,35561,36,14.0,49130.35,25,766.0,33.27,6,0,credit_card,RENT,29,0.02808643925950653,0
1152,36884,60,10.07,35024.52,25,652.0,21.99,4,0,home_improvement,RENT,37,0.02927753798846629,0
1153,7779,60,7.38,80188.61,10,676.0,6.96,4,0,debt_consolidation,MORTGAGE,74,0.006943235160853229,0
1154,14298,36,9.93,8000.0,14,740.0,21.99,4,0,debt_consolidation,MORTGAGE,40,0.01111876518650842,0
1155,16153,36,7.1,71084.98,8,750.0,16.22,2,0,credit_card,OWN,51,0.007368539056615813,0
1156,45879,36,9.68,22106.51,1,625.0,24.55,5,1,debt_consolidation,RENT,48,0.07133109026876806,0
1157,12789,36,20.27,,10,696.0,16.04,4,1,major_purchase,OWN,24,0.030028492978252594,0
1158,46165,60,12.96,51682.63,5,764.0,25.37,6,1,debt_consolidation,OWN,40,0.039623614864017706,0
1159,14999,36,9.53,73986.53,0,683.0,16.66,7,1,home_improvement,RENT,59,0.021142103531174433,0
1160,2814,60,14.72,64784.21,9,746.0,20.29,2,1,small_business,RENT,35,0.01626853634804216,0
1161,12541,36,8.28,89867.07,2,690.0,,5,0,debt_consolidation,MORTGAGE,52,0.010199345623137374,0
1162,26938,60,10.38,106124.47,24,746.0,19.51,3,0,debt_consolidation,OWN,73,0.012644098238038848,0
1163,4443,36,4.58,88984.84,27,760.0,8.62,0,0,debt_consolidation,OWN,64,0.0035144906177043706,0
1164,12457,36,17.1,75465.75,1,784.0,10.15,6,0,debt_consolidation,RENT,27,0.007510905451650133,0
1165,12380,36,11.19,52905.58,0,708.0,27.96,4,0,debt_consolidation,OTHER,22,0.017421074847793244,0
1166,9783,60,8.72,72134.35,0,656.0,0.48,2,0,debt_consolidation,RENT,63,0.00659294740107266,0
1167,46241,36,14.6,85714.64,26,697.0,12.01,5,0,other,MORTGAGE,72,0.023049768153535023,0
1168,19368,36,7.81,50349.48,1,700.0,41.08,6,1,credit_card,MORTGAGE,63,0.048848949946712086,0
1169,17328,36,8.05,61706.97,6,681.0,15.19,4,0,major_purchase,OWN,44,0.011666023855030893,0
1170,28215,36,10.48,40938.78,0,724.0,20.59,5,1,small_business,RENT,51,0.025778446741869014,0
1171,35595,36,7.21,81673.52,5,714.0,11.79,5,1,debt_consolidation,OWN,68,0.019077197315258154,0
1172,29306,60,9.39,72532.93,18,697.0,21.57,5,0,debt_consolidation,MORTGAGE,56,0.018640906517502536,0
1173,21915,36,11.21,28238.63,6,812.0,24.1,2,0,debt_consolidation,OWN,58,0.009572900705161503,1
1174,41915,36,11.57,68447.66,18,631.0,15.16,9,1,debt_consolidation,OWN,22,0.05103791777722261,0
1175,39219,36,6.7,55113.39,13,702.0,18.71,5,0,debt_consolidation,RENT,44,0.017221587348308066,0
1176,17343,36,11.02,63179.41,8,681.0,8.89,5,0,other,RENT,54,0.010638924063415335,0
1177,48403,36,14.32,42495.33,16,569.0,13.75,3,1,credit_card,RENT,47,0.0831772719082936,1
1178,40727,36,14.99,92938.74,24,642.0,18.06,5,1,other,RENT,73,0.059213871630829605,0
1179,2126,36,10.01,43623.53,19,595.0,33.63,6,0,credit_card,RENT,34,0.033189145381818115,0
1180,29632,36,11.24,113138.42,13,730.0,6.54,8,1,debt_consolidation,OWN,61,0.01576984802542224,0
1181,43563,60,11.01,63743.86,14,605.0,22.21,4,1,home_improvement,RENT,45,0.07379258141457713,0
1182,46409,36,6.43,52661.15,1,597.0,25.75,4,0,debt_consolidation,RENT,73,0.046872389795042685,0
1183,22530,60,9.84,71223.68,28,668.0,15.5,3,0,major_purchase,MORTGAGE,44,0.015286208730072182,0
1184,41964,36,15.18,67727.91,2,659.0,23.37,9,0,other,MORTGAGE,53,0.043901183228594605,0
1185,46327,36,15.25,109490.76,5,656.0,26.55,6,0,debt_consolidation,RENT,61,0.05340535189251301,0
1186,5368,36,13.65,71616.02,8,,33.84,7,0,debt_consolidation,RENT,35,,0
1187,5797,36,4.0,13640.79,1,734.0,32.51,1,0,debt_consolidation,RENT,46,0.010690412518197447,0
1188,49882,60,8.87,44140.91,9,670.0,0.92,4,1,major_purchase,OWN,34,0.022931169540537425,0
1189,15718,60,13.87,80258.06,2,738.0,13.92,12,1,debt_consolidation,RENT,60,0.018104221992883227,0
1190,36560,36,18.85,55655.67,26,621.0,21.47,4,0,debt_consolidation,OWN,48,0.05198081653721528,0
1191,13053,36,11.94,47447.85,24,642.0,19.08,2,0,debt_consolidation,RENT,40,0.018692930924677848,0
1192,24116,36,12.38,43239.08,9,628.0,24.31,6,0,other,MORTGAGE,43,0.0327903820868335,0
1193,38244,36,11.55,37000.22,7,678.0,20.25,6,0,credit_card,MORTGAGE,50,0.026451880520184504,0
1194,38185,36,6.77,66364.99,0,639.0,20.29,2,0,major_purchase,MORTGAGE,25,0.02532776550416846,0
1195,3645,60,13.41,43372.33,20,745.0,19.1,8,0,debt_consolidation,OWN,61,0.009635680000308936,0
1196,49523,60,5.91,93619.88,5,545.0,21.13,5,0,credit_card,OWN,24,0.05526106699580335,0
1197,21256,60,11.66,39277.48,3,781.0,22.72,6,0,debt_consolidation,MORTGAGE,51,0.01144060338978765,0
1198,37840,60,12.36,27440.61,30,662.0,22.18,5,0,credit_card,RENT,36,0.03198439748953325,0
1199,36622,36,12.2,59524.44,12,634.0,0.0,5,0,debt_consolidation,RENT,66,0.01534411820159038,0
1200,39430,36,6.81,9109.34,0,791.0,8.61,8,0,debt_consolidation,RENT,37,0.0070861621599374565,0
1201,41282,36,9.16,8000.0,19,674.0,18.79,3,0,debt_consolidation,RENT,70,0.023459057719658616,0
1202,4708,36,14.75,75615.83,16,662.0,22.57,5,0,credit_card,MORTGAGE,66,0.019123286433002616,0
1203,13694,36,12.29,61367.07,6,643.0,21.97,4,1,debt_consolidation,RENT,30,0.03554306916183089,0
1204,11524,60,9.19,8000.0,1,664.0,3.77,8,0,other,MORTGAGE,26,0.008056235730206274,0
1205,33880,60,7.72,62270.7,8,709.0,11.4,4,0,debt_consolidation,MORTGAGE,28,0.011607826349112706,0
1206,41224,60,15.21,52706.57,17,711.0,20.34,6,0,credit_card,RENT,26,0.027721877362074123,1
1207,38980,60,12.14,21918.35,0,609.0,23.41,7,2,credit_card,RENT,62,0.1180528216828351,0
1208,34409,60,7.48,78280.58,1,610.0,20.28,4,0,small_business,MORTGAGE,52,0.02940855512518752,0
1209,15224,36,11.25,97962.48,10,742.0,18.64,6,0,debt_consolidation,RENT,69,0.01067181455470988,0
1210,42738,60,8.78,108124.42,9,648.0,21.02,4,2,credit_card,OWN,41,0.0784612467383268,1
1211,27150,36,13.21,68171.81,25,677.0,23.51,5,0,credit_card,OWN,38,0.02613238565529988,0
1212,36393,36,17.01,60560.66,20,687.0,2.99,5,0,major_purchase,OWN,41,0.015921425940793217,0
1213,45082,60,7.68,104354.89,26,768.0,13.59,5,1,home_improvement,RENT,18,0.018365232010369825,0
1214,9973,60,12.63,66308.36,7,759.0,21.76,11,1,major_purchase,OWN,23,0.018116669712724753,0
1215,10577,36,12.56,51483.59,18,701.0,15.98,3,1,small_business,OWN,41,0.018941812354390603,0
1216,10070,36,4.0,43601.65,0,640.0,18.46,6,0,debt_consolidation,RENT,40,0.012246415213472668,0
1217,10666,36,15.33,73843.52,4,819.0,13.49,8,0,small_business,RENT,57,0.006276914772842397,0
1218,38368,36,20.4,19084.05,10,722.0,14.12,6,0,debt_consolidation,OWN,48,0.02484742065050006,0
1219,8783,60,12.55,88989.71,17,762.0,19.44,9,0,debt_consolidation,OWN,63,0.00945941778967746,0
1220,47994,36,17.44,25231.45,9,666.0,8.47,6,0,major_purchase,OWN,74,0.02887945957537818,0
1221,43914,36,6.98,38805.54,7,611.0,19.73,7,1,debt_consolidation,MORTGAGE,22,0.05574966052640119,0
1222,6971,36,9.12,67729.62,3,711.0,12.36,4,0,debt_consolidation,OWN,61,0.007493630776143392,0
1223,15490,36,12.28,103640.2,1,681.0,3.12,3,0,debt_consolidation,RENT,60,0.008514784762455426,0
1224,47719,36,8.59,53284.82,23,779.0,25.12,8,0,major_purchase,RENT,55,0.018792612516959354,0
1225,47080,60,12.15,33729.46,1,674.0,30.94,5,0,debt_consolidation,OWN,18,0.0493926250402359,0
1226,3990,36,16.01,86686.24,6,653.0,19.69,5,0,debt_consolidation,RENT,46,0.0188891086168561,0
1227,7299,36,8.47,48976.68,24,757.0,19.89,2,0,home_improvement,RENT,42,0.007340942636919242,0
1228,47765,36,16.19,18020.13,1,655.0,14.26,8,0,major_purchase,OTHER,66,0.036798696659615625,0
1229,21956,36,4.31,75153.02,1,663.0,29.42,1,0,credit_card,RENT,69,0.020102968608714394,0
1230,24359,60,9.72,54444.41,13,587.0,31.05,6,0,debt_consolidation,RENT,26,0.047569741888067126,0
1231,48240,36,11.21,53900.13,4,748.0,19.73,2,0,major_purchase,MORTGAGE,46,0.01977235665786041,0
1232,39148,60,8.29,78426.54,6,669.0,28.37,5,0,credit_card,RENT,21,0.03287103429368931,1
1233,30734,36,9.78,80691.96,10,609.0,18.7,2,1,credit_card,RENT,64,0.04598693640017546,0
1234,6757,36,17.58,41211.96,5,750.0,17.75,8,2,credit_card,RENT,63,0.030892563135249813,0
1235,21097,36,16.96,63058.52,19,664.0,19.09,5,1,debt_consolidation,OTHER,30,0.041073156745061866,0
1236,12395,36,14.88,21042.64,29,789.0,15.03,6,0,credit_card,RENT,64,0.007916170838443513,0
1237,18241,60,16.16,53571.98,27,757.0,32.41,5,0,home_improvement,OTHER,31,0.02247149138475672,0
1238,40356,36,9.52,38061.35,9,608.0,26.87,5,0,debt_consolidation,RENT,34,0.047876043003813894,0
1239,29696,36,7.11,54742.49,5,723.0,11.03,7,0,debt_consolidation,RENT,39,0.009685621313538019,0
1240,6944,36,8.77,49758.73,6,743.0,20.63,9,2,credit_card,RENT,54,0.023766610753293248,0
1241,48163,36,9.36,55453.43,4,579.0,19.24,4,0,debt_consolidation,RENT,72,0.048193389939277145,0
1242,21816,60,9.56,18214.49,7,664.0,22.93,6,1,credit_card,OWN,47,0.03414228120734836,0
1243,39011,36,14.11,27051.04,0,648.0,17.02,2,2,credit_card,RENT,53,0.07933038698940925,0
1244,26917,36,13.29,54580.19,0,745.0,11.77,3,1,debt_consolidation,RENT,69,0.017699515284186194,0
1245,33195,60,11.3,97360.51,17,626.0,10.18,5,0,home_improvement,MORTGAGE,60,0.021459389505529145,0
1246,23566,36,11.54,78300.6,5,696.0,14.87,5,1,debt_consolidation,RENT,39,0.02336485882921155,0
1247,11916,36,16.38,70849.87,19,796.0,22.23,8,0,other,OWN,35,0.01099259450711892,0
1248,22806,36,6.83,45113.74,7,558.0,22.94,1,0,debt_consolidation,RENT,19,0.03315707273034207,0
1249,11984,60,15.16,36386.34,19,686.0,31.33,2,0,debt_consolidation,RENT,25,0.02672362709147433,0
1250,3759,60,4.0,75616.84,11,688.0,0.0,1,0,credit_card,RENT,63,0.003710689423795637,0
1251,43949,36,9.74,30875.61,2,531.0,31.49,4,0,credit_card,RENT,62,0.09360257287997074,0
1252,28838,36,18.04,100798.24,7,580.0,1.19,6,0,other,OWN,23,0.025490212687630527,1
1253,4482,60,13.2,58914.74,14,732.0,22.77,7,0,debt_consolidation,OWN,65,0.011990709019525382,0
1254,26442,36,10.13,110364.85,4,677.0,20.95,5,0,home_improvement,RENT,40,0.020062035896260766,0
1255,35719,36,15.66,102583.98,2,692.0,10.07,7,0,debt_consolidation,MORTGAGE,65,0.019230875469570467,0
1256,29965,36,14.38,70532.58,8,671.0,19.96,3,1,other,RENT,20,0.0419147085516596,0
1257,4079,60,14.22,69542.09,3,755.0,13.15,3,0,debt_consolidation,MORTGAGE,21,0.007164547768866085,0
1258,4717,36,11.19,43874.82,9,824.0,28.33,3,1,debt_consolidation,MORTGAGE,64,0.012407610708836232,0
1259,29952,36,15.84,93050.64,3,747.0,8.47,5,0,debt_consolidation,MORTGAGE,18,0.011519131802319395,0
1260,22908,36,9.42,50465.41,25,539.0,22.11,9,1,debt_consolidation,RENT,73,0.0704079271623657,0
1261,44460,36,9.24,17789.99,5,678.0,24.92,3,0,debt_consolidation,RENT,44,0.031068484159667425,0
1262,26861,60,19.5,88848.07,25,765.0,4.78,4,0,debt_consolidation,RENT,54,0.009985554854017106,0
1263,9311,36,10.0,73643.95,3,654.0,9.12,5,0,credit_card,RENT,74,0.010221579274033065,1
1264,30071,36,4.0,47126.57,10,765.0,11.79,8,0,debt_consolidation,RENT,24,0.0067799669252784885,0
1265,25570,36,16.25,66623.74,1,660.0,5.03,3,1,debt_consolidation,OWN,48,0.02521199852067392,0
1266,20449,36,17.45,60817.9,18,605.0,25.72,5,0,credit_card,RENT,44,0.046542898401177105,0
1267,35536,60,11.06,96955.52,2,723.0,21.34,2,0,debt_consolidation,OWN,24,0.018878362875783664,0
1268,40258,36,4.0,34826.02,23,707.0,23.11,3,0,credit_card,RENT,20,0.01742210193239184,0
1269,30865,60,11.78,97250.09,7,644.0,24.23,4,0,debt_consolidation,MORTGAGE,18,0.032342376302296964,0
1270,8645,36,20.29,93253.61,0,758.0,19.77,6,0,debt_consolidation,RENT,61,0.013928386916872332,0
1271,40000,36,12.81,43987.84,5,569.0,5.02,4,0,debt_consolidation,OWN,37,0.029808496730703578,0
1272,28737,36,15.08,70514.4,18,743.0,15.1,7,0,debt_consolidation,MORTGAGE,73,0.014697663487130471,0
1273,13485,36,15.31,73694.52,0,647.0,25.99,4,0,credit_card,OWN,39,0.02882678082839534,0
1274,40565,36,15.89,134466.15,10,786.0,15.4,3,0,debt_consolidation,MORTGAGE,65,0.01456875773550085,0
1275,27522,60,19.45,,8,729.0,18.96,3,0,home_improvement,OWN,66,0.02161194932400414,0
1276,14342,36,16.32,11862.7,4,659.0,25.83,1,0,home_improvement,OWN,60,0.027707326250966377,0
1277,42806,36,11.68,9746.81,17,622.0,27.31,3,0,credit_card,RENT,31,0.051198955386345786,0
1278,15087,60,7.54,65279.09,0,583.0,33.04,7,0,home_improvement,RENT,55,0.04001512582538977,0
1279,39641,60,13.72,85618.82,8,675.0,,5,0,debt_consolidation,MORTGAGE,54,0.024814973079576034,0
1280,36249,36,11.23,37760.66,8,683.0,15.24,3,0,debt_consolidation,MORTGAGE,71,0.019418491300310353,0
1281,12093,36,14.87,55218.72,0,743.0,17.54,5,0,debt_consolidation,RENT,47,0.011306126560623972,0
1282,49190,36,8.55,48929.01,1,637.0,13.7,5,1,major_purchase,RENT,54,0.044672334151989596,0
1283,18438,60,10.8,31423.93,6,702.0,17.53,5,0,major_purchase,RENT,74,0.013360000832402298,0
1284,42411,60,12.04,75082.6,8,659.0,13.2,3,0,debt_consolidation,MORTGAGE,56,0.024226580716144013,0
1285,28399,60,8.24,16332.44,0,770.0,26.2,6,0,other,MORTGAGE,51,0.013626481987802327,0
1286,21846,60,12.16,75952.47,0,672.0,12.15,3,0,credit_card,OWN,64,0.01447031412039571,0
1287,17708,36,15.15,49244.22,2,636.0,31.95,7,0,other,RENT,42,0.04284649238174167,0
1288,46039,60,19.64,84614.74,7,608.0,0.0,2,0,debt_consolidation,OWN,69,0.03002558043687743,0
1289,47368,36,9.06,64313.36,0,653.0,17.68,6,0,major_purchase,RENT,50,0.029299714013300403,0
1290,12998,36,15.62,21244.36,15,666.0,25.38,3,1,home_improvement,RENT,60,0.04070530085305195,1
1291,49063,36,4.09,67817.1,1,668.0,9.32,5,0,other,OWN,59,0.015528315080674501,0
1292,32678,60,11.97,50426.12,18,706.0,10.82,5,1,debt_consolidation,RENT,30,0.022951791494650813,0
1293,12682,60,12.28,87325.87,2,660.0,22.48,9,1,major_purchase,OWN,43,0.03379183818195178,0
1294,10519,36,15.26,78185.83,5,630.0,23.52,6,0,credit_card,RENT,55,0.027765035364800027,0
1295,33480,60,9.92,88594.86,7,655.0,11.19,3,0,credit_card,OWN,49,0.017347621784348444,0
1296,21694,60,12.98,51368.55,5,667.0,17.16,5,0,debt_consolidation,RENT,35,0.01921390786845622,0
1297,5300,36,16.43,,0,646.0,29.35,7,0,debt_consolidation,RENT,71,0.030634942738517388,0
1298,8722,36,7.49,59635.43,25,583.0,19.58,5,0,credit_card,RENT,42,0.020515212947419544,0
1299,41986,60,4.17,78326.96,4,589.0,9.16,5,0,debt_consolidation,OWN,36,0.02147031164289584,0
1300,26160,36,16.32,36035.84,1,563.0,6.04,7,1,debt_consolidation,OWN,73,0.04846659481985903,0
1301,22059,36,8.01,,1,690.0,21.18,4,0,debt_consolidation,OWN,43,0.015350767436967975,0
1302,37822,60,13.83,69400.18,29,707.0,25.25,5,0,small_business,MORTGAGE,43,0.029769190739044268,0
1303,15575,60,19.8,94383.98,1,630.0,26.76,4,0,debt_consolidation,RENT,57,0.0423667913582176,0
1304,9970,36,15.35,33942.91,5,709.0,29.24,5,0,debt_consolidation,OTHER,74,0.021509844750890218,0
1305,36911,60,8.11,72311.51,0,657.0,19.91,5,1,other,RENT,54,0.03909503633247118,0
1306,23591,36,6.15,47702.03,15,671.0,18.16,6,0,debt_consolidation,RENT,41,0.014625142472688845,0
1307,33821,36,8.89,41120.53,10,602.0,20.52,8,0,home_improvement,RENT,32,0.03421490409716231,0
1308,11503,36,12.69,108560.53,8,755.0,22.72,3,1,debt_consolidation,OWN,41,0.018403490314842345,0
1309,49917,36,11.0,71133.05,22,776.0,13.34,3,1,debt_consolidation,OWN,54,0.022008763379678616,0
1310,20922,60,17.45,98423.35,9,699.0,20.0,7,0,home_improvement,OWN,61,0.022246780606165036,0
1311,14175,36,14.67,41323.74,28,634.0,10.23,7,0,debt_consolidation,MORTGAGE,59,0.016993246332934787,0
1312,43124,36,9.08,101914.71,10,686.0,0.0,3,0,home_improvement,RENT,28,0.010776845982357687,0
1313,23389,36,15.38,49809.72,5,633.0,15.78,4,0,credit_card,MORTGAGE,30,0.025580289788506277,0
1314,49838,60,18.03,79875.5,0,600.0,23.61,6,0,home_improvement,OWN,18,0.079633287577514,0
1315,2822,36,10.74,36370.99,15,722.0,4.28,8,0,debt_consolidation,RENT,34,0.005286175845376563,0
1316,19327,36,13.92,33177.3,5,620.0,23.91,7,0,home_improvement,OWN,24,0.03353485140836478,0
1317,49057,36,8.5,59335.46,10,629.0,22.53,4,0,credit_card,RENT,57,0.040053557415667934,0
1318,8150,60,11.43,98724.32,23,547.0,11.68,6,0,major_purchase,RENT,32,0.022526032926932855,0
1319,6425,36,8.43,91595.33,0,744.0,31.89,4,0,debt_consolidation,RENT,72,0.012762493135257683,0
1320,18032,36,16.96,63532.95,17,770.0,13.68,3,1,credit_card,RENT,57,0.016558477030528953,0
1321,4198,36,9.99,51922.14,6,724.0,5.94,4,0,credit_card,RENT,30,0.005309468125454374,0
1322,22079,60,13.76,67960.93,1,729.0,21.78,4,0,debt_consolidation,RENT,63,0.016573791224944574,0
1323,38220,36,14.54,33697.74,9,600.0,26.11,4,0,credit_card,MORTGAGE,51,0.058734387109407794,0
1324,43874,36,24.44,63500.18,8,664.0,30.95,3,2,credit_card,RENT,57,0.20318267467850898,0
1325,15859,36,10.94,61183.07,22,724.0,18.51,4,0,credit_card,OWN,73,0.011550372445874797,0
1326,33419,36,8.89,61293.73,8,622.0,25.55,0,1,debt_consolidation,MORTGAGE,55,0.0548303791472892,0
1327,10705,60,11.71,71611.35,21,656.0,13.79,5,0,home_improvement,OWN,47,0.013589167039347549,0
1328,44880,36,8.6,79801.04,9,582.0,22.72,6,0,home_improvement,MORTGAGE,19,0.04994488031439407,0
1329,25236,60,10.05,8000.0,7,662.0,31.84,3,0,credit_card,MORTGAGE,53,0.03194788321203502,0
1330,24419,60,14.91,39227.55,5,669.0,37.22,4,0,debt_consolidation,RENT,26,0.0473662755988408,0
1331,21978,36,9.31,43611.33,1,710.0,13.04,6,1,debt_consolidation,MORTGAGE,41,0.017578566970332766,0
1332,39609,60,14.25,56041.54,9,580.0,29.73,8,0,credit_card,OWN,74,0.07899215575631456,0
1333,17358,60,14.39,58243.73,9,580.0,10.5,5,0,credit_card,MORTGAGE,19,0.024284328480677995,0
1334,36177,60,13.0,75854.18,29,754.0,13.1,6,0,debt_consolidation,OWN,57,0.013171251233171193,0
1335,31378,36,14.68,68050.24,6,744.0,14.58,6,2,debt_consolidation,OWN,61,0.038819482045815604,0
1336,39334,36,10.82,89956.13,6,641.0,25.25,8,0,debt_consolidation,RENT,53,0.03998978033669698,0
1337,13382,36,4.0,52496.27,1,772.0,18.91,4,0,debt_consolidation,RENT,21,0.005952581022106239,0
1338,16596,60,12.24,43020.96,10,690.0,6.49,2,1,debt_consolidation,RENT,21,0.015269960493658374,0
1339,35572,36,12.31,56502.3,22,748.0,21.91,5,0,credit_card,OWN,34,0.018259168805476025,0
1340,15221,36,10.52,60744.67,3,663.0,28.75,6,0,debt_consolidation,OWN,51,0.024421183998408192,0
1341,3279,36,14.59,62485.61,0,699.0,19.16,3,0,home_improvement,RENT,23,0.012710686804482304,0
1342,47960,36,15.06,53601.16,13,660.0,25.14,4,0,debt_consolidation,RENT,33,0.04963263635696807,0
1343,9083,36,12.87,87145.42,0,780.0,11.89,3,0,debt_consolidation,MORTGAGE,50,0.006064380751418968,0
1344,45861,36,12.39,84632.76,6,670.0,25.75,5,0,credit_card,MORTGAGE,50,0.0409622314250407,0
1345,19771,36,16.88,87189.25,10,675.0,12.36,5,2,debt_consolidation,OWN,29,0.046700244180120386,1
1346,31975,60,7.7,35333.09,6,583.0,18.98,7,0,major_purchase,OWN,52,0.03247407945240783,0
1347,47648,36,10.67,78116.23,3,673.0,11.08,7,0,home_improvement,OWN,29,0.022132220027635336,0
1348,21063,60,15.99,100144.32,19,784.0,8.62,6,0,home_improvement,RENT,63,0.007935513866422505,0
1349,4106,36,14.14,87985.32,4,761.0,9.74,5,0,debt_consolidation,OWN,45,0.006136898427284499,0
1350,26557,36,11.06,47158.7,2,669.0,14.62,3,0,debt_consolidation,RENT,65,0.01687239614539955,0
1351,22607,60,13.56,51704.8,6,674.0,19.2,5,0,home_improvement,RENT,24,0.020920977358981588,0
1352,39599,60,9.81,20754.84,1,605.0,11.62,9,1,debt_consolidation,OTHER,54,0.04553281450093792,1
1353,30529,36,12.65,92147.4,13,701.0,39.19,4,0,credit_card,OWN,40,0.04288834277669096,0
1354,37954,60,14.75,35583.29,14,700.0,15.82,7,0,debt_consolidation,RENT,24,0.02296345539130947,0
1355,29856,60,17.17,48020.81,0,712.0,7.78,8,0,small_business,RENT,57,0.015139690620543456,0
1356,4573,60,14.64,73972.32,13,585.0,0.48,6,0,other,OWN,54,0.012650341871853555,0
1357,14808,36,17.45,63612.9,4,750.0,33.04,8,0,home_improvement,MORTGAGE,18,0.024608668432712068,0
1358,37367,36,6.23,69112.78,11,666.0,21.71,5,2,home_improvement,OWN,28,0.05903585858799054,0
1359,38801,36,4.0,45592.48,14,754.0,9.83,6,1,debt_consolidation,MORTGAGE,51,0.012808184270468759,0
1360,43196,36,4.0,28531.43,3,692.0,15.36,5,0,debt_consolidation,RENT,59,0.015162072615140753,0
1361,36072,36,16.46,65403.59,2,766.0,12.35,5,0,debt_consolidation,MORTGAGE,22,0.013959185464244211,0
1362,25752,60,14.41,37989.43,21,719.0,24.68,6,1,debt_consolidation,OWN,24,0.03621970678495951,0
1363,19685,36,9.13,73011.15,16,630.0,34.38,7,0,debt_consolidation,RENT,44,0.03788422474953337,0
1364,43401,36,10.46,37708.84,21,729.0,10.93,3,0,small_business,MORTGAGE,64,0.013846493567002972,0
1365,13372,36,13.35,56263.28,6,741.0,23.89,5,0,debt_consolidation,OWN,25,0.013988120072623417,0
1366,10996,60,9.11,102899.39,7,693.0,18.25,9,0,debt_consolidation,RENT,30,0.011978631162006276,0
1367,18458,36,8.73,65458.48,5,663.0,14.02,6,0,credit_card,MORTGAGE,29,0.013366593191922939,0
1368,33889,60,9.38,40002.89,8,735.0,15.49,8,0,debt_consolidation,RENT,53,0.013208215980573371,0
1369,28665,36,9.04,72477.42,10,749.0,9.2,9,0,small_business,RENT,37,0.008486970365331758,0
1370,40243,60,12.18,56453.78,20,601.0,20.45,4,0,debt_consolidation,RENT,55,0.04376622568972411,0
1371,33653,60,18.65,40284.39,2,688.0,20.91,5,0,other,OWN,67,0.03273460925825393,1
1372,28657,36,7.97,60608.69,6,668.0,22.94,6,0,home_improvement,OWN,59,0.0216945683673252,0
1373,41952,60,11.71,91004.5,7,794.0,19.62,4,0,credit_card,MORTGAGE,44,0.013861795237404296,0
1374,24180,36,13.84,75099.62,7,637.0,10.06,7,0,debt_consolidation,OWN,31,0.01937892472562933,0
1375,33896,36,14.14,55450.33,8,713.0,23.31,7,1,debt_consolidation,OWN,42,0.04146008689313966,0
1376,14875,36,9.98,29679.65,19,722.0,11.25,9,0,credit_card,MORTGAGE,23,0.008615837766144637,0
1377,3622,36,14.47,78358.35,24,684.0,17.46,4,2,debt_consolidation,RENT,63,0.034902859501816104,0
1378,42809,60,13.68,71949.45,1,763.0,10.24,4,1,home_improvement,OTHER,74,0.021078043820053707,0
1379,18725,36,10.19,19339.13,14,674.0,25.77,10,0,other,RENT,23,0.022330897809408973,0
1380,42760,36,6.59,22962.84,7,607.0,12.37,6,1,debt_consolidation,OWN,64,0.040992884173763657,0
1381,17646,36,7.43,99317.96,6,768.0,34.84,5,0,credit_card,RENT,46,0.014920591748796171,0
1382,19029,36,14.98,68001.5,0,653.0,13.9,4,0,debt_consolidation,RENT,53,0.01903196389747016,0
1383,31402,36,17.71,25191.44,0,,22.44,3,0,credit_card,RENT,18,,0
1384,6263,60,12.0,88421.53,29,671.0,22.87,4,1,debt_consolidation,MORTGAGE,62,0.026702307597105384,0
1385,32987,36,17.61,90413.34,10,623.0,7.61,3,1,credit_card,RENT,26,0.042559519611607456,0
1386,48828,36,11.79,42255.05,7,625.0,2.32,5,0,debt_consolidation,OWN,42,0.02207170236398995,0
1387,49924,36,7.42,36933.99,17,588.0,9.92,5,0,debt_consolidation,RENT,62,0.030421259481325146,0
1388,10646,36,11.16,61987.84,0,711.0,19.52,3,1,major_purchase,OWN,28,0.01918453212255965,0
1389,29529,36,17.97,64002.58,10,723.0,10.33,5,0,debt_consolidation,OWN,49,0.015739455407074828,0
1390,13664,60,9.59,56045.12,11,695.0,11.46,10,0,debt_consolidation,RENT,45,0.009865275042118217,0
1391,37737,36,11.46,33186.22,7,717.0,31.14,5,1,debt_consolidation,RENT,33,0.05075484566120451,0
1392,37796,36,16.74,51207.38,3,672.0,13.63,11,0,debt_consolidation,MORTGAGE,36,0.02836346296112797,0
1393,26027,36,16.47,,28,692.0,25.2,3,0,home_improvement,OWN,56,0.028749612828389826,0
1394,31373,36,13.22,22802.41,4,678.0,15.43,3,0,debt_consolidation,MORTGAGE,61,0.02018666185776205,0
1395,38397,60,14.14,84788.93,1,676.0,16.23,5,0,small_business,RENT,26,0.02578447476833099,0
1396,22609,36,16.25,33465.29,10,615.0,14.3,3,1,home_improvement,OWN,30,0.044221292706595944,0
1397,37835,36,13.23,92649.85,9,759.0,16.55,6,0,major_purchase,RENT,42,0.015310311482513056,0
1398,40709,60,17.12,63834.28,17,663.0,6.77,2,0,debt_consolidation,OWN,58,0.022598367189145218,0
1399,21250,36,14.69,43950.06,16,652.0,10.85,7,0,credit_card,OTHER,45,0.018012723186049608,0
1400,23172,36,11.41,69689.75,10,,12.04,6,0,debt_consolidation,RENT,68,,0
1401,13555,36,13.74,56675.86,2,,23.19,6,0,credit_card,RENT,56,,0
1402,23874,36,10.46,93105.12,24,658.0,30.17,5,0,debt_consolidation,OWN,39,0.031046817147966366,0
1403,15081,60,8.14,113025.23,3,692.0,28.27,7,1,debt_consolidation,RENT,24,0.029524091139616414,0
1404,26063,36,7.43,69812.6,0,579.0,15.53,2,0,small_business,RENT,56,0.024362643532983553,0
1405,8819,60,11.17,55530.73,4,628.0,9.8,3,0,other,OWN,61,0.012603215369017963,0
1406,27712,36,13.25,100070.84,7,769.0,17.05,4,0,credit_card,RENT,70,0.011829486463952337,0
1407,26762,60,19.2,54881.12,2,765.0,21.07,5,0,debt_consolidation,MORTGAGE,51,0.01885466934836616,0
1408,13046,36,13.66,46829.97,5,664.0,17.71,5,0,small_business,OWN,72,0.017435116820040654,0
1409,33463,36,12.77,90764.0,8,830.0,24.1,5,0,major_purchase,RENT,49,0.012030104625703269,0
1410,30769,36,11.6,80989.31,4,722.0,9.09,2,0,small_business,MORTGAGE,24,0.010954175033560597,1
1411,25150,36,10.57,47147.71,0,768.0,17.83,2,1,debt_consolidation,MORTGAGE,57,0.016410294384226524,0
1412,4711,36,12.52,67873.17,2,685.0,17.34,4,1,debt_consolidation,RENT,43,0.019720481272725597,0
1413,6853,60,10.9,51402.86,19,665.0,16.3,4,0,credit_card,OTHER,71,0.01254337418265198,0
1414,31077,60,10.7,75105.74,28,737.0,12.6,10,0,other,RENT,22,0.011991893770533016,0
1415,25863,36,15.28,72608.73,1,747.0,6.08,7,0,debt_consolidation,OWN,45,0.009588652417214932,0
1416,23792,36,8.37,,12,664.0,6.6,3,0,credit_card,RENT,41,0.010501709333380287,0
1417,42483,60,11.0,61034.73,25,706.0,32.37,5,0,debt_consolidation,MORTGAGE,48,0.03763207828508001,0
1418,10942,36,9.25,22908.68,4,504.0,7.48,8,0,debt_consolidation,RENT,73,0.02381212867351665,0
1419,3762,60,12.47,24432.87,21,641.0,13.33,7,0,debt_consolidation,RENT,63,0.013465598809314373,0
1420,33987,36,15.42,47660.04,25,766.0,12.54,6,0,debt_consolidation,MORTGAGE,53,0.012949551458518766,0
1421,17850,36,13.4,45078.19,4,648.0,14.02,6,1,other,RENT,23,0.02959236030826226,0
1422,14112,36,11.12,17256.8,0,677.0,35.13,8,2,debt_consolidation,OWN,49,0.0766640680652162,0
1423,26058,36,15.76,30335.13,26,673.0,21.58,4,0,debt_consolidation,MORTGAGE,39,0.02723498996198833,0
1424,47420,36,15.53,21463.69,4,614.0,13.78,6,0,debt_consolidation,MORTGAGE,26,0.043193961042514224,0
1425,40890,60,12.16,41471.23,0,675.0,17.51,5,0,small_business,MORTGAGE,55,0.025987714750449465,0
1426,2481,60,18.37,73154.55,7,667.0,24.08,5,0,debt_consolidation,MORTGAGE,40,0.0225176673727889,0
1427,49304,36,13.68,96916.58,0,625.0,27.51,8,0,debt_consolidation,RENT,45,0.06601860019599881,0
1428,34921,36,13.57,86444.21,25,671.0,21.44,3,0,credit_card,OWN,67,0.028987349101793673,0
1429,42385,36,7.19,70848.71,1,609.0,32.61,7,0,debt_consolidation,OWN,44,0.056125656684760154,0
1430,3524,60,5.27,69435.64,4,677.0,11.61,4,0,credit_card,OWN,34,0.006870528553115612,0
1431,36888,36,12.25,57352.76,19,676.0,15.71,7,0,debt_consolidation,OWN,24,0.022813166906578555,0
1432,17048,36,15.99,57502.08,19,798.0,19.48,3,2,credit_card,RENT,51,0.026900538328460677,0
1433,37111,36,13.31,94613.56,25,632.0,20.81,4,1,other,MORTGAGE,43,0.059419208402087156,0
1434,39904,36,15.8,75462.74,8,729.0,12.74,8,0,credit_card,MORTGAGE,63,0.0189592882945244,0
1435,36008,60,10.35,64982.17,30,593.0,26.49,6,1,debt_consolidation,RENT,72,0.07938445125365527,0
1436,2060,36,12.33,16114.83,8,828.0,22.66,2,1,home_improvement,RENT,45,0.009623282221539218,0
1437,11130,36,12.07,78210.98,19,704.0,13.74,3,1,major_purchase,MORTGAGE,45,0.016818735980795706,0
1438,20023,36,4.79,78533.42,5,694.0,14.94,6,1,small_business,RENT,65,0.01604094136186094,0
1439,47080,36,19.16,44502.7,27,717.0,26.14,6,0,debt_consolidation,MORTGAGE,56,0.04535582784433216,0
1440,15350,36,16.79,,13,684.0,13.37,3,0,debt_consolidation,MORTGAGE,64,0.015631687873659,0
1441,26354,36,15.71,56659.48,0,655.0,,3,0,credit_card,MORTGAGE,69,0.023261484702882806,0
1442,47186,36,17.14,46543.98,0,624.0,8.48,7,0,credit_card,RENT,23,0.03612139532004145,0
1443,30145,36,10.13,70255.86,24,692.0,2.49,3,0,credit_card,OWN,63,0.00934986059960547,0
1444,36020,36,15.18,32976.81,20,755.0,14.61,4,1,home_improvement,RENT,67,0.02469378249084812,0
1445,22587,36,10.12,110971.91,4,568.0,0.0,9,0,credit_card,MORTGAGE,73,0.016138776493038538,0
1446,43131,60,12.59,73280.66,8,813.0,12.17,5,0,other,MORTGAGE,33,0.009960870497231343,0
1447,11650,36,5.03,57255.67,22,628.0,36.45,8,0,debt_consolidation,RENT,70,0.029440540915403775,0
1448,21933,36,11.4,83972.07,0,699.0,11.69,7,1,debt_consolidation,RENT,41,0.019884302929072513,0
1449,22581,36,5.88,79593.4,1,637.0,23.94,4,0,credit_card,RENT,41,0.021273709670226255,0
1450,25393,36,6.98,41380.2,14,677.0,19.65,6,0,debt_consolidation,MORTGAGE,37,0.016156569848187582,0
1451,25051,36,11.79,47372.15,0,700.0,29.44,2,0,debt_consolidation,RENT,36,0.02504102288307961,0
1452,28212,60,9.17,8000.0,5,669.0,12.13,2,1,credit_card,OWN,27,0.023292404473118658,0
1453,6090,36,13.36,33197.47,3,691.0,18.37,8,0,debt_consolidation,RENT,44,0.01350098075448949,0
1454,8960,36,18.7,76671.6,17,687.0,15.87,5,0,debt_consolidation,RENT,74,0.016741193647776036,0
1455,37772,60,9.51,64581.65,0,714.0,18.6,8,1,credit_card,OWN,33,0.02991394570881337,0
1456,23520,36,10.94,47668.9,0,710.0,9.0,7,0,home_improvement,OWN,54,0.01032713042117682,0
1457,38408,60,14.66,68675.74,0,550.0,12.81,3,0,debt_consolidation,RENT,29,0.047135781984720716,0
1458,30470,36,9.32,,4,660.0,6.98,4,0,small_business,OWN,74,0.013185035980877226,0
1459,22491,60,9.14,23729.16,3,760.0,8.77,4,0,credit_card,RENT,36,0.006611048605895429,0
1460,3341,60,10.22,36331.3,3,731.0,18.97,6,0,debt_consolidation,OWN,56,0.008668269903390268,0
1461,46623,60,15.52,117376.1,5,613.0,33.29,0,0,credit_card,RENT,39,0.08409696682908599,0
1462,26791,60,4.93,56201.25,2,658.0,26.39,4,1,credit_card,RENT,35,0.03488871471212039,0
1463,2338,60,8.61,,0,666.0,20.02,6,0,debt_consolidation,RENT,50,0.012033670762089204,0
1464,7895,60,18.12,73081.96,9,665.0,13.58,2,0,debt_consolidation,RENT,60,0.01609691124050081,0
1465,14254,36,4.0,84470.69,28,670.0,6.07,4,1,home_improvement,MORTGAGE,46,0.010963930089479176,0
1466,13344,36,11.49,54352.2,10,649.0,6.74,6,0,debt_consolidation,OTHER,58,0.011284014933200833,0
1467,3750,36,18.12,87735.82,17,622.0,17.77,8,0,debt_consolidation,RENT,48,0.023888025488943074,0
1468,4421,60,19.64,54495.65,29,808.0,33.66,4,0,debt_consolidation,MORTGAGE,46,0.015655093855644824,0
1469,41887,60,15.2,59735.61,1,691.0,23.38,6,0,debt_consolidation,MORTGAGE,53,0.03546636233737309,0
1470,7319,60,16.69,47950.66,7,667.0,19.76,5,0,credit_card,RENT,19,0.019251633599119966,0
1471,17896,60,8.21,79221.45,9,725.0,36.12,4,0,debt_consolidation,MORTGAGE,28,0.020902141035610472,0
1472,13918,36,8.53,25456.96,4,586.0,18.9,7,0,major_purchase,OWN,61,0.023313343533803904,0
1473,27064,36,18.86,65723.7,10,713.0,22.3,4,0,debt_consolidation,RENT,29,0.026295245180468243,0
1474,48617,36,10.94,74805.83,10,592.0,35.33,6,0,home_improvement,OWN,43,0.09034251248819991,0
1475,29935,36,4.49,85630.27,22,702.0,25.79,6,0,credit_card,OWN,65,0.0171712233305206,0
1476,39641,36,13.67,73657.45,21,628.0,21.83,3,0,home_improvement,MORTGAGE,24,0.0415476056715106,0
1477,31711,60,11.24,37001.29,1,722.0,0.0,6,1,credit_card,RENT,48,0.013050660047134299,0
1478,6806,60,12.32,74427.35,1,839.0,29.61,7,1,debt_consolidation,MORTGAGE,69,0.013687638160323704,0
1479,43360,36,4.0,78502.03,2,689.0,7.51,3,1,debt_consolidation,RENT,24,0.01822800409399084,0
1480,14182,36,4.0,76226.53,3,590.0,4.19,4,1,debt_consolidation,MORTGAGE,26,0.016322396845674277,0
1481,24297,36,13.21,54014.72,9,641.0,20.3,7,0,debt_consolidation,RENT,37,0.02744987506326187,0
1482,21541,36,10.79,56186.77,4,701.0,22.67,5,0,debt_consolidation,RENT,68,0.017483148862535484,0
1483,30921,36,10.17,84894.67,28,756.0,9.6,7,0,debt_consolidation,MORTGAGE,25,0.008968036782675477,0
1484,18774,36,13.56,60052.37,0,613.0,5.84,6,1,home_improvement,RENT,57,0.02709545425997439,0
1485,46813,36,8.88,36149.42,3,792.0,0.27,2,0,debt_consolidation,RENT,61,0.006114615522305389,0
1486,39198,36,10.94,49764.61,23,718.0,13.81,5,0,home_improvement,MORTGAGE,28,0.01591202791022421,0
1487,10820,60,10.2,97287.26,9,679.0,15.49,10,1,credit_card,RENT,42,0.020272682407811982,0
1488,26070,36,15.54,26408.47,9,732.0,6.73,7,0,home_improvement,OWN,20,0.010939233949524532,0
1489,6232,36,4.48,92506.99,9,604.0,34.05,6,0,debt_consolidation,OWN,37,0.026510142772234627,0
1490,13122,36,9.41,60603.24,3,625.0,12.26,6,0,debt_consolidation,OWN,35,0.014533482864937053,0
1491,17023,36,16.36,26860.19,17,598.0,13.32,7,1,credit_card,OWN,59,0.04407696888060953,0
1492,10007,36,8.65,79803.65,8,814.0,25.84,4,0,home_improvement,OWN,22,0.007190629159091277,0
1493,19905,60,12.48,42209.92,0,681.0,10.56,3,2,credit_card,MORTGAGE,33,0.03352059381822338,0
1494,43786,36,18.68,62344.67,2,691.0,34.06,10,0,debt_consolidation,RENT,45,0.06761726754770728,0
1495,31398,36,12.63,14066.55,20,748.0,25.87,9,1,other,RENT,30,0.03377290633075349,0
1496,36268,36,20.56,93633.48,5,595.0,15.24,7,0,home_improvement,RENT,71,0.05279795321067041,0
1497,8737,36,17.6,52647.48,18,631.0,29.56,4,0,other,OWN,25,0.037009817562580614,0
1498,38062,36,9.39,44663.75,11,701.0,29.62,5,0,credit_card,MORTGAGE,26,0.029584894891714328,0
1499,27510,36,6.94,64783.69,4,781.0,14.52,2,0,debt_consolidation,OWN,57,0.007117894259845738,0
1500,21426,60,9.58,82133.54,1,733.0,10.19,2,0,debt_consolidation,MORTGAGE,52,0.008058953237863467,0
1501,39265,60,13.52,55279.14,19,,14.51,5,0,debt_consolidation,RENT,60,,0
1502,19850,60,13.39,81343.51,10,695.0,22.16,5,0,small_business,RENT,48,0.01951048382701326,0
1503,2614,36,14.66,59355.92,4,748.0,13.8,7,0,credit_card,RENT,27,0.00791758459457725,0
1504,23776,36,8.3,62203.56,8,622.0,15.51,4,0,credit_card,RENT,36,0.01924483761241777,0
1505,26077,60,8.89,39982.43,10,698.0,,4,2,debt_consolidation,OWN,55,0.03449090019527917,0
1506,11374,36,14.23,86416.68,0,708.0,12.7,2,0,debt_consolidation,OWN,47,0.010654935090580808,0
1507,37435,36,19.96,76759.43,12,664.0,20.41,5,1,home_improvement,OWN,46,0.06780538441175368,0
1508,32907,36,7.61,73725.26,11,672.0,13.78,9,1,debt_consolidation,MORTGAGE,23,0.026541129200750718,0
1509,15409,36,11.71,86671.97,0,583.0,30.02,3,2,credit_card,RENT,69,0.10683173148820053,0
1510,18514,36,10.56,33767.56,18,647.0,17.66,5,0,debt_consolidation,MORTGAGE,52,0.018391210271589017,0
1511,31866,36,12.58,61779.27,21,538.0,9.47,5,1,credit_card,RENT,19,0.058256350241582634,0
1512,4983,36,7.21,87718.13,4,720.0,18.51,6,0,credit_card,OWN,33,0.008086499208513957,0
1513,33705,60,12.35,59122.57,1,687.0,23.6,8,0,debt_consolidation,OWN,69,0.027749383052206953,0
1514,22662,36,16.88,63691.34,13,672.0,17.05,7,0,debt_consolidation,OWN,49,0.023367597258900204,0
1515,25510,36,5.5,62977.4,1,696.0,11.77,6,0,small_business,RENT,57,0.009853755523231271,0
1516,14651,36,15.98,71822.74,22,698.0,9.82,5,0,debt_consolidation,RENT,25,0.012090393386631546,0
1517,42998,36,7.22,11911.98,7,659.0,20.41,3,0,debt_consolidation,RENT,24,0.025664674694967943,0
1518,30535,36,13.03,62976.4,25,596.0,21.15,6,0,debt_consolidation,RENT,27,0.04078503422632082,0
1519,8640,60,13.96,69924.07,10,710.0,26.38,9,0,debt_consolidation,RENT,68,0.018092493260614823,0
1520,46547,36,13.5,69817.88,4,621.0,9.78,4,0,credit_card,RENT,43,0.031102820197509047,0
1521,17317,60,10.67,100005.32,7,701.0,18.7,6,0,credit_card,RENT,55,0.013814032792638096,0
1522,9564,36,14.65,45378.97,8,759.0,11.22,3,0,debt_consolidation,RENT,43,0.007381130221479163,0
1523,29345,36,6.97,101195.37,20,786.0,19.27,2,0,credit_card,RENT,19,0.008664661533044064,0
1524,30687,60,15.66,50930.65,23,703.0,6.6,9,1,credit_card,MORTGAGE,24,0.02372395690509227,0
1525,15737,36,10.14,26272.99,12,661.0,27.87,1,1,debt_consolidation,MORTGAGE,40,0.0366338811001947,0
1526,11323,36,13.29,97638.3,4,652.0,1.53,5,0,debt_consolidation,OWN,20,0.00937917533901173,0
1527,17229,36,10.59,86317.28,8,700.0,9.97,4,0,debt_consolidation,MORTGAGE,42,0.00959264185714032,0
1528,46481,36,18.13,63402.43,1,563.0,19.34,8,0,credit_card,MORTGAGE,58,0.08029984557253746,0
1529,10502,36,13.75,45362.92,3,632.0,10.57,4,1,major_purchase,RENT,33,0.024562624556275735,0
1530,2545,36,14.61,54782.55,4,634.0,10.82,4,0,major_purchase,RENT,47,0.013389559626414494,0
1531,39114,36,15.15,66385.63,0,705.0,23.3,3,0,credit_card,MORTGAGE,43,0.02993833138191715,0
1532,31430,36,11.04,94691.65,24,677.0,0.0,5,0,debt_consolidation,OWN,49,0.010136743661598583,0
1533,11996,60,13.16,27095.05,0,689.0,2.99,7,0,credit_card,OWN,19,0.008191118267803332,0
1534,29788,60,12.66,54742.24,13,673.0,8.73,6,0,other,MORTGAGE,58,0.015519145434503098,0
1535,31969,60,14.58,53416.15,8,667.0,8.64,5,0,credit_card,OTHER,71,0.01819903560416546,0
1536,15919,36,10.22,47885.11,21,698.0,24.33,4,0,debt_consolidation,OWN,25,0.016376110529825315,0
1537,5810,60,9.17,43805.16,16,722.0,21.55,1,0,debt_consolidation,MORTGAGE,28,0.009609948433203019,0
1538,32586,36,16.73,100180.85,17,744.0,18.99,8,1,debt_consolidation,MORTGAGE,68,0.03273017672057907,0
1539,41974,60,15.15,39951.59,6,678.0,27.87,3,0,home_improvement,OTHER,69,0.04409888385435851,0
1540,43773,36,8.64,63368.67,21,743.0,0.0,4,1,debt_consolidation,RENT,70,0.012610435146887753,0
1541,18371,36,19.61,30502.15,0,775.0,18.46,5,0,debt_consolidation,OWN,20,0.013875197874507687,0
1542,47084,60,9.71,81700.77,7,643.0,32.16,6,0,credit_card,RENT,63,0.05549227730424238,0
1543,31629,36,12.47,47675.69,30,727.0,20.57,8,0,debt_consolidation,RENT,69,0.018833222282872514,0
1544,10436,36,16.67,8000.0,28,646.0,9.73,8,0,debt_consolidation,RENT,56,0.016070325354783196,0
1545,14984,60,16.64,84334.47,0,754.0,23.11,6,0,debt_consolidation,RENT,34,0.015399210913933536,0
1546,35039,60,9.18,46135.74,9,691.0,18.1,5,0,small_business,OWN,46,0.018665801866810633,0
1547,21895,60,14.07,92759.47,4,656.0,18.64,3,0,credit_card,MORTGAGE,48,0.022554674895429484,0
1548,20155,36,10.76,87227.04,15,626.0,10.84,4,0,small_business,RENT,25,0.016442607619396123,0
1549,12616,36,13.68,57218.51,15,646.0,29.98,2,0,debt_consolidation,MORTGAGE,19,0.030163936363484075,0
1550,39129,36,11.5,69903.1,0,671.0,29.68,2,0,debt_consolidation,MORTGAGE,51,0.038745670660746134,0
1551,41837,36,10.39,62365.62,22,747.0,16.62,8,1,credit_card,RENT,47,0.025807092091807978,0
1552,26574,36,8.15,24974.99,2,662.0,14.47,4,0,credit_card,RENT,48,0.015303980890867737,0
1553,5430,36,16.74,95584.51,29,653.0,24.95,6,0,debt_consolidation,MORTGAGE,71,0.024979573259903912,0
1554,14676,36,9.02,53603.0,25,786.0,8.83,5,1,debt_consolidation,OTHER,68,0.008015900077256737,0
1555,12816,36,17.87,60590.34,2,656.0,11.3,8,0,credit_card,MORTGAGE,50,0.017912528412289224,0
1556,34733,60,10.82,60947.31,10,611.0,23.42,3,0,other,RENT,19,0.03865935595638855,0
1557,22144,60,13.94,54348.93,4,598.0,17.52,6,0,small_business,RENT,62,0.031149262293796044,0
1558,4050,60,18.16,75990.68,0,636.0,28.44,6,0,debt_consolidation,RENT,74,0.03294550550162029,1
1559,46460,60,10.28,57567.9,23,680.0,10.87,3,1,major_purchase,MORTGAGE,67,0.03161494011511818,0
1560,35933,36,13.89,47175.03,2,682.0,9.56,6,0,home_improvement,OWN,43,0.018227288278026905,0
1561,26951,60,13.98,49638.39,6,,23.25,5,1,credit_card,RENT,39,,0
1562,34413,36,9.33,101566.66,26,587.0,6.11,3,0,small_business,OWN,26,0.02098292647703474,0
1563,36801,60,12.89,61481.45,0,627.0,23.73,11,0,debt_consolidation,MORTGAGE,69,0.04426526994905553,0
1564,34913,60,14.98,100622.13,9,601.0,18.35,1,0,other,RENT,69,0.04051439382096146,0
1565,49037,60,18.8,36093.69,9,500.0,10.62,6,0,small_business,RENT,28,0.08750712967815925,0
1566,42600,36,10.34,43860.13,17,541.0,8.76,5,0,small_business,MORTGAGE,55,0.0381768972594026,0
1567,27280,36,13.38,47919.59,21,698.0,13.37,2,0,credit_card,OWN,37,0.015238115238395012,0
1568,26557,36,11.49,57946.76,6,662.0,6.23,7,0,debt_consolidation,RENT,59,0.01342447960353943,0
1569,49054,36,12.77,42136.74,16,715.0,34.6,8,0,credit_card,RENT,65,0.04943396006272652,0
1570,37400,36,9.63,56792.58,25,640.0,17.57,3,1,major_purchase,OWN,28,0.0419790082507505,0
1571,6494,36,11.32,65031.02,24,644.0,19.97,3,0,debt_consolidation,RENT,71,0.016474659348231304,0
1572,17152,36,18.07,85128.41,8,628.0,7.24,6,0,debt_consolidation,OWN,69,0.019419633818064146,0
1573,25895,36,12.51,26426.08,10,627.0,10.71,6,1,small_business,MORTGAGE,56,0.03292002694354408,0
1574,11155,60,12.3,83223.11,12,635.0,24.44,10,0,debt_consolidation,OWN,46,0.025473823116301832,0
1575,33883,36,8.59,78468.2,20,784.0,8.8,2,1,other,OWN,28,0.011263727815032468,0
1576,45194,36,16.36,35644.72,8,673.0,13.36,3,1,debt_consolidation,MORTGAGE,59,0.047348229781725676,0
1577,45001,60,15.39,40288.63,0,632.0,20.34,6,0,debt_consolidation,OWN,52,0.047476496691373216,0
1578,3828,36,12.51,68962.62,5,738.0,14.44,2,1,major_purchase,OWN,56,0.012390712028830178,0
1579,47028,60,19.6,44249.52,15,678.0,12.67,2,1,debt_consolidation,MORTGAGE,31,0.05362416361485698,0
1580,43898,36,9.87,94274.62,10,745.0,7.54,7,0,debt_consolidation,RENT,73,0.011240364404438976,0
1581,34123,36,7.83,59834.77,16,710.0,24.66,1,0,credit_card,OWN,58,0.019083935254568536,0
1582,39573,36,11.62,29757.8,8,688.0,28.64,2,0,credit_card,RENT,73,0.034226140919703,0
1583,2806,36,8.61,32073.73,1,698.0,34.2,6,2,debt_consolidation,MORTGAGE,56,0.04638074912905378,0
1584,42970,36,12.96,22749.65,0,703.0,15.78,6,1,home_improvement,MORTGAGE,56,0.036635998669457985,0
1585,31757,36,12.29,57378.64,7,604.0,20.89,8,0,debt_consolidation,OWN,68,0.038837396025361834,0
1586,36636,36,16.61,58566.73,2,687.0,26.45,3,0,small_business,OWN,39,0.03839117963970156,0
1587,16561,36,10.18,72819.12,29,697.0,18.88,5,0,credit_card,RENT,59,0.01356532767322432,0
1588,26262,36,13.33,91571.48,2,705.0,26.11,6,0,debt_consolidation,MORTGAGE,70,0.024509969188570385,0
1589,16899,36,12.74,60303.15,9,651.0,21.89,9,0,debt_consolidation,RENT,54,0.023766610753293227,0
1590,17934,36,15.33,91681.41,0,752.0,23.45,2,0,home_improvement,RENT,23,0.015085512150871722,0
1591,40197,36,7.48,41773.88,3,694.0,11.09,3,1,debt_consolidation,RENT,35,0.022699306579701952,0
1592,43844,36,8.41,23197.77,3,655.0,3.38,3,0,debt_consolidation,RENT,58,0.014522601961856556,0
1593,38332,36,9.68,79830.07,16,704.0,23.66,4,0,other,OWN,58,0.023271938373680384,0
1594,36157,36,7.66,78117.08,8,,17.57,8,0,small_business,OWN,37,,0
1595,13593,60,14.45,66329.75,0,636.0,17.74,5,1,debt_consolidation,OWN,41,0.03516044819234108,0
1596,42042,36,14.49,77031.76,5,628.0,3.47,3,0,debt_consolidation,MORTGAGE,32,0.02222938576635827,0
1597,19320,60,16.37,8000.0,10,729.0,28.75,6,0,major_purchase,OWN,30,0.02391368805293475,0
1598,29376,60,11.42,48264.02,10,738.0,14.73,7,0,debt_consolidation,RENT,32,0.01261367292430363,0
1599,45513,36,10.15,87971.07,0,673.0,0.13,3,0,debt_consolidation,RENT,20,0.012931924341429446,0
1600,16199,36,8.21,53548.43,26,669.0,33.87,3,0,debt_consolidation,RENT,53,0.025463398732915147,0
1601,17876,60,17.21,76260.84,3,733.0,16.83,11,0,major_purchase,RENT,50,0.015569031443747734,0
1602,10245,60,11.11,125066.71,24,632.0,22.27,3,0,credit_card,OWN,48,0.020617137373546597,0
1603,9214,36,9.1,85556.81,2,537.0,41.37,3,0,other,MORTGAGE,34,0.06611732495787276,0
1604,2726,60,15.0,50996.53,9,687.0,13.69,6,0,debt_consolidation,MORTGAGE,59,0.011431559152400636,0
1605,48600,60,10.64,15842.4,6,687.0,18.32,7,0,debt_consolidation,OWN,36,0.027512948830442883,0
1606,13362,36,7.73,77896.83,9,736.0,12.65,6,0,debt_consolidation,RENT,58,0.007059755964896943,0
1607,20297,60,8.53,9415.24,8,728.0,27.72,3,0,debt_consolidation,RENT,73,0.01556933797945172,0
1608,32448,36,12.36,40254.51,0,780.0,7.38,4,0,small_business,OWN,38,0.007940238786151538,0
1609,28172,36,7.71,41492.9,5,696.0,28.84,4,0,home_improvement,RENT,74,0.02223808152414327,0
1610,44874,60,11.66,56982.02,0,813.0,25.37,5,0,major_purchase,RENT,29,0.016581942745438744,0
1611,9657,60,8.54,66874.86,12,750.0,11.0,5,0,debt_consolidation,MORTGAGE,25,0.005824387615105912,0
1612,20850,36,8.22,38430.04,22,687.0,,8,0,small_business,RENT,72,0.012567425833550288,0
1613,27425,36,10.05,86316.57,5,744.0,32.09,6,0,debt_consolidation,OWN,25,0.02146989146017004,0
1614,28685,36,12.64,95456.25,8,626.0,1.57,6,0,debt_consolidation,RENT,32,0.01510513718986263,0
1615,49319,60,13.28,53944.7,0,663.0,18.34,3,0,debt_consolidation,RENT,50,0.03509334008105495,0
1616,26578,36,15.7,86796.44,5,671.0,14.58,6,0,debt_consolidation,RENT,55,0.02153638018140224,0
1617,30831,60,8.87,42745.59,1,669.0,13.79,3,0,debt_consolidation,OWN,31,0.015949025011558877,0
1618,9906,60,17.57,34096.81,0,731.0,0.0,4,0,credit_card,MORTGAGE,52,0.0065652356198175246,0
1619,9287,36,22.88,87015.17,1,746.0,17.38,10,0,debt_consolidation,OWN,57,0.0162855091526869,0
1620,35660,36,10.32,66654.4,23,727.0,2.56,4,0,major_purchase,OWN,46,0.00865950930097871,0
1621,12222,36,4.93,69811.75,29,642.0,20.03,4,0,small_business,OWN,20,0.013790892475063042,0
1622,39443,36,5.03,106015.42,24,721.0,20.7,3,1,credit_card,RENT,65,0.024659125258246317,0
1623,36701,36,10.01,76659.92,29,753.0,30.19,5,0,debt_consolidation,RENT,22,0.022403495872850458,0
1624,19764,36,9.22,120057.06,15,724.0,,5,1,home_improvement,OWN,32,0.01650060460691653,0
1625,46641,36,12.02,62328.12,1,595.0,17.6,6,0,debt_consolidation,OWN,53,0.04643385351997724,0
1626,19674,36,14.03,97789.06,9,622.0,25.72,4,0,credit_card,OWN,48,0.0349513978973846,0
1627,20024,36,6.86,58722.57,15,714.0,27.03,4,1,small_business,RENT,24,0.024860023377785152,0
1628,48007,36,11.31,31156.69,8,750.0,18.99,5,0,credit_card,RENT,30,0.01955529798330205,0
1629,25874,36,9.98,80802.45,9,621.0,14.74,4,0,small_business,OTHER,56,0.021249986521256193,0
1630,45642,36,20.14,59078.75,9,680.0,30.39,5,0,credit_card,RENT,74,0.06632509362672506,0
1631,34284,36,6.47,111853.5,7,683.0,19.41,5,0,home_improvement,RENT,20,0.017768147409777717,0
1632,19602,36,8.96,74096.18,4,620.0,2.56,7,0,credit_card,RENT,62,0.011457806930296957,0
1633,39784,36,12.13,83794.24,10,697.0,20.87,4,0,credit_card,OWN,60,0.025209049526256966,0
1634,25265,60,8.99,20790.21,0,704.0,11.97,13,0,debt_consolidation,RENT,32,0.012004459242881575,0
1635,27931,36,16.53,78125.83,1,690.0,36.93,3,0,debt_consolidation,RENT,32,0.047530793144106825,0
1636,30841,36,7.92,58234.78,26,740.0,10.92,2,0,debt_consolidation,RENT,71,0.008833072920681776,0
1637,31192,60,8.34,40597.95,7,678.0,14.71,3,0,credit_card,OWN,26,0.015386479953823699,0
1638,48542,36,16.88,95113.18,20,722.0,25.93,7,0,major_purchase,RENT,23,0.04070061530578291,0
1639,44520,36,7.24,27681.76,15,706.0,41.67,9,0,major_purchase,MORTGAGE,67,0.0484850451855982,0
1640,17585,60,15.34,68876.41,4,720.0,16.8,4,1,other,RENT,26,0.023218808635162912,0
1641,27559,60,10.19,44644.42,19,652.0,10.21,6,0,debt_consolidation,OWN,29,0.01578289110430272,0
1642,42059,60,9.53,66837.54,0,712.0,10.39,2,0,small_business,OWN,67,0.01380640587441101,0
1643,35742,60,9.97,53007.81,23,750.0,4.54,2,0,major_purchase,RENT,46,0.007883567046542141,0
1644,6133,36,7.52,55485.27,12,736.0,19.45,4,0,debt_consolidation,RENT,64,0.0077726585059810505,0
1645,16663,36,15.63,61442.52,26,754.0,20.89,6,0,debt_consolidation,RENT,35,0.013875745192220533,0
1646,23754,36,12.54,36019.89,25,692.0,6.89,9,0,home_improvement,RENT,45,0.011724046208567911,0
1647,5972,36,15.56,85679.45,5,776.0,15.54,6,0,credit_card,RENT,39,0.007947173717043256,0
1648,7295,36,16.71,76645.05,22,663.0,15.23,3,0,credit_card,MORTGAGE,36,0.016184251377010656,0
1649,48681,60,14.16,35304.51,9,665.0,12.38,5,0,debt_consolidation,OTHER,72,0.028939537356621425,0
1650,43873,36,6.19,95286.64,1,785.0,22.98,3,1,home_improvement,RENT,20,0.021376809709050964,0
1651,31125,36,8.12,79024.97,21,708.0,13.44,6,1,credit_card,MORTGAGE,33,0.020394193989428613,0
1652,42996,60,15.4,62548.49,25,735.0,29.83,3,0,debt_consolidation,RENT,20,0.03533591750475316,0
1653,11903,60,12.22,24469.21,0,577.0,4.4,4,1,credit_card,RENT,27,0.025408367398237222,0
1654,5020,36,14.6,43866.87,27,702.0,16.84,4,0,debt_consolidation,RENT,62,0.01191465406481541,0
1655,43755,60,11.64,12818.43,10,697.0,2.28,9,0,small_business,RENT,43,0.0134703819865725,0
1656,22420,60,10.28,64497.66,0,715.0,22.57,4,2,credit_card,RENT,53,0.04169439591623598,0
1657,23452,36,14.61,81169.47,8,713.0,16.0,3,0,debt_consolidation,RENT,41,0.015391025535501235,0
1658,47648,36,5.09,41914.82,19,660.0,16.19,3,1,small_business,MORTGAGE,22,0.03472544065227904,0
1659,40001,36,10.72,60147.09,8,827.0,13.48,5,0,debt_consolidation,RENT,36,0.008270298410831168,0
1660,11516,36,12.27,84814.02,14,633.0,26.69,7,0,credit_card,RENT,25,0.027476049634421802,0
1661,49327,36,12.83,44409.92,24,666.0,26.53,4,0,debt_consolidation,MORTGAGE,50,0.04667442975561731,0
1662,4396,60,6.82,73939.56,23,736.0,21.07,7,0,debt_consolidation,MORTGAGE,74,0.007968330767489635,0
1663,20546,60,6.99,112613.65,2,620.0,14.6,3,0,debt_consolidation,RENT,28,0.016373533459878624,0
1664,21129,60,10.43,78404.36,6,677.0,19.55,5,0,debt_consolidation,RENT,23,0.017362629237543413,0
1665,3591,60,11.75,34221.82,0,727.0,20.25,4,1,credit_card,RENT,21,0.016259576607576067,0
1666,13303,60,18.22,59371.84,9,653.0,16.15,4,0,home_improvement,OTHER,55,0.021775792026224376,0
1667,32561,36,8.49,78099.11,28,640.0,37.33,10,0,credit_card,OWN,19,0.05112128697940859,0
1668,8183,36,10.03,72495.66,2,707.0,12.35,2,0,credit_card,RENT,21,0.008059273004416109,0
1669,28572,60,18.37,33182.57,6,691.0,17.9,4,0,credit_card,RENT,60,0.02533122181162049,0
1670,36080,36,16.26,70961.28,28,644.0,14.43,5,1,debt_consolidation,OWN,57,0.04963263635696805,0
1671,22695,36,7.54,54692.5,16,690.0,32.41,8,0,home_improvement,OWN,23,0.024537719198983277,0
1672,9314,36,14.7,48618.4,0,680.0,12.65,4,0,other,RENT,36,0.012583319889520503,0
1673,21623,60,15.33,73829.58,6,740.0,25.51,5,0,debt_consolidation,MORTGAGE,49,0.019442879308400298,0
1674,4139,36,12.78,104093.27,30,623.0,11.05,2,0,small_business,MORTGAGE,19,0.013331295601999357,0
1675,49456,60,7.31,41353.5,7,631.0,18.94,7,0,debt_consolidation,RENT,28,0.03377160106321057,0
1676,33290,36,9.62,71316.6,10,666.0,34.54,8,0,debt_consolidation,RENT,66,0.041582662646446174,0
1677,20088,36,9.49,57985.82,13,665.0,6.19,13,0,home_improvement,RENT,30,0.011138573861366059,0
1678,41692,36,14.12,75248.08,11,738.0,10.58,3,0,home_improvement,RENT,50,0.014994555500306947,0
1679,35130,60,10.28,62677.03,8,690.0,37.41,8,0,major_purchase,RENT,59,0.04323117175676831,0
1680,34088,36,10.94,45563.98,1,720.0,26.87,2,1,home_improvement,RENT,21,0.03745502184456239,0
1681,28292,60,9.59,44592.73,14,767.0,2.75,0,0,debt_consolidation,MORTGAGE,29,0.005504552737979298,0
1682,48249,36,5.77,71534.61,27,632.0,13.59,3,1,debt_consolidation,RENT,42,0.038608101157883,0
1683,22670,36,22.38,63256.37,27,767.0,15.11,6,1,debt_consolidation,RENT,38,0.026206290668781086,0
1684,5738,36,13.61,75526.96,9,682.0,23.78,5,0,other,OWN,31,0.017199260574031348,0
1685,4469,36,17.89,20097.23,8,542.0,23.27,5,1,credit_card,MORTGAGE,23,0.0732829711164846,0
1686,24534,36,7.54,87321.53,5,694.0,20.24,3,0,home_improvement,MORTGAGE,36,0.014676535263529213,0
1687,11017,36,18.07,95389.2,0,597.0,7.64,7,0,debt_consolidation,RENT,45,0.021195148022558424,0
1688,4808,60,10.41,63797.9,24,601.0,29.35,5,0,credit_card,OWN,57,0.028878898671935462,0
1689,49638,36,14.12,76513.4,1,621.0,24.28,1,0,major_purchase,OWN,44,0.057538542336734624,0
1690,14713,36,15.97,84404.89,4,676.0,14.4,5,0,debt_consolidation,RENT,30,0.016508396015628986,0
1691,42329,60,18.04,55483.22,16,605.0,38.57,5,0,credit_card,RENT,37,0.11520732711177493,1
1692,4719,36,11.81,65800.05,14,756.0,15.79,5,0,debt_consolidation,RENT,64,0.007249693403837642,0
1693,24890,36,7.98,72134.11,12,747.0,24.68,6,0,credit_card,RENT,64,0.013546339332795903,0
1694,13700,36,11.94,46917.01,16,836.0,37.03,5,0,debt_consolidation,MORTGAGE,41,0.012569907972645414,0
1695,38509,36,14.36,,8,675.0,18.06,4,1,major_purchase,MORTGAGE,50,0.045242520344366245,0
1696,44534,36,9.86,9512.88,1,651.0,13.36,4,1,credit_card,MORTGAGE,63,0.03924407194836968,0
1697,38766,60,10.31,44378.07,30,693.0,24.11,7,0,debt_consolidation,OWN,64,0.02704646536430054,0
1698,28705,36,5.81,96620.45,24,732.0,18.94,5,0,debt_consolidation,OTHER,54,0.011319996053085358,0
1699,20787,36,8.09,69659.22,6,758.0,28.62,6,1,debt_consolidation,OWN,38,0.022467537750379844,0
1700,28588,36,13.78,40093.61,8,644.0,24.51,2,0,major_purchase,RENT,45,0.03380228772474788,0
1701,28123,60,15.53,29155.01,6,741.0,26.09,4,0,debt_consolidation,OTHER,72,0.02245699804764734,0
1702,35062,36,16.41,123063.42,10,740.0,11.17,5,0,credit_card,RENT,61,0.015195257768882102,0
1703,12177,60,21.1,42459.7,15,850.0,25.67,9,0,debt_consolidation,OWN,21,0.011720107420896382,0
1704,23727,60,17.95,47560.14,3,765.0,8.51,7,0,credit_card,RENT,32,0.010378768976530403,0
1705,32220,60,11.39,74979.82,6,793.0,23.21,5,0,small_business,OWN,40,0.013181133193644947,0
1706,11882,60,8.26,39227.99,10,800.0,23.28,3,0,credit_card,MORTGAGE,36,0.0071167635922392974,0
1707,3136,36,10.98,69407.2,30,641.0,0.0,5,0,small_business,RENT,34,0.007144232616422741,0
1708,36832,60,9.8,60707.66,4,634.0,27.35,7,0,home_improvement,RENT,41,0.0405680725588466,0
1709,33966,36,12.66,30680.68,16,740.0,17.16,1,0,credit_card,MORTGAGE,20,0.015049005186955155,0
1710,9009,60,15.56,61251.51,5,659.0,13.36,7,1,small_business,OWN,57,0.025545416642525173,0
1711,14987,36,13.92,68155.72,0,727.0,17.31,5,0,debt_consolidation,RENT,47,0.012445654534904153,0
1712,39311,60,18.3,33570.92,17,676.0,6.8,7,1,major_purchase,OWN,31,0.0368703616860403,0
1713,33575,36,13.58,73024.07,11,705.0,31.3,4,0,debt_consolidation,RENT,74,0.03430688614339963,0
1714,3007,36,6.9,77425.4,8,700.0,24.28,5,1,major_purchase,OWN,63,0.0175730415638586,0
1715,7445,60,9.72,34434.14,12,724.0,34.77,8,1,debt_consolidation,OWN,62,0.02964697074103403,0
1716,12706,36,13.61,72134.32,24,609.0,16.6,9,0,small_business,OWN,59,0.023767538841331246,0
1717,49517,36,12.91,65747.01,17,603.0,15.29,5,1,credit_card,RENT,45,0.07105733061955984,1
1718,46486,36,17.23,51408.48,22,674.0,25.79,3,0,other,OWN,27,0.050155028729122586,0
1719,31257,60,12.03,,4,687.0,26.68,3,1,debt_consolidation,MORTGAGE,24,0.04529697804083649,0
1720,23736,36,11.29,69863.84,19,781.0,28.3,10,0,debt_consolidation,OWN,62,0.015295544110408123,0
1721,44207,36,5.7,45235.37,5,706.0,26.91,3,0,other,RENT,33,0.023881963718549348,0
1722,15281,36,8.77,74457.86,0,695.0,32.57,3,0,debt_consolidation,RENT,32,0.020977996809407568,0
1723,3435,36,13.24,39949.8,0,665.0,24.48,8,1,home_improvement,RENT,59,0.030765877283413567,0
1724,35339,60,12.84,41775.24,15,,22.6,5,0,credit_card,OWN,40,,0
1725,37150,60,14.38,27858.13,3,666.0,30.96,6,0,home_improvement,OWN,49,0.0480806731382824,0
1726,27821,36,13.8,17002.63,4,609.0,8.97,7,0,debt_consolidation,RENT,39,0.023458599549418754,0
1727,28660,36,11.55,63778.43,10,744.0,24.57,3,0,credit_card,OWN,36,0.01711561994681048,0
1728,7084,60,7.99,11110.04,16,650.0,11.54,6,0,debt_consolidation,RENT,44,0.010078512022293254,0
1729,18661,36,12.0,68177.03,9,655.0,20.56,4,1,small_business,MORTGAGE,60,0.034079681122274406,0
1730,15507,36,11.82,57879.07,14,595.0,21.73,5,0,home_improvement,RENT,19,0.029321906327801888,0
1731,9059,36,17.49,107153.22,27,703.0,9.09,0,0,debt_consolidation,RENT,36,0.01046995915991177,0
1732,20271,36,17.31,75183.76,22,783.0,17.78,5,0,debt_consolidation,RENT,60,0.011939638020956864,0
1733,47539,36,10.08,72758.51,3,577.0,19.6,5,0,debt_consolidation,RENT,69,0.05101757973208123,0
1734,9491,36,9.51,43176.61,25,584.0,19.9,1,0,credit_card,OWN,56,0.022255047814262303,0
1735,49295,36,6.59,45892.17,4,704.0,24.46,3,0,credit_card,OWN,37,0.02532776550416846,0
1736,16859,36,11.34,49482.72,11,696.0,21.64,4,0,credit_card,OWN,39,0.0160444141300997,0
1737,10073,60,10.1,59114.93,23,652.0,20.04,5,0,debt_consolidation,RENT,21,0.016239434931355056,0
1738,11077,36,22.43,45398.21,10,647.0,18.14,11,0,debt_consolidation,OTHER,43,0.030668814804028964,0
1739,22953,60,7.54,74263.69,19,698.0,15.51,3,0,debt_consolidation,MORTGAGE,25,0.011526193534467244,0
1740,13383,36,12.23,50265.04,26,566.0,20.5,5,0,major_purchase,RENT,73,0.032394368588591356,0
1741,4353,60,9.43,87882.85,29,602.0,8.62,4,0,home_improvement,MORTGAGE,35,0.011907121893078486,0
1742,25821,60,12.1,39455.4,6,619.0,15.22,0,0,credit_card,OTHER,51,0.023344330588648966,0
1743,39567,60,10.67,78654.01,30,657.0,18.04,5,0,major_purchase,OWN,37,0.02671218530538234,0
1744,26860,60,15.25,108260.11,3,658.0,5.66,2,0,other,RENT,25,0.015490753386838411,0
1745,23195,36,13.76,104203.59,7,524.0,23.77,5,0,debt_consolidation,MORTGAGE,45,0.06057987809604931,0
1746,13939,36,15.11,38512.4,17,602.0,16.05,4,0,debt_consolidation,MORTGAGE,70,0.025438595490970346,0
1747,27338,36,8.99,88811.17,29,715.0,17.14,6,1,home_improvement,OWN,69,0.021921114972486413,0
1748,23730,36,16.32,8000.0,0,710.0,19.39,2,0,home_improvement,MORTGAGE,31,0.01938272576738923,0
1749,23427,36,10.07,21094.99,27,732.0,8.91,4,0,debt_consolidation,OWN,27,0.008379435410215488,1
1750,37196,60,6.38,75017.48,30,711.0,18.77,3,1,debt_consolidation,OWN,47,0.024788367879680934,0
1751,29083,36,11.27,70937.78,25,674.0,13.98,3,1,debt_consolidation,MORTGAGE,21,0.02766210356467708,0
1752,23510,36,12.45,75047.23,0,622.0,24.85,4,0,debt_consolidation,RENT,72,0.0337220369555713,0
1753,46064,60,7.0,47840.31,21,621.0,23.8,5,0,major_purchase,RENT,20,0.0390634925906544,0
1754,9813,36,15.49,32104.9,10,629.0,11.27,5,1,credit_card,RENT,19,0.02785642133092427,0
1755,33598,36,8.76,14805.73,0,729.0,17.3,4,0,home_improvement,RENT,32,0.01362621317439767,0
1756,49182,60,8.58,38461.67,30,712.0,8.45,3,0,debt_consolidation,OTHER,50,0.01418393226517563,0
1757,29570,36,12.0,76256.66,1,622.0,11.76,3,0,credit_card,OWN,22,0.022092000951468124,0
1758,29082,36,15.43,81508.36,6,703.0,19.35,4,1,major_purchase,RENT,34,0.03554169799692913,0
1759,31241,60,7.14,67413.03,0,718.0,24.51,5,0,debt_consolidation,RENT,59,0.017195204217027374,0
1760,32678,60,15.76,64900.54,4,711.0,15.95,8,2,debt_consolidation,RENT,22,0.05434937853057551,0
1761,46569,60,4.0,102328.57,9,734.0,15.02,1,0,debt_consolidation,MORTGAGE,39,0.011987629208018305,0
1762,13745,36,13.32,95165.15,27,683.0,23.94,4,0,major_purchase,OWN,25,0.019656402648226583,0
1763,28029,60,7.48,83597.68,30,664.0,21.49,5,0,debt_consolidation,OWN,58,0.02003924350926758,0
1764,15025,36,8.81,88897.29,6,684.0,6.52,2,0,debt_consolidation,RENT,66,0.007905967810248176,0
1765,38124,36,18.95,68736.76,6,741.0,16.41,4,0,debt_consolidation,RENT,66,0.02210453471308636,0
1766,16288,36,8.05,71957.76,1,726.0,15.59,5,1,debt_consolidation,RENT,65,0.014713891745355277,0
1767,25650,36,11.78,40675.34,8,686.0,,8,0,small_business,OWN,41,0.01656108271909412,0
1768,8540,36,7.73,69489.86,27,749.0,13.82,4,0,debt_consolidation,MORTGAGE,38,0.00609665320263068,0
1769,34232,36,15.08,43854.78,1,791.0,,7,1,debt_consolidation,RENT,25,0.020087609264173908,1
1770,18422,36,13.64,91013.17,3,834.0,7.98,8,0,debt_consolidation,RENT,45,0.004945300393405087,0
1771,5342,36,14.2,75624.47,24,833.0,27.07,3,0,credit_card,RENT,50,0.008015263970659575,0
1772,43846,60,16.52,49300.24,10,850.0,17.7,7,1,credit_card,RENT,32,0.020450608976427868,0
1773,37612,36,10.65,77550.73,4,761.0,17.93,1,0,debt_consolidation,RENT,68,0.013333400337429831,0
1774,12396,36,16.3,88046.87,20,520.0,31.88,5,0,other,RENT,20,0.07713826234908633,0
1775,19482,36,17.96,38212.8,0,,25.12,5,0,other,OWN,29,,0
1776,25411,36,13.14,53573.4,22,592.0,13.87,3,0,debt_consolidation,OWN,49,0.027868881039695387,0
1777,48766,36,7.57,35700.59,8,781.0,19.88,2,0,home_improvement,MORTGAGE,73,0.013830117400745386,0
1778,15261,36,7.18,59007.7,17,661.0,13.63,3,0,home_improvement,RENT,53,0.011244366155218203,0
1779,5093,36,13.77,93368.06,8,707.0,18.68,6,1,major_purchase,MORTGAGE,32,0.01994871835675292,0
1780,13722,60,7.57,60015.34,3,671.0,9.99,6,0,debt_consolidation,MORTGAGE,37,0.009345600838379762,0
1781,24042,36,6.63,74517.11,10,788.0,16.21,9,2,small_business,OWN,52,0.019317070669545654,0
1782,46413,36,15.53,46358.04,1,609.0,20.74,3,0,debt_consolidation,RENT,60,0.0552193160274787,0
1783,49851,36,10.16,81250.38,3,722.0,16.17,2,0,other,RENT,35,0.01964330330804805,0
1784,30087,36,21.68,58418.69,9,617.0,13.2,6,0,debt_consolidation,MORTGAGE,18,0.039992083836142604,0
1785,34347,36,9.37,79068.38,6,552.0,32.2,5,0,debt_consolidation,RENT,53,0.07118946030040217,0
1786,35756,36,10.01,81695.1,16,691.0,16.63,4,0,debt_consolidation,OWN,49,0.018429883478717483,0
1787,41214,36,13.44,33635.35,9,607.0,11.24,8,0,home_improvement,RENT,23,0.03337124198534598,0
1788,18335,60,12.82,42911.37,5,590.0,16.51,7,0,debt_consolidation,OWN,34,0.02787104849808093,0
1789,30602,60,11.66,49701.09,4,586.0,18.12,6,1,debt_consolidation,MORTGAGE,43,0.058076661599891444,0
1790,36450,36,11.57,,26,657.0,22.85,8,0,debt_consolidation,RENT,38,0.03259368595295188,0
1791,34196,60,24.97,93941.74,0,736.0,19.51,3,0,small_business,RENT,36,0.031578833860932735,0
1792,7626,36,18.64,62504.06,13,592.0,17.61,5,0,debt_consolidation,MORTGAGE,66,0.030381170792450812,0
1793,9424,60,15.37,128499.31,6,745.0,19.91,5,0,credit_card,RENT,36,0.011930911331658904,0
1794,14857,36,7.1,27226.02,5,648.0,35.6,6,0,other,MORTGAGE,54,0.02925935443430265,0
1795,46923,36,11.7,54107.05,11,616.0,11.61,5,1,credit_card,OWN,44,0.051752637602826605,0
1796,21982,60,14.64,89378.89,22,753.0,11.3,8,2,other,MORTGAGE,51,0.027535432781397157,0
1797,13425,60,14.99,61104.45,15,738.0,28.48,5,0,debt_consolidation,OWN,46,0.018509286009904938,0
1798,3980,60,17.11,38787.73,12,729.0,12.24,3,0,major_purchase,OWN,19,0.00929168723501111,0
1799,28431,36,9.44,69944.05,8,694.0,14.05,1,0,debt_consolidation,RENT,55,0.013368703424604545,0
1800,21440,60,11.85,126897.52,7,616.0,22.05,4,0,debt_consolidation,RENT,36,0.029235505140769363,0
1801,43752,60,8.98,39106.25,7,755.0,13.68,8,0,debt_consolidation,RENT,63,0.013012332279116494,0
1802,19175,36,17.34,41704.41,1,682.0,26.11,5,2,debt_consolidation,OWN,63,0.07606173102660124,0
1803,28385,36,14.8,33109.38,9,688.0,13.49,6,0,debt_consolidation,MORTGAGE,59,0.0185111027666127,0
1804,40158,36,9.97,49506.79,4,704.0,13.57,5,0,debt_consolidation,RENT,19,0.0166338787438008,0
1805,25019,60,12.9,87069.17,10,739.0,30.46,6,0,small_business,RENT,33,0.022749052012063006,0
1806,20639,36,12.2,99190.12,8,582.0,16.29,3,0,debt_consolidation,OWN,29,0.028260573995311917,0
1807,21994,36,8.48,28363.39,27,677.0,8.28,3,0,credit_card,OWN,46,0.01008150554293316,0
1808,36375,36,15.72,75219.88,6,653.0,37.44,8,0,home_improvement,OWN,51,0.07063997511271736,0
1809,23563,36,12.31,79342.19,11,769.0,18.35,3,0,major_purchase,MORTGAGE,40,0.010844001315415578,0
1810,41341,36,9.88,42940.68,9,784.0,15.34,4,0,home_improvement,OWN,24,0.011211061222961767,0
1811,7776,36,8.41,78547.25,13,698.0,12.67,10,1,credit_card,MORTGAGE,65,0.013991982484927548,0
1812,38444,60,15.42,69398.29,3,601.0,20.32,2,0,debt_consolidation,OTHER,31,0.048185133869046944,0
1813,5380,36,13.07,87299.88,3,645.0,20.0,2,0,debt_consolidation,RENT,73,0.017311860012763677,0
1814,10711,60,9.22,8000.0,9,528.0,33.51,3,0,debt_consolidation,RENT,46,0.05353592958187538,0
1815,10782,36,10.01,67279.29,22,741.0,16.29,3,1,other,OWN,47,0.013409918709233831,0
1816,19434,36,12.02,80356.17,15,646.0,25.63,5,1,debt_consolidation,MORTGAGE,20,0.04473981189504266,0
1817,48765,36,12.26,86171.22,7,753.0,41.6,4,0,debt_consolidation,RENT,57,0.048535818067802605,0
1818,22017,36,12.77,80157.57,3,646.0,21.81,1,0,credit_card,MORTGAGE,28,0.024970806745232388,0
1819,32707,36,4.92,29829.25,17,668.0,20.02,4,2,credit_card,RENT,27,0.04666108279266454,0
1820,41110,60,12.48,95676.11,26,657.0,20.53,7,0,credit_card,MORTGAGE,65,0.03374485380476077,0
1821,19343,36,7.12,78639.58,2,584.0,20.65,4,0,credit_card,RENT,32,0.025452978503971647,0
1822,40827,36,17.68,60471.58,19,582.0,15.64,5,0,debt_consolidation,MORTGAGE,52,0.0538672602101504,0
1823,43652,36,16.17,60899.54,1,798.0,7.65,6,0,debt_consolidation,RENT,55,0.0110910915461614,0
1824,7655,36,16.63,104093.37,25,634.0,24.24,5,0,credit_card,RENT,61,0.027928002877376883,0
1825,46859,60,4.0,77807.96,10,725.0,15.78,2,0,debt_consolidation,MORTGAGE,65,0.013234308893529395,0
1826,17251,36,10.8,63891.05,2,838.0,15.94,3,0,credit_card,OTHER,22,0.00534954427299089,0
1827,2526,36,11.69,38755.0,0,655.0,23.29,6,0,credit_card,MORTGAGE,48,0.01706723795997869,0
1828,5224,36,14.3,54332.4,13,708.0,15.58,10,1,debt_consolidation,OWN,30,0.018792612516959344,0
1829,49837,36,15.6,38687.3,10,697.0,28.71,7,1,credit_card,RENT,55,0.08040477761983082,0
1830,13536,36,17.14,16224.98,10,700.0,8.14,6,0,debt_consolidation,RENT,47,0.011696733335362272,0
1831,30541,36,4.0,65594.93,7,709.0,18.64,5,1,debt_consolidation,OWN,25,0.019887421395409957,0
1832,15547,36,8.79,16156.5,10,608.0,10.04,8,1,debt_consolidation,OWN,45,0.024941606675132406,0
1833,36531,36,12.23,44274.97,23,593.0,10.18,5,0,debt_consolidation,MORTGAGE,63,0.0290662649588057,0
1834,10712,36,15.32,52266.99,28,678.0,14.38,3,0,credit_card,OTHER,47,0.014307507961529475,0
1835,40565,60,15.21,23507.99,5,764.0,22.38,7,1,debt_consolidation,RENT,64,0.03567425042834937,0
1836,11208,36,13.9,85468.1,7,735.0,22.14,4,1,debt_consolidation,OWN,37,0.021557462831436506,0
1837,7109,60,9.45,57144.73,3,595.0,26.35,3,0,credit_card,RENT,63,0.026050563236317048,0
1838,37201,60,9.96,8000.0,6,715.0,7.49,4,1,debt_consolidation,OWN,57,0.018736270806078998,0
1839,18967,36,9.48,80996.24,19,695.0,13.97,6,0,credit_card,RENT,28,0.011568196483539479,0
1840,31759,36,8.08,104233.19,6,688.0,17.06,5,1,credit_card,RENT,46,0.026431286580230372,1
1841,22172,36,8.02,64500.47,6,687.0,32.49,6,1,home_improvement,MORTGAGE,32,0.04038940786289428,0
1842,38935,60,7.64,75485.98,22,698.0,4.21,7,0,home_improvement,RENT,61,0.01057218830290947,0
1843,28589,36,13.34,68091.27,0,678.0,19.87,4,1,debt_consolidation,RENT,32,0.037527915256298915,0
1844,32015,36,12.5,74269.58,22,644.0,17.16,7,1,credit_card,MORTGAGE,44,0.043425992157664815,0
1845,31009,36,8.29,46513.24,2,667.0,1.6,8,0,debt_consolidation,RENT,61,0.010218140033263611,0
1846,19773,60,5.15,41342.8,3,569.0,25.41,3,0,debt_consolidation,RENT,71,0.030335249721591052,0
1847,43125,36,10.52,33664.15,5,711.0,11.25,2,0,debt_consolidation,RENT,36,0.015405580281803395,0
1848,28143,36,17.92,63006.0,24,710.0,27.97,5,0,home_improvement,OWN,38,0.032851965321224134,0
1849,8154,36,12.02,76131.97,25,779.0,11.34,7,0,debt_consolidation,RENT,63,0.0058449217587155195,0
1850,23804,36,15.2,75810.32,11,717.0,14.17,5,1,credit_card,MORTGAGE,34,0.02414774961590679,0
1851,43688,36,12.72,49514.44,7,669.0,27.79,3,0,debt_consolidation,OWN,53,0.0425888679854057,0
1852,22581,60,11.77,55148.2,8,709.0,12.64,6,1,credit_card,RENT,50,0.019873781641693084,0
1853,32087,60,6.11,55047.04,9,661.0,22.57,5,0,debt_consolidation,RENT,72,0.02154228128999693,0
1854,34981,60,10.37,47403.4,28,640.0,3.38,7,2,credit_card,MORTGAGE,20,0.040439047431754645,0
1855,5762,36,9.86,11814.22,29,537.0,19.86,6,0,debt_consolidation,OWN,56,0.029047080539370242,0
1856,48167,36,17.92,55131.93,22,703.0,21.95,7,1,credit_card,MORTGAGE,61,0.06533501806811297,1
1857,11768,36,12.73,52530.69,9,710.0,26.57,4,0,debt_consolidation,MORTGAGE,73,0.01737252748571855,0
1858,45408,36,17.11,58813.08,6,758.0,19.44,3,0,debt_consolidation,RENT,24,0.023505377927596525,0
1859,41499,36,16.51,46683.62,3,767.0,9.54,6,0,credit_card,OWN,59,0.013995569952024046,0
1860,40559,36,8.62,67263.3,8,701.0,13.26,10,0,home_improvement,OWN,46,0.01657053171996757,0
1861,10783,36,12.0,127710.07,5,605.0,4.57,7,0,credit_card,RENT,40,0.013235353667170562,0
1862,48389,36,18.74,79576.8,0,608.0,13.22,6,0,small_business,RENT,69,0.0519354987130565,0
1863,31781,36,14.25,48126.87,7,693.0,17.35,4,0,debt_consolidation,MORTGAGE,68,0.021334174875018035,0
1864,32811,60,14.01,54443.32,9,734.0,20.5,3,0,debt_consolidation,OWN,34,0.018941440697564395,1
1865,37488,36,15.65,57156.63,10,738.0,8.15,5,1,other,MORTGAGE,33,0.022538366646497145,0
1866,10905,60,13.92,62895.17,0,654.0,24.95,3,1,credit_card,RENT,59,0.037982759961012025,0
1867,11127,60,14.19,59873.64,7,554.0,17.05,2,0,other,OWN,25,0.031069688311591927,0
1868,24431,36,13.21,48694.03,11,608.0,25.05,3,0,major_purchase,MORTGAGE,62,0.0385354165811201,0
1869,8368,36,10.64,47402.89,28,564.0,31.86,2,0,debt_consolidation,RENT,49,0.04147757652668204,0
1870,29424,36,7.77,,0,700.0,12.99,7,0,credit_card,RENT,41,0.012328700881217784,0
1871,48824,60,4.57,53438.06,12,664.0,18.82,7,0,debt_consolidation,MORTGAGE,49,0.023981004758164528,0
1872,47004,36,10.68,,0,662.0,10.89,5,0,debt_consolidation,OWN,34,0.022702412553973046,0
1873,20333,60,13.75,54551.21,1,709.0,13.68,5,0,small_business,OWN,54,0.01322099515976502,0
1874,25116,36,12.95,14900.18,1,658.0,14.47,4,0,major_purchase,OWN,71,0.019276950455513656,0
1875,49219,60,14.54,33577.45,4,795.0,,4,0,other,RENT,30,0.01523781512300306,0
1876,45201,60,11.5,19988.83,21,669.0,17.26,5,0,home_improvement,OWN,66,0.028070065341528568,0
1877,17525,36,22.89,65171.38,22,576.0,26.85,6,0,small_business,RENT,67,0.07063341039768255,0
1878,25398,36,20.11,17520.22,5,527.0,9.74,5,0,debt_consolidation,MORTGAGE,44,0.04931567901074114,0
1879,34857,36,5.93,,6,712.0,17.39,7,1,debt_consolidation,RENT,59,0.022692652318158802,0
1880,12361,36,14.63,50776.51,2,718.0,23.39,3,0,credit_card,RENT,44,0.016084562417583666,0
1881,18369,36,15.88,53833.07,6,717.0,,2,0,credit_card,MORTGAGE,55,0.013780559758837088,0
1882,5041,60,4.0,82011.9,3,601.0,7.54,5,1,major_purchase,RENT,36,0.014722012492194644,0
1883,2105,36,12.67,86354.1,1,627.0,23.33,3,1,debt_consolidation,RENT,66,0.033143611143878926,0
1884,11078,60,14.07,41424.62,1,781.0,12.21,5,0,home_improvement,MORTGAGE,23,0.006877901669513779,0
1885,27003,60,11.98,59520.31,18,669.0,20.75,2,0,other,OWN,34,0.022424092602535174,0
1886,8090,36,13.54,49463.79,0,643.0,17.5,6,1,debt_consolidation,RENT,46,0.029051593415041148,0
1887,40850,60,12.32,70548.17,10,763.0,19.54,3,0,major_purchase,RENT,45,0.01657085764210274,0
1888,3925,36,14.81,57921.28,1,618.0,,4,0,home_improvement,MORTGAGE,22,0.01800388118460519,0
1889,20440,60,18.19,71324.68,21,655.0,11.16,3,1,debt_consolidation,RENT,63,0.03275804802217058,0
1890,41685,36,15.08,31666.31,3,754.0,20.69,7,1,debt_consolidation,MORTGAGE,60,0.03596088671724379,0
1891,28015,36,16.7,65703.2,0,760.0,23.6,3,1,other,RENT,71,0.03104741881185523,0
1892,35320,36,7.77,24924.45,7,761.0,14.61,3,0,credit_card,OWN,22,0.009886004631119855,0
1893,27291,36,20.11,40478.51,30,724.0,9.65,4,0,debt_consolidation,OWN,20,0.016037153730718255,0
1894,38679,36,13.26,62531.28,20,801.0,2.92,6,0,debt_consolidation,RENT,28,0.007085317896060492,0
1895,28289,36,10.44,11220.69,9,737.0,15.97,10,0,small_business,MORTGAGE,26,0.012800094546943887,0
1896,5389,36,13.66,8000.0,2,700.0,27.43,4,0,debt_consolidation,MORTGAGE,54,0.017601377313021103,0
1897,27683,60,9.82,31074.86,0,681.0,14.81,5,0,credit_card,OTHER,35,0.015535960525771766,0
1898,15629,36,12.55,36523.68,21,662.0,19.39,11,0,debt_consolidation,RENT,54,0.01991199606735695,0
1899,26826,36,13.2,39128.36,18,606.0,20.06,8,1,credit_card,RENT,71,0.056942782980192716,0
1900,37198,36,9.26,46894.49,7,547.0,29.45,4,1,credit_card,RENT,51,0.10841445114606876,0
1901,28630,60,12.62,67665.53,6,737.0,1.34,6,0,home_improvement,RENT,47,0.0077306626230204305,0
1902,35226,60,9.2,108992.02,16,674.0,25.55,2,0,debt_consolidation,MORTGAGE,27,0.026923059623666333,0
1903,48163,36,9.17,44297.11,8,629.0,18.17,3,0,credit_card,OWN,22,0.03404480499816027,0
1904,34975,36,7.96,69534.37,6,802.0,25.41,4,0,debt_consolidation,MORTGAGE,61,0.012031768692751785,0
1905,2899,36,10.51,91132.15,3,752.0,23.97,6,1,debt_consolidation,RENT,58,0.015371942971224769,0
1906,13653,36,9.8,86663.2,0,671.0,13.58,2,1,home_improvement,OWN,72,0.018895781404179572,0
1907,29961,60,13.9,40366.03,9,714.0,29.7,6,0,other,OWN,64,0.029547021704361662,0
1908,18405,36,16.39,81827.68,21,678.0,31.91,3,0,debt_consolidation,RENT,25,0.034756962845802535,0
1909,10601,60,14.65,92266.34,16,658.0,27.47,6,0,debt_consolidation,MORTGAGE,65,0.026735073643870566,0
1910,35662,36,15.89,98273.13,13,755.0,34.16,3,0,credit_card,MORTGAGE,29,0.0330584769185825,0
1911,35282,60,15.55,99213.1,26,696.0,16.47,4,0,credit_card,RENT,46,0.02311109793478154,0
1912,23288,36,8.29,32494.46,6,605.0,11.01,3,0,small_business,OWN,65,0.01747524897146741,0
1913,31545,60,10.66,65992.49,1,702.0,23.74,4,0,debt_consolidation,OWN,27,0.02170008727128014,0
1914,38877,60,19.12,42741.2,0,718.0,20.47,4,0,home_improvement,OWN,38,0.030305260767847828,0
1915,48026,60,9.82,27340.93,28,782.0,22.57,9,0,debt_consolidation,RENT,60,0.01802723329735294,0
1916,17313,36,19.42,71964.97,9,697.0,13.48,3,0,credit_card,RENT,44,0.017199260574031334,0
1917,17349,36,10.33,65026.75,20,683.0,32.75,5,0,debt_consolidation,OWN,40,0.02596949607459594,0
1918,9179,36,4.0,64272.22,8,711.0,19.48,6,0,home_improvement,OWN,54,0.008217645092436252,0
1919,12326,36,11.01,48128.62,6,617.0,8.79,2,0,credit_card,MORTGAGE,41,0.01360821458459236,0
1920,46555,36,15.39,121226.7,2,843.0,19.4,3,0,home_improvement,OWN,48,0.013368439627548134,0
1921,3560,36,18.65,97722.18,22,798.0,22.64,6,0,debt_consolidation,OWN,49,0.010264971350475315,0
1922,15612,36,6.09,49535.57,0,738.0,10.81,5,0,debt_consolidation,RENT,28,0.006188468141098777,1
1923,19650,36,15.31,59411.14,25,699.0,22.43,5,0,major_purchase,OWN,33,0.021076393182505596,0
1924,28745,36,15.57,72381.96,2,597.0,19.11,6,0,debt_consolidation,RENT,43,0.04092610510340722,0
1925,33890,36,17.21,85683.21,0,682.0,9.41,3,0,credit_card,RENT,53,0.019892879864486995,0
1926,22022,36,4.0,72055.23,0,710.0,12.69,6,1,credit_card,OWN,50,0.013361055394353907,0
1927,6780,36,18.63,62867.95,24,618.0,19.17,5,0,credit_card,OTHER,19,0.027275819277770803,1
1928,20311,36,13.76,24563.56,0,647.0,18.39,5,0,other,RENT,18,0.022928481054731314,0
1929,30380,36,13.83,109074.03,5,651.0,3.69,7,0,credit_card,MORTGAGE,61,0.015684091073412034,0
1930,46662,60,16.16,44222.43,3,642.0,21.71,4,0,major_purchase,MORTGAGE,37,0.049625089822735786,0
1931,4356,60,4.0,86531.03,0,781.0,19.67,4,0,credit_card,RENT,68,0.004858863548347476,0
1932,6790,60,16.06,60785.1,8,670.0,24.23,4,1,debt_consolidation,OWN,41,0.03482412314790068,0
1933,28911,60,21.5,91254.16,30,761.0,22.09,6,0,debt_consolidation,RENT,43,0.023679528175506854,0
1934,26363,36,6.53,,22,651.0,15.67,8,0,debt_consolidation,RENT,26,0.01637578837427069,0
1935,22049,36,11.74,44118.52,1,659.0,18.45,8,0,debt_consolidation,RENT,31,0.020673346203410367,0
1936,12181,36,12.15,56493.21,24,683.0,37.41,1,0,home_improvement,RENT,20,0.02958432070453874,0
1937,41825,36,13.43,37081.54,7,692.0,11.73,4,0,debt_consolidation,OWN,73,0.020138062511132593,0
1938,18082,36,13.7,46582.06,3,617.0,15.25,2,0,home_improvement,RENT,22,0.02241488752291981,0
1939,2661,36,9.31,92278.64,10,701.0,11.81,5,0,home_improvement,RENT,58,0.007283164579010759,0
1940,39412,36,12.16,73812.74,2,613.0,8.65,4,0,debt_consolidation,RENT,74,0.02543760385086023,0
1941,4920,36,18.98,96191.92,24,791.0,14.83,12,0,other,RENT,29,0.008702537529890364,0
1942,27658,60,13.62,61634.84,10,648.0,16.43,3,0,debt_consolidation,OWN,45,0.023738321047315967,0
1943,16025,36,13.47,56029.27,1,732.0,11.64,7,0,other,OWN,29,0.00983036706583189,0
1944,10946,36,9.14,27306.44,9,646.0,38.44,4,0,credit_card,OWN,42,0.03316669138176721,0
1945,30706,36,17.36,86192.44,8,756.0,17.29,7,1,home_improvement,OWN,54,0.028132882412504428,0
1946,47500,36,11.13,55969.98,7,652.0,10.27,5,0,debt_consolidation,RENT,20,0.024252124664826683,0
1947,41004,36,4.0,64865.55,5,677.0,25.05,6,0,debt_consolidation,RENT,27,0.023432498277180983,0
1948,18309,60,13.68,46016.81,7,665.0,,6,1,other,RENT,73,0.02847556691509579,0
1949,48286,36,14.83,131146.21,9,662.0,16.64,4,0,debt_consolidation,RENT,37,0.035257600470827814,0
1950,35120,36,10.8,63075.82,15,592.0,4.75,0,0,credit_card,RENT,55,0.020440194735201072,0
1951,32027,36,4.0,42126.15,26,636.0,23.37,6,0,other,MORTGAGE,74,0.02341557051963235,0
1952,9005,36,7.54,31017.92,0,701.0,23.16,5,0,credit_card,OWN,22,0.011861793129059755,0
1953,48804,60,11.54,73207.68,9,713.0,22.42,2,2,major_purchase,MORTGAGE,65,0.0718828669122868,0
1954,2956,36,10.44,41166.35,16,612.0,23.9,5,0,debt_consolidation,OWN,64,0.021147070929630796,0
1955,36839,60,13.77,48720.66,0,641.0,15.71,2,0,major_purchase,MORTGAGE,61,0.028683787615198665,0
1956,10595,60,14.37,21803.57,25,675.0,24.07,4,1,other,RENT,52,0.03334931377468614,0
1957,49908,60,10.26,61676.74,3,685.0,35.34,2,0,credit_card,RENT,41,0.05140531688465397,0
1958,14803,36,6.4,61407.1,21,703.0,21.1,12,0,small_business,RENT,27,0.012273783325919541,0
1959,27963,36,17.81,106447.96,11,743.0,18.12,2,0,debt_consolidation,OWN,59,0.017750354673994405,0
1960,38221,36,14.24,46602.82,9,700.0,6.65,6,0,major_purchase,RENT,53,0.015556774885003812,0
1961,41443,36,14.69,8000.0,23,620.0,20.25,6,0,debt_consolidation,RENT,42,0.04579778005707028,0
1962,35723,60,13.54,54442.38,29,722.0,10.44,4,0,debt_consolidation,RENT,39,0.014302149885289918,0
1963,41063,60,16.39,92573.25,30,739.0,18.06,7,0,debt_consolidation,MORTGAGE,42,0.022958519959569552,0
1964,17282,60,10.48,75261.78,12,585.0,10.54,7,0,credit_card,RENT,69,0.019864433965209996,0
1965,6703,60,15.31,87156.92,5,708.0,10.07,8,0,home_improvement,MORTGAGE,59,0.009798879811572195,0
1966,8563,36,14.67,71300.95,23,759.0,17.22,6,1,credit_card,RENT,68,0.015513035298058423,0
1967,27849,36,14.54,49030.33,11,641.0,32.98,4,1,debt_consolidation,OWN,63,0.07923257245906647,0
1968,33860,36,7.22,31893.06,4,722.0,12.89,7,1,small_business,RENT,67,0.01873958043290787,0
1969,33585,60,12.56,35432.67,27,638.0,9.87,6,0,small_business,MORTGAGE,44,0.021383923612824724,0
1970,24015,60,13.55,44947.12,16,662.0,36.35,6,0,debt_consolidation,OWN,46,0.04520883969790019,0
1971,14003,36,19.12,75850.54,7,627.0,13.74,5,2,credit_card,RENT,58,0.06438399884654523,0
1972,45585,60,12.4,57988.9,7,717.0,16.7,4,2,debt_consolidation,RENT,74,0.056663114841376906,0
1973,28958,60,16.33,15019.1,30,726.0,17.12,1,1,credit_card,RENT,52,0.028873290218829593,0
1974,28017,60,6.05,68004.15,5,705.0,22.14,6,0,credit_card,RENT,26,0.015193761405236737,0
1975,13171,60,9.13,90567.41,0,716.0,9.86,5,0,credit_card,MORTGAGE,28,0.007527173703245994,0
1976,47350,36,13.76,20548.65,8,723.0,16.17,10,0,small_business,OWN,36,0.023981472880944602,0
1977,14201,36,13.72,73743.4,24,762.0,21.2,6,0,debt_consolidation,OTHER,59,0.011612646033259141,0
1978,31426,36,9.13,8000.0,9,645.0,18.22,3,0,other,RENT,34,0.022396926340401777,0
1979,19778,36,15.82,38106.17,19,528.0,11.32,7,1,credit_card,OWN,74,0.06246545038691327,0
1980,47241,36,11.33,27907.14,0,655.0,9.16,5,0,debt_consolidation,OWN,61,0.022926240885024166,0
1981,44229,36,11.24,77116.61,12,656.0,22.14,3,0,debt_consolidation,MORTGAGE,25,0.034763002156489045,0
1982,23116,60,11.69,101614.67,0,729.0,15.02,7,0,other,RENT,54,0.012052231511264205,1
1983,35297,36,17.35,86552.87,9,545.0,28.49,8,0,major_purchase,OWN,41,0.09735546140394655,0
1984,21342,60,16.36,,8,696.0,17.2,9,0,credit_card,RENT,44,0.019778947413512167,0
1985,29490,36,19.53,36714.87,27,761.0,21.61,7,0,home_improvement,RENT,40,0.02155619730344817,0
1986,21975,36,14.2,74572.07,1,681.0,23.08,7,1,small_business,MORTGAGE,26,0.03941863559359174,0
1987,28723,36,19.72,65987.58,0,714.0,21.5,7,0,credit_card,RENT,20,0.028098452693929115,0
1988,25279,36,12.95,30613.57,1,637.0,11.66,2,0,debt_consolidation,RENT,52,0.01921767717761252,0
1989,14765,36,11.49,86900.8,1,723.0,24.84,4,1,debt_consolidation,OWN,24,0.024492282581990054,0
1990,48678,36,10.25,70843.46,3,675.0,24.17,6,0,home_improvement,RENT,39,0.03601500749845288,0
1991,13561,36,11.3,54529.43,20,646.0,13.05,6,1,credit_card,MORTGAGE,67,0.023944518630560428,0
1992,43899,36,11.49,80531.0,5,683.0,14.34,11,0,credit_card,RENT,25,0.023847952408282195,0
1993,2525,36,9.26,63698.71,21,730.0,19.8,5,1,credit_card,RENT,62,0.013727927372502627,0
1994,24861,60,9.64,90029.96,3,673.0,22.64,2,1,debt_consolidation,RENT,58,0.03282528671209066,0
1995,35142,36,14.43,107200.59,23,670.0,14.74,6,1,major_purchase,RENT,27,0.0393142614740439,0
1996,28916,36,10.05,53021.38,0,677.0,19.94,6,0,credit_card,RENT,49,0.020360657523900014,0
1997,46965,60,5.2,52745.67,27,696.0,12.66,5,0,debt_consolidation,OWN,47,0.015212626194292575,0
1998,6648,36,5.0,47730.66,16,692.0,16.93,4,0,home_improvement,MORTGAGE,27,0.00814768809004929,0
1999,37133,60,4.0,60434.91,6,692.0,16.84,3,0,other,RENT,59,0.013984258711396101,0
2000,32523,60,6.33,93774.87,9,607.0,35.13,4,0,debt_consolidation,RENT,46,0.04834498942819747,0
2001,31052,60,7.2,33476.48,27,671.0,25.26,4,1,other,OWN,30,0.03752285884377354,0
2002,36414,36,8.1,25739.39,9,756.0,17.13,3,1,credit_card,MORTGAGE,33,0.01912366158833767,0
2003,34781,60,13.14,65898.97,3,715.0,19.01,6,2,debt_consolidation,MORTGAGE,63,0.05381020727577201,0
2004,6599,60,6.91,59063.58,9,752.0,14.03,7,0,credit_card,OWN,59,0.005746964127266064,0
2005,37046,36,8.32,64826.19,23,705.0,15.93,3,0,debt_consolidation,MORTGAGE,21,0.015430172144466174,0
2006,49064,36,4.67,11088.94,30,693.0,18.57,6,0,credit_card,RENT,59,0.02002746429841902,0
2007,37923,36,9.36,98532.57,9,766.0,14.0,4,1,small_business,RENT,63,0.01764431174626186,0
2008,43089,60,14.9,65132.69,1,653.0,21.32,4,0,debt_consolidation,OWN,61,0.04037158290412311,0
2009,5814,36,11.91,121172.34,17,650.0,21.48,1,0,major_purchase,MORTGAGE,32,0.01680683429819969,0
2010,47893,60,12.33,70337.76,30,784.0,37.05,2,1,debt_consolidation,RENT,57,0.05327003130479846,0
2011,37984,36,11.99,49964.18,7,734.0,0.0,3,0,debt_consolidation,MORTGAGE,73,0.008452370919515655,0
2012,28616,60,6.86,66373.92,5,663.0,15.72,5,0,debt_consolidation,OTHER,41,0.01576798559445566,0
2013,4113,36,10.36,96988.93,9,642.0,12.04,3,0,home_improvement,RENT,28,0.011094601880681293,0
2014,45006,36,12.88,41988.33,1,618.0,,7,0,small_business,RENT,32,0.037547424696263126,0
2015,15760,36,15.88,74612.43,29,661.0,20.93,4,1,credit_card,MORTGAGE,38,0.03806689148620428,0
2016,23927,36,13.45,70944.31,21,735.0,16.64,4,0,major_purchase,OWN,51,0.013342612409840238,0
2017,22939,36,15.52,74851.63,0,550.0,23.74,3,0,credit_card,MORTGAGE,68,0.05542941538156135,0
2018,34419,36,7.66,37275.7,27,746.0,24.36,5,0,credit_card,OWN,71,0.015824887220855337,0
2019,14588,36,5.99,75939.08,27,722.0,10.75,8,0,other,MORTGAGE,27,0.006822116666069881,0
2020,38142,60,4.99,74058.19,4,618.0,14.69,6,1,debt_consolidation,RENT,33,0.035637802676627695,0
2021,41198,60,15.27,99168.89,10,684.0,28.49,5,0,home_improvement,RENT,42,0.04406854281102647,0
2022,46738,36,6.24,104323.81,0,650.0,2.86,0,1,debt_consolidation,MORTGAGE,26,0.02212140142036049,0
2023,35397,36,16.25,69323.82,0,626.0,14.49,8,1,small_business,RENT,35,0.05593736140668831,1
2024,18653,36,10.22,65728.85,8,697.0,17.99,4,1,credit_card,RENT,20,0.022132220027635336,0
2025,12831,60,18.68,35985.37,0,712.0,12.94,5,0,debt_consolidation,MORTGAGE,74,0.013873829673344638,0
2026,7724,36,10.21,55081.79,23,726.0,15.44,6,0,debt_consolidation,RENT,56,0.008464112297306372,0
2027,13083,36,10.42,48605.82,26,573.0,28.65,3,0,credit_card,RENT,40,0.038076413258587606,0
2028,47917,36,12.27,84392.03,0,653.0,26.21,5,0,other,MORTGAGE,55,0.04752717154585392,0
2029,21816,60,10.34,67683.13,0,717.0,7.52,6,0,debt_consolidation,MORTGAGE,55,0.008681169104152018,0
2030,44240,36,13.67,35451.42,2,738.0,24.92,5,0,credit_card,MORTGAGE,67,0.027574554520331102,0
2031,8276,60,7.82,38957.94,27,695.0,19.3,3,0,debt_consolidation,OWN,42,0.010338583639803917,0
2032,40663,36,12.75,123798.22,17,745.0,24.14,3,0,home_improvement,RENT,34,0.022452607930698643,0
2033,15994,36,9.0,49283.62,12,692.0,27.85,3,0,debt_consolidation,RENT,56,0.01819724890717947,0
2034,25499,36,11.18,76927.84,18,712.0,21.04,11,1,debt_consolidation,OWN,35,0.029271854450807447,0
2035,25040,36,6.5,60554.22,2,630.0,31.93,5,0,debt_consolidation,OWN,43,0.03302205551014284,0
2036,45320,36,15.49,53766.39,3,724.0,29.3,8,2,home_improvement,RENT,67,0.10329851626082055,0
2037,18959,36,10.58,89311.1,4,602.0,30.03,8,0,debt_consolidation,RENT,55,0.04020918143261322,1
2038,8099,36,15.66,48632.71,10,619.0,16.57,5,0,debt_consolidation,MORTGAGE,50,0.021748542653179357,0
2039,44267,36,9.05,52450.71,10,634.0,19.85,5,1,debt_consolidation,RENT,22,0.053547078040296986,0
2040,21576,36,11.96,94371.26,2,781.0,17.37,4,1,credit_card,RENT,35,0.0151919659603697,0
2041,37946,60,15.7,50382.49,6,659.0,12.43,4,0,other,MORTGAGE,65,0.02601101227381141,0
2042,8116,36,7.3,24848.5,13,707.0,26.55,4,1,debt_consolidation,RENT,67,0.020579210472431702,0
2043,17563,36,8.47,31803.93,4,714.0,23.1,2,1,major_purchase,RENT,29,0.021557462831436475,0
2044,28788,36,15.24,72862.11,0,712.0,13.43,2,1,other,OWN,57,0.02590582855776087,0
2045,28928,36,17.39,42470.76,2,619.0,20.85,3,0,debt_consolidation,MORTGAGE,56,0.04101490481532934,0
2046,38336,36,12.06,88247.79,1,702.0,7.34,3,0,credit_card,RENT,21,0.013806950516564262,0
2047,11847,36,8.12,60523.47,10,622.0,0.0,7,0,debt_consolidation,MORTGAGE,20,0.008416909743290991,0
2048,28155,36,10.73,79058.21,0,581.0,20.24,4,0,major_purchase,OWN,47,0.036026813455876106,0
2049,16135,36,19.88,68845.51,24,782.0,31.79,2,0,home_improvement,RENT,58,0.021171510585674482,0
2050,19774,60,6.67,86494.45,0,665.0,12.96,4,0,home_improvement,RENT,41,0.011513895216032735,0
2051,3742,36,14.11,107093.57,10,668.0,16.19,4,0,home_improvement,RENT,42,0.013518839457787044,0
2052,20309,36,12.5,74118.45,26,744.0,11.14,4,0,small_business,OWN,49,0.009038163700506068,0
2053,2619,36,7.37,72898.81,0,730.0,17.66,8,0,credit_card,OWN,56,0.0072266988481795415,0
2054,19658,36,10.74,87803.85,5,646.0,14.94,3,0,small_business,OWN,25,0.01681972816152564,0
2055,36707,60,4.78,45901.79,4,702.0,17.67,6,0,credit_card,OWN,32,0.014456345062611021,1
2056,22337,36,13.15,73538.26,5,715.0,9.75,4,0,debt_consolidation,MORTGAGE,23,0.010924529121035653,0
2057,18001,36,13.73,36951.61,10,606.0,16.1,3,0,debt_consolidation,MORTGAGE,38,0.024953282708378263,0
2058,2968,36,6.54,41027.31,3,640.0,11.2,5,0,debt_consolidation,RENT,29,0.008963061088795953,0
2059,49614,36,14.23,48106.06,0,665.0,0.91,5,1,credit_card,MORTGAGE,62,0.03077422779515759,0
2060,27892,36,9.34,91714.6,28,687.0,23.8,4,1,debt_consolidation,OWN,56,0.03372659913394295,0
2061,27619,36,8.98,56492.3,16,764.0,20.08,5,0,other,RENT,70,0.011212835021412739,0
2062,2281,36,8.1,40483.11,1,645.0,18.34,5,0,small_business,OWN,28,0.012299996908587532,0
2063,29420,36,14.65,78981.35,7,774.0,21.16,9,0,credit_card,MORTGAGE,24,0.015724280719370248,0
2064,17360,36,5.3,18818.42,0,714.0,5.54,7,2,other,RENT,61,0.015825198713074955,1
2065,41030,36,5.64,13222.48,0,589.0,28.99,7,0,debt_consolidation,OWN,25,0.04965150745139257,0
2066,3058,36,9.63,53676.22,0,705.0,16.98,7,0,credit_card,RENT,31,0.009119852096399097,0
2067,22677,60,9.77,53290.41,17,773.0,26.41,8,1,debt_consolidation,MORTGAGE,33,0.021677595731457024,0
2068,12724,36,14.51,86086.0,7,674.0,6.73,2,0,credit_card,OTHER,53,0.010720490497900968,0
2069,30404,36,11.64,90009.03,22,642.0,15.24,6,1,small_business,OWN,40,0.03760384006466472,0
2070,39946,36,11.64,57462.51,4,652.0,32.01,5,1,credit_card,OWN,31,0.07938883631792869,1
2071,41748,36,5.52,54799.84,18,716.0,24.02,5,1,debt_consolidation,RENT,22,0.031546433443850413,0
2072,31856,36,11.08,40591.83,0,603.0,6.94,3,0,debt_consolidation,RENT,48,0.020446602884351232,0
2073,11200,60,4.0,57253.15,10,792.0,22.44,4,0,credit_card,RENT,68,0.005821261598747477,0
2074,35997,60,12.95,8000.0,5,753.0,,3,0,debt_consolidation,RENT,40,0.013781375221982388,0
2075,27611,36,14.71,48714.93,3,728.0,8.73,6,0,debt_consolidation,MORTGAGE,57,0.011878448620328812,0
2076,43235,36,8.88,57980.06,20,617.0,12.95,6,0,credit_card,MORTGAGE,38,0.027510273358209998,0
2077,37057,36,13.5,40373.83,0,775.0,19.17,6,0,debt_consolidation,OWN,31,0.015412255734332329,0
2078,3239,36,10.24,43907.82,28,763.0,18.93,4,0,major_purchase,OWN,21,0.007005566576268219,0
2079,40138,60,16.93,52529.09,18,775.0,11.06,5,0,small_business,MORTGAGE,25,0.013948453358704321,0
2080,2125,36,12.91,59837.79,5,707.0,16.66,5,0,credit_card,RENT,35,0.010074721492487707,0
2081,47272,36,7.85,81570.68,30,690.0,9.85,7,0,home_improvement,OWN,27,0.01649508788008072,0
2082,25857,36,16.68,70660.36,2,706.0,17.0,3,0,debt_consolidation,OWN,39,0.019362588570404793,0
2083,17398,36,15.31,82029.05,6,718.0,21.11,2,0,credit_card,OWN,53,0.016624067273921378,1
2084,8638,60,10.35,74318.24,24,767.0,4.97,3,0,debt_consolidation,OWN,45,0.004351212632192175,0
2085,8570,36,13.98,62867.75,30,608.0,8.06,2,0,debt_consolidation,RENT,32,0.014991011180374065,0
2086,5249,36,13.92,115788.53,3,704.0,12.86,3,0,other,RENT,47,0.00967373469753663,0
2087,11110,36,10.3,42097.18,16,721.0,22.19,7,0,major_purchase,OWN,24,0.012355762450693312,0
2088,42363,60,12.26,37173.74,4,753.0,8.69,4,1,credit_card,OTHER,34,0.019452414026066202,0
2089,15605,60,12.98,56184.75,17,672.0,24.12,3,0,debt_consolidation,RENT,56,0.02132958197257033,0
2090,14115,36,9.3,58494.56,1,695.0,8.54,5,0,home_improvement,RENT,62,0.008317015562655964,0
2091,41062,36,17.39,63448.56,5,683.0,10.16,7,0,small_business,RENT,30,0.024581799289986064,0
2092,24911,36,4.09,36141.89,0,708.0,14.51,3,1,credit_card,RENT,43,0.014995737123658277,0
2093,40525,36,14.71,108931.76,8,656.0,13.38,3,0,small_business,OWN,70,0.02725725312792415,0
2094,34556,36,7.13,51367.24,13,729.0,11.51,7,0,credit_card,OTHER,49,0.010498384598694252,0
2095,14595,36,11.03,35908.19,5,714.0,7.15,7,0,small_business,OWN,35,0.007887165712673437,0
2096,3969,36,5.61,66606.4,10,603.0,5.23,4,0,debt_consolidation,RENT,20,0.008501962073741934,0
2097,45753,36,6.72,87390.41,9,620.0,24.3,7,0,credit_card,RENT,24,0.04004279300644562,0
2098,19275,60,11.65,100272.8,4,679.0,17.99,5,1,other,OWN,28,0.02695136814955731,0
2099,6470,36,12.29,8000.0,7,850.0,31.23,4,1,credit_card,RENT,23,0.013165533439516808,0
2100,12225,36,16.24,79182.02,0,673.0,17.67,8,0,credit_card,OWN,45,0.018989443518036202,0
2101,44324,36,10.4,103922.61,7,629.0,21.16,6,0,debt_consolidation,MORTGAGE,21,0.038749395276909106,0
2102,43974,36,14.47,45118.66,7,647.0,29.1,7,0,debt_consolidation,MORTGAGE,58,0.05759387972194235,0
2103,44759,36,11.96,54209.07,0,720.0,22.53,2,0,debt_consolidation,OWN,21,0.02519430959372217,0
2104,25196,60,14.31,36284.5,8,786.0,15.18,7,0,debt_consolidation,OTHER,62,0.010258065121487277,0
2105,42287,36,7.63,46017.73,16,651.0,13.63,4,0,debt_consolidation,RENT,26,0.020968140873957115,0
2106,15669,60,12.36,33369.2,7,,20.77,2,0,debt_consolidation,OWN,50,,0
2107,39380,36,13.49,83369.06,10,657.0,21.9,2,1,debt_consolidation,RENT,32,0.05551953830476648,0
2108,47141,36,10.01,57344.76,8,728.0,21.28,6,0,credit_card,RENT,67,0.022676689863514895,0
2109,49414,36,13.52,8000.0,18,657.0,16.64,3,0,debt_consolidation,OWN,33,0.0344855723876336,0
2110,40006,36,13.9,44927.51,8,736.0,14.54,5,0,credit_card,MORTGAGE,53,0.017305396577758404,0
2111,17577,36,9.93,42733.54,4,531.0,21.8,6,1,major_purchase,RENT,62,0.06562261694310871,0
2112,24473,60,15.1,81386.52,21,727.0,17.0,7,0,major_purchase,RENT,20,0.016023588608916572,0
2113,30625,60,4.0,58306.66,0,,7.1,3,1,credit_card,OWN,49,,0
2114,17504,60,4.34,57639.04,4,719.0,12.23,3,0,credit_card,RENT,48,0.006842609410008917,0
2115,26089,60,7.86,76072.74,9,681.0,9.4,7,1,credit_card,OWN,53,0.01842915988374109,0
2116,38487,60,13.13,86444.83,22,610.0,21.02,6,0,home_improvement,OTHER,43,0.043815636161358223,0
2117,2302,36,8.98,66688.64,0,693.0,12.19,7,0,debt_consolidation,RENT,56,0.00772636810329855,0
2118,33463,36,6.65,43649.33,0,729.0,35.54,4,0,other,MORTGAGE,44,0.025071314042019545,0
2119,46912,36,11.65,22374.82,4,696.0,22.36,6,0,debt_consolidation,MORTGAGE,70,0.030743222666607065,0
2120,31259,36,12.4,96249.73,5,594.0,30.81,5,0,home_improvement,RENT,71,0.0580624402556309,0
2121,44823,60,9.45,144727.81,22,693.0,31.04,3,0,home_improvement,OWN,35,0.03670523738188805,0
2122,39208,36,7.26,63101.38,28,711.0,15.27,4,0,major_purchase,RENT,49,0.0145137313806337,0
2123,32659,36,12.03,67909.87,0,656.0,26.88,7,0,credit_card,OWN,72,0.0360504365479674,0
2124,37840,60,15.18,97604.73,0,500.0,18.78,4,0,debt_consolidation,OWN,41,0.07995195498099372,0
2125,33890,36,7.14,17182.59,23,651.0,27.56,5,0,credit_card,OWN,53,0.03021312201851743,0
2126,15598,36,18.32,83853.79,1,604.0,6.78,5,0,debt_consolidation,MORTGAGE,22,0.021355899877008238,0
2127,49055,60,9.73,69393.62,5,674.0,20.78,12,0,other,OWN,35,0.03307958072687249,0
2128,48733,60,9.45,40771.17,3,605.0,21.0,5,1,debt_consolidation,OWN,74,0.07290897557791681,0
2129,21508,36,12.54,46998.5,4,603.0,29.16,6,1,debt_consolidation,OWN,50,0.07014657400798947,0
2130,44287,60,12.41,27112.55,4,726.0,9.08,5,0,debt_consolidation,RENT,64,0.01497094227932056,0
2131,15380,60,4.0,88126.87,5,690.0,15.94,5,1,credit_card,RENT,73,0.014849912934280512,0
2132,28984,60,11.57,34005.89,10,710.0,19.9,4,0,debt_consolidation,OWN,56,0.017708906300694733,0
2133,46633,60,14.31,70300.86,10,646.0,21.42,7,2,home_improvement,OWN,62,0.11394733723938766,0
2134,10125,36,16.11,19340.4,8,651.0,33.11,3,0,debt_consolidation,MORTGAGE,60,0.03579140069567402,0
2135,38059,36,11.54,94861.77,22,642.0,20.34,1,1,small_business,OWN,54,0.050200782406137186,0
2136,6033,36,10.58,54878.32,22,650.0,21.86,5,0,debt_consolidation,OWN,70,0.016692867221164913,0
2137,39873,36,14.9,86805.61,2,652.0,25.36,6,0,debt_consolidation,RENT,44,0.04542775791747493,0
2138,19087,36,19.17,54702.8,8,620.0,19.59,6,0,debt_consolidation,RENT,45,0.03604904654166037,0
2139,42901,36,12.37,,18,637.0,12.61,4,0,other,RENT,41,0.027893274389080607,0
2140,7704,36,11.27,26486.94,23,692.0,11.9,4,0,debt_consolidation,RENT,49,0.009299791443643707,0
2141,9848,36,17.03,86344.37,3,620.0,24.31,2,0,credit_card,MORTGAGE,46,0.03139707542813104,0
2142,23592,36,7.48,50907.64,8,700.0,16.7,6,1,credit_card,OWN,67,0.02030926021404893,0
2143,47743,60,12.25,67423.99,8,586.0,9.42,4,0,home_improvement,OWN,37,0.03619946568325021,0
2144,8924,36,21.63,,13,698.0,9.97,10,0,debt_consolidation,RENT,51,0.015079570127710589,0
2145,29208,36,13.81,59574.28,4,675.0,18.54,10,1,debt_consolidation,RENT,30,0.0397822213023845,0
2146,21614,36,15.07,65134.52,4,699.0,22.57,6,0,credit_card,RENT,70,0.02197950924767385,0
2147,2488,36,10.69,16115.02,14,699.0,24.68,6,0,credit_card,RENT,46,0.013222299843317872,0
2148,41882,60,14.35,42947.5,6,619.0,19.91,6,0,debt_consolidation,RENT,29,0.04511138700283512,0
2149,27923,36,16.86,99375.07,0,683.0,6.95,3,0,credit_card,MORTGAGE,22,0.01569582834937877,0
2150,37941,36,5.94,39565.33,27,612.0,12.78,6,0,debt_consolidation,RENT,21,0.02198896965790519,0
2151,31165,36,11.61,82559.79,1,655.0,2.76,5,0,credit_card,RENT,57,0.013179832517873235,0
2152,3667,36,13.4,68157.81,1,736.0,30.03,5,0,debt_consolidation,MORTGAGE,60,0.015195257768882102,0
2153,28213,36,11.77,72782.8,20,621.0,1.71,6,0,major_purchase,OWN,34,0.014849327769915483,0
2154,6114,36,10.05,75843.88,5,677.0,20.63,7,2,debt_consolidation,OWN,41,0.035845967100634014,0
2155,38321,36,17.58,60508.41,4,631.0,24.77,7,0,home_improvement,RENT,61,0.055735975281865476,0
2156,9761,60,12.81,45773.84,10,698.0,23.96,3,1,credit_card,OWN,65,0.02623999751212366,0
2157,33116,36,9.2,41377.56,0,735.0,33.61,6,0,small_business,RENT,72,0.02574882889516073,0
2158,35768,36,15.94,51731.8,3,652.0,11.25,5,0,credit_card,OWN,60,0.025341593490600677,0
2159,27426,36,17.56,91262.37,0,693.0,14.28,5,2,home_improvement,OWN,29,0.05415235712452742,0
2160,19772,36,16.56,26102.24,4,667.0,2.37,5,0,debt_consolidation,RENT,27,0.012324561488237755,0
2161,40218,36,10.34,52211.77,23,621.0,19.12,3,0,home_improvement,RENT,34,0.03357441444176691,0
2162,5712,36,10.51,22134.13,25,701.0,11.02,5,0,home_improvement,OWN,70,0.00795900847403311,0
2163,3367,60,7.84,45446.37,4,709.0,24.13,5,0,debt_consolidation,MORTGAGE,44,0.010671392245898685,0
2164,42957,36,13.02,56894.21,2,621.0,12.19,5,0,debt_consolidation,RENT,55,0.031423848409985924,0
2165,43781,60,16.39,94871.96,1,732.0,20.69,2,0,credit_card,OTHER,64,0.02661564043917328,0
2166,28200,36,14.26,97581.87,6,756.0,31.56,1,0,major_purchase,RENT,51,0.023280122706097205,0
2167,5726,60,19.01,15065.36,21,627.0,11.84,7,0,debt_consolidation,RENT,70,0.019774682561161574,0
2168,25616,36,4.24,22206.14,22,763.0,28.8,5,0,credit_card,RENT,49,0.012108322828851999,0
2169,29723,60,12.56,55856.95,0,680.0,3.63,8,1,debt_consolidation,RENT,22,0.02018666185776206,0
2170,39574,36,15.33,79036.73,2,676.0,21.35,5,0,debt_consolidation,RENT,23,0.03409153368251641,0
2171,36958,60,9.56,19929.8,2,780.0,21.34,4,0,home_improvement,MORTGAGE,44,0.013135166294327077,0
2172,11108,60,7.47,50739.34,21,730.0,15.39,5,0,credit_card,RENT,57,0.007624460785995857,0
2173,14178,36,7.17,85890.81,7,643.0,23.88,3,0,credit_card,RENT,69,0.018329570688448864,0
2174,37643,36,12.42,88925.94,5,650.0,20.4,3,0,credit_card,RENT,61,0.03136667837572908,0
2175,33324,60,7.07,52390.21,28,700.0,20.83,6,1,home_improvement,RENT,25,0.02828255181954693,0
2176,40360,36,17.89,9969.75,26,699.0,13.14,3,1,credit_card,RENT,45,0.03966930440060633,0
2177,19824,36,14.06,86229.41,7,,15.01,2,0,debt_consolidation,OWN,19,,0
2178,47360,60,11.2,36984.55,1,638.0,25.65,9,1,home_improvement,RENT,73,0.07908824230208554,0
2179,10927,36,11.68,73443.61,1,647.0,10.26,3,0,other,OWN,62,0.012260212826192165,0
2180,30144,36,16.33,37518.11,0,679.0,13.51,3,0,credit_card,OWN,23,0.02116073716398318,0
2181,33010,36,17.36,62521.61,12,585.0,6.46,7,0,other,OWN,37,0.03218937511378334,0
2182,24443,60,8.26,67751.82,9,710.0,17.41,2,0,credit_card,OWN,28,0.012227800680868286,0
2183,16437,36,9.07,92105.05,9,695.0,34.4,8,0,debt_consolidation,OTHER,36,0.02456022873998065,0
2184,46298,36,10.57,24806.1,0,624.0,21.87,5,0,debt_consolidation,RENT,53,0.04250332257038722,0
2185,41778,36,9.5,37958.48,19,709.0,8.08,6,1,major_purchase,MORTGAGE,31,0.021663179200371568,0
2186,13207,60,4.78,100340.83,8,577.0,29.35,5,0,debt_consolidation,RENT,67,0.029746093040458308,0
2187,27537,36,8.74,65788.44,0,702.0,9.67,5,0,debt_consolidation,RENT,29,0.01058726192451008,0
2188,37757,36,9.18,38508.57,16,734.0,25.26,2,1,home_improvement,MORTGAGE,67,0.032001120869335986,0
2189,14040,36,7.2,78074.8,29,704.0,17.45,1,0,credit_card,RENT,24,0.009706553825619678,0
2190,43986,60,13.76,,7,716.0,21.85,8,1,credit_card,OWN,33,0.046340958758734466,0
2191,24612,60,11.5,64885.69,0,720.0,27.0,3,0,debt_consolidation,RENT,30,0.019981590148213803,0
2192,30441,36,14.47,42891.63,0,704.0,6.0,8,0,small_business,OWN,49,0.013103575012639956,0
2193,8471,36,8.06,91073.34,0,677.0,15.37,6,0,debt_consolidation,RENT,51,0.010304873540777958,0
2194,37631,60,14.54,38590.23,17,661.0,24.77,2,0,debt_consolidation,OTHER,53,0.038214368717653206,0
2195,45461,36,12.58,8000.0,13,749.0,,5,0,debt_consolidation,RENT,41,0.017027022317129596,0
2196,28523,36,9.81,48786.44,9,716.0,13.3,6,1,debt_consolidation,OWN,20,0.019976107833764002,0
2197,33348,60,18.42,43320.37,17,751.0,16.9,6,0,debt_consolidation,MORTGAGE,24,0.01922672647766517,0
2198,3177,60,12.45,53894.98,30,739.0,13.63,4,0,debt_consolidation,MORTGAGE,31,0.0072985084554553804,0
2199,6760,36,9.89,73924.13,6,610.0,14.79,7,0,debt_consolidation,MORTGAGE,24,0.0160053093466434,0
2200,34779,36,13.12,30453.03,14,640.0,29.24,6,0,debt_consolidation,MORTGAGE,34,0.04702900180450226,0
2201,23636,36,8.21,40571.04,5,569.0,14.89,4,0,home_improvement,OWN,19,0.025451986317829748,0
2202,18353,36,11.29,59853.2,5,587.0,28.93,1,0,debt_consolidation,RENT,51,0.040185260962435375,0
2203,13556,60,20.12,43513.85,22,572.0,26.57,6,1,debt_consolidation,MORTGAGE,55,0.09261800192664119,0
2204,29598,60,4.92,61625.17,9,544.0,21.92,3,0,major_purchase,RENT,43,0.03664164609649963,0
2205,13563,60,9.89,73443.37,0,666.0,13.49,4,0,debt_consolidation,RENT,58,0.012120769322973709,0
2206,48819,36,11.41,60339.06,6,750.0,20.0,3,0,debt_consolidation,OWN,65,0.020369834755076897,0
2207,45790,36,10.53,87502.99,19,701.0,18.68,6,1,debt_consolidation,OWN,44,0.03892184766632922,0
2208,10234,36,10.0,36292.95,27,722.0,13.54,1,1,debt_consolidation,OWN,48,0.013051432890133354,0
2209,27519,36,18.77,45535.45,10,683.0,18.92,5,1,credit_card,OWN,31,0.04511741807587776,0
2210,28966,60,9.78,97332.16,6,689.0,14.19,5,0,small_business,RENT,40,0.014802004803963919,0
2211,18173,36,13.59,41644.19,3,727.0,32.83,4,0,debt_consolidation,RENT,74,0.023756867963404062,0
2212,28987,36,9.55,121259.87,6,670.0,9.07,5,0,small_business,MORTGAGE,69,0.013387446146278532,0
2213,15178,36,13.6,84157.71,9,688.0,23.57,4,1,major_purchase,MORTGAGE,22,0.031933659755306244,0
2214,41338,60,15.74,39455.88,0,656.0,18.27,3,2,credit_card,RENT,55,0.09017992654732936,0
2215,26596,60,11.7,74635.08,3,607.0,24.03,6,0,credit_card,RENT,31,0.03718771502452983,0
2216,35174,60,9.71,67410.79,12,672.0,24.76,5,0,credit_card,OWN,26,0.02785154726576211,0
2217,43974,36,11.51,23631.4,12,609.0,27.14,6,0,debt_consolidation,RENT,22,0.05713964509691496,0
2218,6431,36,14.14,98606.12,11,733.0,14.96,4,0,credit_card,RENT,36,0.00924870497651351,0
2219,29764,36,15.47,80534.3,28,709.0,6.13,6,1,credit_card,OWN,68,0.021247906778366188,0
2220,23627,36,13.03,96917.3,9,769.0,39.14,3,0,credit_card,RENT,22,0.025472333664262214,0
2221,41310,36,11.68,86173.01,3,633.0,15.6,5,0,debt_consolidation,RENT,29,0.0303599680907594,0
2222,10906,36,17.12,68724.46,20,598.0,6.12,4,0,credit_card,RENT,18,0.018359463955325374,0
2223,38914,36,9.49,86996.75,6,588.0,20.58,2,1,debt_consolidation,OWN,42,0.06404268845470965,0
2224,46814,36,10.35,26601.14,3,774.0,16.93,4,0,credit_card,OWN,40,0.014442673971272134,0
2225,47379,36,19.17,109592.37,9,656.0,24.43,5,0,debt_consolidation,OWN,69,0.05993321847406572,0
2226,15076,36,11.61,78629.34,4,,17.61,4,0,small_business,RENT,46,,0
2227,39650,36,14.64,11170.37,6,708.0,28.49,6,1,credit_card,RENT,23,0.05877863045260517,0
2228,48881,36,8.45,22644.64,13,660.0,16.0,8,1,debt_consolidation,MORTGAGE,73,0.04352663052918028,0
2229,48413,36,16.0,67192.42,30,623.0,7.97,4,0,small_business,RENT,34,0.033538740857893136,0
2230,8012,36,7.4,37759.53,10,769.0,23.05,3,0,credit_card,RENT,54,0.0075265760855624175,0
2231,9151,60,7.1,72998.14,3,672.0,8.76,1,0,debt_consolidation,RENT,53,0.007512992997192916,0
2232,30211,60,15.57,35358.77,0,714.0,19.09,7,0,debt_consolidation,OWN,65,0.021506056586329026,0
2233,29117,36,10.55,28184.53,5,706.0,26.86,2,0,debt_consolidation,OWN,47,0.02227507559537547,0
2234,38378,36,11.03,46491.52,0,843.0,,9,0,debt_consolidation,OWN,30,0.008171157328939168,0
2235,44652,36,13.72,141717.57,7,668.0,22.97,7,1,debt_consolidation,RENT,63,0.06355649493934525,0
2236,8894,60,10.84,32631.14,11,620.0,20.4,7,1,debt_consolidation,MORTGAGE,56,0.03343581743373077,1
2237,15467,60,7.81,91421.81,8,639.0,13.61,3,0,debt_consolidation,OWN,44,0.01325862093951084,0
2238,33010,36,9.73,41055.32,23,739.0,29.59,6,0,major_purchase,OWN,60,0.022016513489186405,0
2239,44641,36,8.1,57778.81,8,695.0,22.99,4,0,debt_consolidation,OWN,70,0.02502393878471008,0
2240,14289,36,16.65,63116.89,7,652.0,28.55,2,0,major_purchase,OWN,41,0.03287167011021741,0
2241,46976,36,16.82,58447.37,4,701.0,12.15,6,1,major_purchase,RENT,59,0.041907480731814994,0
2242,45596,36,8.64,61415.75,21,760.0,19.19,3,0,debt_consolidation,RENT,41,0.015239916052958699,0
2243,25171,36,13.74,68453.73,25,780.0,26.76,5,0,other,RENT,67,0.015997751515683237,0
2244,36905,36,10.91,22656.45,29,702.0,18.95,3,0,debt_consolidation,OWN,59,0.020027856829486546,0
2245,22829,36,17.84,56695.16,29,748.0,32.09,10,0,major_purchase,RENT,32,0.029147087013747245,0
2246,36054,60,21.48,58605.21,29,595.0,13.64,7,0,other,RENT,63,0.051694760546080486,0
2247,46139,60,14.93,73876.83,14,717.0,18.62,10,0,debt_consolidation,OWN,28,0.028252336586960962,0
2248,31734,36,9.95,52969.29,9,669.0,25.31,5,0,debt_consolidation,OWN,46,0.027400263417659623,0
2249,9052,36,7.36,73212.31,1,611.0,21.73,4,0,home_improvement,MORTGAGE,39,0.018747673046190863,0
2250,5654,36,12.98,43680.57,17,624.0,20.79,4,0,major_purchase,RENT,53,0.020626831798173782,0
2251,25486,36,11.38,46194.86,15,631.0,21.24,8,0,major_purchase,OWN,39,0.02853482916905331,0
2252,20743,36,6.23,67792.86,22,698.0,2.94,6,0,home_improvement,RENT,28,0.006470309517746304,0
2253,26489,36,12.32,34285.63,7,614.0,16.73,4,0,debt_consolidation,RENT,52,0.027145585741138328,0
2254,10636,60,20.45,45881.68,24,723.0,20.44,5,2,major_purchase,RENT,22,0.048099899734569074,0
2255,8441,36,15.22,47632.85,14,738.0,21.32,2,0,credit_card,RENT,46,0.012426986417583897,0
2256,26611,36,7.35,48950.86,1,673.0,11.08,10,0,debt_consolidation,RENT,63,0.012804391584421046,0
2257,44435,36,11.93,61432.16,2,668.0,20.4,8,0,debt_consolidation,MORTGAGE,74,0.03302844242650334,0
2258,14149,36,13.49,37737.63,20,689.0,21.79,4,1,debt_consolidation,OWN,63,0.02889067986422803,0
2259,36566,36,13.97,75638.11,6,650.0,20.16,7,1,debt_consolidation,RENT,48,0.055003728923075035,0
2260,44368,60,5.45,53206.14,3,768.0,18.13,6,0,debt_consolidation,OWN,27,0.011974371258784148,0
2261,23675,60,11.53,70095.66,6,555.0,11.16,8,0,home_improvement,RENT,60,0.02920997324870824,0
2262,7495,36,13.04,29300.93,1,657.0,12.31,11,0,small_business,MORTGAGE,38,0.013550348768694306,0
2263,44668,36,11.25,8000.0,24,586.0,20.65,9,0,debt_consolidation,RENT,47,0.05244400519175647,0
2264,15673,60,4.28,83575.91,0,,1.47,4,0,credit_card,MORTGAGE,34,,0
2265,13130,36,11.39,65218.98,5,693.0,27.1,3,0,debt_consolidation,RENT,34,0.01867166433444496,0
2266,24668,60,15.14,73664.64,9,725.0,14.88,2,0,credit_card,RENT,44,0.014281018886582019,0
2267,17222,36,9.71,92939.65,23,690.0,21.24,3,0,major_purchase,RENT,59,0.015061164498299794,0
2268,25669,36,10.12,36510.3,18,704.0,27.55,4,1,credit_card,MORTGAGE,35,0.03514077746543335,1
2269,36068,36,17.59,14783.89,0,628.0,8.43,5,1,credit_card,RENT,73,0.046091464987946175,0
2270,25253,36,11.2,84453.91,21,689.0,21.47,6,0,credit_card,RENT,71,0.019837583383564422,0
2271,11435,60,12.45,76301.05,10,633.0,16.12,4,1,debt_consolidation,RENT,33,0.028972716203108415,0
2272,30552,36,4.54,87649.76,1,717.0,4.46,6,0,credit_card,RENT,21,0.006857303959533163,0
2273,39384,36,7.79,101461.88,10,623.0,30.37,7,3,debt_consolidation,RENT,27,0.1785767537635811,0
2274,18393,36,20.76,30664.59,20,649.0,10.47,3,0,debt_consolidation,RENT,34,0.02211058798183143,0
2275,12617,60,18.62,83421.35,10,675.0,28.02,9,0,debt_consolidation,MORTGAGE,49,0.03211282632647435,0
2276,40520,36,13.89,53660.03,30,772.0,8.99,2,1,home_improvement,RENT,53,0.01803041997919349,0
2277,11852,60,4.0,84157.64,8,682.0,6.28,7,0,debt_consolidation,RENT,71,0.006158405106153727,0
2278,33401,36,6.67,105900.01,12,801.0,8.4,5,0,home_improvement,OWN,44,0.005660986714203878,0
2279,8295,36,6.57,60686.46,0,763.0,9.49,4,0,debt_consolidation,RENT,62,0.004434041090871635,0
2280,37993,36,6.51,41359.94,20,662.0,10.6,2,1,debt_consolidation,RENT,60,0.024300920224977113,0
2281,36084,36,10.46,26101.82,10,704.0,24.29,7,2,credit_card,OWN,61,0.06370187132496516,0
2282,47105,36,15.12,,9,713.0,34.99,8,1,major_purchase,RENT,54,0.0870419297969702,0
2283,41575,36,9.47,96294.04,14,503.0,29.4,4,1,debt_consolidation,RENT,50,0.14842598536895313,0
2284,38451,36,10.76,97865.08,9,577.0,18.33,7,0,debt_consolidation,MORTGAGE,66,0.043033891370048635,0
2285,9227,36,10.77,85286.48,17,707.0,16.01,2,0,credit_card,RENT,71,0.009867815033149265,0
2286,33910,36,15.61,52492.62,9,711.0,15.88,3,1,other,OWN,73,0.03254327352450398,0
2287,38041,36,15.57,79686.86,8,689.0,0.36,5,1,debt_consolidation,OWN,74,0.022307331162206158,0
2288,25384,60,12.65,67647.22,1,613.0,19.58,4,0,credit_card,OWN,72,0.03033583802756409,0
2289,2145,36,17.11,30980.59,7,825.0,22.27,8,1,debt_consolidation,RENT,27,0.012986158547179223,0
2290,39778,60,10.47,88713.09,8,714.0,10.69,4,2,debt_consolidation,MORTGAGE,22,0.03742258841961282,0
2291,18035,36,18.99,72742.34,10,741.0,6.48,6,0,credit_card,RENT,33,0.010286328470818113,0
2292,5040,36,9.58,78410.42,7,736.0,17.85,3,0,credit_card,OWN,68,0.007827917904757706,0
2293,44422,36,4.13,68157.95,1,689.0,25.23,4,1,debt_consolidation,OWN,43,0.03769296828912884,0
2294,28160,36,6.95,63336.38,1,685.0,10.36,7,1,small_business,OWN,28,0.01861677453580231,0
2295,19633,36,6.59,68831.86,15,734.0,9.49,4,0,home_improvement,MORTGAGE,20,0.006611968097377223,0
2296,31344,36,9.04,52878.97,11,649.0,,3,0,credit_card,OWN,65,0.01916873265654204,0
2297,19014,36,16.51,75176.02,3,738.0,21.63,3,2,debt_consolidation,OWN,37,0.044065172813439676,1
2298,16996,36,10.2,108782.6,7,691.0,12.1,3,0,debt_consolidation,RENT,45,0.010643766992687605,0
2299,43621,60,6.58,71573.92,4,,30.28,3,0,major_purchase,RENT,52,,0
2300,13695,60,6.18,87920.24,2,691.0,14.39,3,1,credit_card,RENT,27,0.014665259847466163,0
2301,4852,36,11.77,30476.5,4,627.0,13.58,6,0,debt_consolidation,RENT,39,0.014439258189388847,0
2302,18014,36,18.1,80327.21,3,670.0,18.51,4,0,debt_consolidation,OWN,51,0.02356098798318595,0
2303,29042,60,12.88,72746.54,0,753.0,25.96,3,1,home_improvement,RENT,37,0.030038980394234128,0
2304,35755,60,15.78,86887.99,8,719.0,22.79,2,0,debt_consolidation,OWN,72,0.0258740518011639,0
2305,42390,36,13.61,49384.39,7,746.0,3.21,2,0,debt_consolidation,RENT,19,0.010463951869028036,0
2306,25711,36,5.89,84623.33,14,736.0,22.05,5,0,debt_consolidation,RENT,21,0.01182925267524064,0
2307,28122,60,14.41,42017.62,10,646.0,26.06,6,1,home_improvement,RENT,33,0.060616310712847885,0
2308,11160,60,7.44,88465.37,5,586.0,26.78,3,2,debt_consolidation,RENT,51,0.0711207245782995,0
2309,29213,36,10.33,90183.81,8,731.0,29.96,4,0,home_improvement,MORTGAGE,20,0.02194900505591466,0
2310,41420,36,9.11,32359.2,8,670.0,35.99,3,0,small_business,OWN,30,0.046686000060396284,0
2311,9421,60,11.59,69102.75,26,721.0,18.79,7,0,debt_consolidation,OWN,66,0.011134829551703177,0
2312,23400,60,11.01,54500.1,29,764.0,15.34,2,1,other,RENT,52,0.015039817979333141,0
2313,35537,60,10.48,72178.05,20,659.0,11.51,9,1,debt_consolidation,RENT,33,0.03171121409698649,0
2314,19727,60,10.9,60987.42,9,634.0,8.47,7,0,other,RENT,32,0.014691871954595353,0
2315,48882,36,13.07,54393.66,26,619.0,14.35,6,1,credit_card,MORTGAGE,55,0.06304065837265119,0
2316,6358,60,10.9,45455.24,2,679.0,,6,0,credit_card,RENT,71,0.011075965804469873,0
2317,30482,36,11.31,96047.82,13,595.0,9.53,4,0,home_improvement,OWN,45,0.023576176631467997,0
2318,34117,60,19.97,41456.81,7,701.0,19.79,4,1,debt_consolidation,RENT,47,0.050041768028668894,0
2319,25164,36,16.16,46365.95,1,704.0,17.6,12,1,debt_consolidation,MORTGAGE,61,0.03426649059204276,0
2320,33910,60,10.01,28605.24,0,704.0,18.62,4,0,debt_consolidation,OWN,65,0.01780168713887867,0
2321,34496,36,12.43,81404.3,7,579.0,10.14,5,0,major_purchase,RENT,60,0.030561381224991687,0
2322,46311,36,12.11,85932.71,3,751.0,21.48,3,0,debt_consolidation,RENT,72,0.02114293135163026,0
2323,31371,36,12.32,69820.66,3,688.0,12.7,5,2,debt_consolidation,OWN,30,0.04408371084275686,0
2324,40467,36,11.92,40748.73,4,653.0,29.78,4,1,debt_consolidation,OTHER,30,0.0736819353121675,0
2325,19625,60,12.35,17390.74,14,719.0,0.42,5,1,debt_consolidation,OWN,72,0.011126904533028538,0
2326,35893,60,10.99,73994.11,1,718.0,13.47,4,0,debt_consolidation,OWN,29,0.014602677940664997,0
2327,12793,36,9.54,82474.95,14,611.0,21.93,8,0,debt_consolidation,OWN,22,0.023523747229024373,0
2328,33007,36,10.45,47253.18,18,677.0,7.5,9,1,debt_consolidation,RENT,60,0.023217447892356285,0
2329,27766,60,5.06,61866.74,9,644.0,28.52,6,1,small_business,OWN,69,0.042906407940275545,0
2330,41532,60,14.78,20711.61,3,,26.15,5,0,major_purchase,RENT,52,,0
2331,14323,60,13.93,40247.42,0,711.0,31.57,3,0,credit_card,OWN,20,0.02319749927321372,0
2332,47799,60,20.05,69668.17,6,628.0,28.26,9,1,other,RENT,43,0.13715540186819986,0
2333,48820,60,7.22,57382.24,22,713.0,23.82,2,0,major_purchase,RENT,36,0.023711453110617425,0
2334,47408,36,10.39,,0,624.0,19.11,7,0,debt_consolidation,MORTGAGE,23,0.039470163999757314,0
2335,9843,60,16.67,88475.44,16,752.0,8.36,4,0,debt_consolidation,RENT,24,0.0077119680922640614,0
2336,16210,36,13.44,28944.82,7,641.0,28.79,7,0,debt_consolidation,RENT,43,0.03298375905582579,0
2337,18456,60,18.53,65144.9,25,818.0,12.79,7,1,debt_consolidation,MORTGAGE,56,0.013643158636615893,0
2338,33367,60,17.91,42994.16,5,729.0,16.22,1,0,credit_card,RENT,60,0.01979446356615334,0
2339,12106,36,4.0,55622.56,14,668.0,14.83,4,0,home_improvement,RENT,66,0.009169324845585806,0
2340,39957,36,13.03,67258.18,16,623.0,13.61,3,0,small_business,RENT,44,0.030384705970299342,0
2341,4472,36,13.05,28364.58,2,711.0,27.21,6,0,major_purchase,RENT,51,0.015896063782227934,0
2342,8704,36,11.91,43678.89,1,741.0,25.23,3,0,debt_consolidation,MORTGAGE,44,0.0122825150508495,0
2343,5713,36,10.26,49653.24,0,717.0,22.13,3,0,debt_consolidation,OWN,55,0.0108837609432184,0
2344,7051,60,18.25,69922.69,13,645.0,18.05,7,0,debt_consolidation,OWN,73,0.022434178594327392,0
2345,12756,36,11.89,87524.97,9,766.0,4.38,7,0,other,MORTGAGE,32,0.005214001676058966,0
2346,4475,36,4.0,18211.48,0,697.0,17.41,7,0,credit_card,OWN,66,0.007568973937467343,0
2347,38378,60,10.23,43311.17,4,641.0,28.68,4,1,credit_card,OWN,64,0.06724875760714258,1
2348,6255,60,20.28,56334.26,1,813.0,14.04,4,0,credit_card,RENT,68,0.007485305395925974,0
2349,16484,36,7.53,56237.89,0,719.0,13.5,7,1,debt_consolidation,MORTGAGE,59,0.014093886620815748,0
2350,36503,60,16.87,70390.98,4,704.0,24.86,9,0,home_improvement,RENT,60,0.035025003448928296,0
2351,10258,36,16.17,28990.4,0,651.0,17.77,2,0,major_purchase,RENT,46,0.01961713028676446,0
2352,42747,36,10.98,54930.63,3,678.0,27.88,4,0,debt_consolidation,OTHER,46,0.037009817562580635,0
2353,37196,36,12.76,49698.26,9,631.0,11.01,4,0,debt_consolidation,RENT,50,0.024754546919587554,0
2354,47113,36,11.72,78045.36,9,691.0,19.61,5,0,debt_consolidation,RENT,69,0.028378348599438327,0
2355,42194,36,9.89,61852.26,1,713.0,20.6,8,1,debt_consolidation,OWN,51,0.03606781598048173,0
2356,10533,60,9.33,48892.51,2,564.0,,1,0,other,MORTGAGE,68,0.020900913156415152,0
2357,34581,60,17.68,90448.61,22,603.0,28.74,4,0,debt_consolidation,OWN,19,0.06895971843501464,1
2358,7249,36,11.31,46752.87,1,625.0,18.34,3,0,other,OWN,59,0.017534066914630733,0
2359,21201,36,8.91,40022.44,0,590.0,23.5,3,1,credit_card,RENT,62,0.049713830321339275,0
2360,11686,36,14.2,74726.1,3,630.0,17.44,4,2,other,RENT,68,0.05474958981547997,0
2361,48877,60,13.71,48112.21,9,768.0,17.85,2,0,credit_card,RENT,71,0.018688895780808863,0
2362,34007,60,6.03,61643.27,0,748.0,20.85,9,0,major_purchase,OWN,48,0.012966178402534055,0
2363,2661,36,9.42,103300.53,30,643.0,10.53,7,0,debt_consolidation,OWN,24,0.010025175834793884,0
2364,46843,36,5.2,47757.14,3,713.0,13.31,5,0,debt_consolidation,RENT,32,0.014081108704812845,0
2365,32137,36,22.2,35848.05,3,611.0,16.99,6,1,credit_card,RENT,44,0.08138620517155584,0
2366,49556,36,10.55,54623.92,16,797.0,18.38,7,0,small_business,RENT,65,0.014655436960467982,0
2367,44828,36,9.29,52315.93,3,668.0,17.88,9,0,debt_consolidation,OTHER,19,0.026811679888408747,0
2368,12526,36,10.0,79164.06,6,,4.08,3,1,credit_card,RENT,38,,0
2369,5374,36,8.98,25799.27,9,,26.08,3,1,credit_card,RENT,41,,0
2370,27592,36,11.27,127191.19,0,662.0,17.58,2,0,home_improvement,OWN,54,0.02016452109851419,0
2371,30982,36,16.94,41996.06,21,802.0,7.54,3,0,debt_consolidation,OTHER,61,0.008461259333953265,0
2372,2207,36,12.39,73136.48,8,735.0,14.8,5,0,major_purchase,RENT,33,0.007734038549957221,0
2373,37433,60,6.45,83360.44,4,698.0,30.65,3,0,debt_consolidation,OWN,22,0.026317785923982102,0
2374,25197,60,7.41,64789.28,6,570.0,12.79,7,0,debt_consolidation,OWN,22,0.023800508884759184,0
2375,35400,60,12.7,75481.5,0,687.0,33.8,6,1,debt_consolidation,RENT,27,0.06805231078334317,0
2376,5083,60,8.67,61766.01,14,586.0,14.67,10,1,credit_card,OWN,52,0.028084801450409886,0
2377,31328,36,11.24,75805.47,8,660.0,,1,0,debt_consolidation,RENT,57,0.01961905360900456,0
2378,48479,36,22.58,49373.16,26,690.0,28.33,5,0,other,RENT,57,0.06861126510867484,0
2379,44891,60,7.98,43659.34,7,760.0,19.16,4,0,debt_consolidation,OTHER,41,0.014675667620720156,0
2380,22103,36,6.22,15496.75,21,644.0,8.0,6,0,debt_consolidation,RENT,37,0.01119599513278419,0
2381,41891,36,9.04,70880.72,2,809.0,,8,1,debt_consolidation,OWN,18,0.015763330463872127,0
2382,12754,36,4.8,51419.93,0,588.0,15.84,11,2,other,OWN,62,0.04568080559533563,0
2383,36447,36,17.14,69350.45,28,631.0,20.76,3,0,debt_consolidation,OWN,64,0.04353579050287792,0
2384,17901,36,7.36,52066.98,3,691.0,10.93,6,0,other,MORTGAGE,64,0.009259707254170971,0
2385,35004,36,8.1,91015.07,21,540.0,4.76,5,0,small_business,OWN,74,0.025468362206780185,0
2386,9446,60,6.67,55891.63,3,609.0,17.73,11,1,major_purchase,RENT,60,0.02758850132940809,0
2387,39211,36,5.23,44461.5,1,708.0,10.56,8,2,credit_card,OWN,33,0.0307724382150592,0
2388,31301,60,11.78,50035.95,15,736.0,12.1,5,0,other,RENT,63,0.011926668193957586,0
2389,28116,36,9.0,,18,621.0,12.6,4,0,debt_consolidation,RENT,38,0.01946119001396288,0
2390,43323,60,4.78,132983.48,22,648.0,18.56,9,0,debt_consolidation,OWN,26,0.024123725350110186,0
2391,20752,36,10.51,94285.72,23,710.0,23.14,10,0,home_improvement,OWN,49,0.01722768140893128,0
2392,34376,36,13.46,29805.45,7,576.0,29.67,6,2,credit_card,MORTGAGE,49,0.1681661839346556,0
2393,18669,36,10.23,65906.27,6,669.0,7.58,2,0,major_purchase,MORTGAGE,27,0.010395627031628066,0
2394,34916,36,14.4,40400.2,16,666.0,13.75,3,1,home_improvement,RENT,60,0.03741034281865333,0
2395,15395,36,18.79,50152.82,9,786.0,22.81,8,1,credit_card,OWN,38,0.023517775669895807,0
2396,22421,36,15.26,52350.29,29,712.0,18.38,4,0,major_purchase,RENT,53,0.017371844669989513,0
2397,28342,36,12.86,57845.35,5,681.0,,6,0,other,RENT,32,0.018593768053559168,0
2398,6895,36,15.25,81952.0,0,726.0,25.76,5,0,credit_card,RENT,58,0.015903261339220907,0
2399,13023,60,20.91,53459.1,9,693.0,18.23,3,0,credit_card,OWN,58,0.02098292647703474,0
2400,12699,60,6.24,64193.37,5,624.0,31.59,4,0,debt_consolidation,RENT,29,0.025972025702640754,0
2401,11715,36,14.53,59796.84,5,723.0,19.05,5,1,debt_consolidation,OWN,46,0.02155830655712846,0
2402,21169,36,8.01,42535.46,9,732.0,13.95,4,1,credit_card,RENT,40,0.01448401099073593,0
2403,18163,60,12.97,46475.72,26,661.0,14.1,5,1,debt_consolidation,OWN,74,0.026850846901689717,0
2404,7782,36,6.71,44769.42,3,692.0,6.5,5,0,other,OWN,70,0.006054623842253667,0
2405,24641,36,15.02,76580.5,5,797.0,29.4,2,0,debt_consolidation,RENT,27,0.01642838209522743,0
2406,20792,36,13.12,50711.68,24,692.0,17.18,4,1,other,OWN,36,0.02652046766963162,0
2407,37585,36,18.0,104222.16,25,668.0,3.49,8,1,debt_consolidation,RENT,73,0.03271371808570286,0
2408,32682,36,10.91,40432.03,3,620.0,25.26,3,1,home_improvement,RENT,44,0.06119972849666044,1
2409,49864,36,10.79,40372.34,14,626.0,9.34,3,0,credit_card,RENT,65,0.02750171354586878,0
2410,20880,36,10.83,33310.03,6,686.0,22.42,6,1,debt_consolidation,RENT,47,0.03076587728341358,0
2411,40067,36,21.84,57323.31,27,642.0,14.11,6,0,debt_consolidation,RENT,70,0.04376120387548324,0
2412,44685,60,14.53,46521.44,15,716.0,22.21,4,0,other,MORTGAGE,43,0.02938629921583124,0
2413,20073,36,17.38,51190.86,8,655.0,6.81,4,1,credit_card,MORTGAGE,56,0.026671138150519004,0
2414,38035,36,14.9,85612.32,20,850.0,20.22,6,0,major_purchase,OWN,20,0.01125637986037361,0
2415,39174,36,15.53,55831.01,30,694.0,11.62,4,0,small_business,RENT,30,0.020852264176995514,0
2416,26837,36,6.1,50621.89,7,585.0,3.65,6,1,debt_consolidation,OWN,35,0.023840038752138405,0
2417,19826,36,9.76,67145.44,5,691.0,22.77,5,0,home_improvement,RENT,68,0.017112592128404054,0
2418,26981,36,9.51,64673.2,10,658.0,16.54,5,0,debt_consolidation,OWN,60,0.01850056801261317,0
2419,12382,36,12.24,,12,723.0,13.04,1,0,debt_consolidation,MORTGAGE,51,0.009042284609746433,0
2420,6437,36,11.59,80911.12,14,680.0,13.71,5,0,credit_card,OWN,64,0.010735985684013846,0
2421,7435,36,5.57,71318.95,7,705.0,23.23,6,1,other,OWN,73,0.01689663130461402,1
2422,26819,36,12.17,83441.93,4,843.0,18.2,8,0,credit_card,MORTGAGE,36,0.007728208321824998,0
2423,38875,60,4.0,43020.94,20,667.0,22.66,7,2,debt_consolidation,RENT,31,0.057426934714795284,0
2424,33982,36,15.11,57013.67,28,724.0,18.03,4,0,credit_card,RENT,72,0.01988586210235244,0
2425,35328,36,12.42,63082.84,23,746.0,25.86,3,2,credit_card,RENT,46,0.05551219756488863,0
2426,14329,36,16.98,62190.62,12,699.0,6.8,7,0,debt_consolidation,MORTGAGE,64,0.011357887068707327,0
2427,27169,36,12.85,137006.2,5,583.0,6.32,3,0,credit_card,RENT,41,0.022328278092117584,0
2428,23932,60,10.15,87444.37,10,727.0,22.16,3,0,credit_card,RENT,65,0.014636964400338816,0
2429,36594,36,5.7,86510.52,0,561.0,25.97,4,1,debt_consolidation,OWN,44,0.07444589297856953,0
2430,13421,36,10.42,52815.81,8,782.0,21.9,3,0,other,MORTGAGE,35,0.008606617726554586,0
2431,47033,36,8.85,58332.71,18,602.0,26.98,3,1,debt_consolidation,MORTGAGE,33,0.085517288703777,0
2432,9629,36,13.49,79132.37,3,798.0,25.38,6,0,home_improvement,RENT,34,0.00999406026322951,0
2433,10325,36,10.32,97573.82,8,685.0,20.33,5,0,small_business,MORTGAGE,43,0.013730635530150389,0
2434,30495,36,14.42,38648.64,0,732.0,2.63,6,0,debt_consolidation,MORTGAGE,56,0.009509584546291848,0
2435,33750,36,17.42,48180.58,21,711.0,17.01,5,0,debt_consolidation,OWN,41,0.023212005699599227,0
2436,31619,60,6.34,55035.45,5,738.0,14.8,3,0,debt_consolidation,MORTGAGE,71,0.009886787723547284,0
2437,42461,36,11.99,66489.94,9,562.0,22.24,6,0,major_purchase,OWN,46,0.061590429663016436,0
2438,10264,36,11.81,79318.41,5,641.0,22.62,3,0,credit_card,MORTGAGE,27,0.02052405632214636,0
2439,14686,60,13.26,77918.42,10,704.0,,4,1,credit_card,OWN,39,0.02028698777286378,0
2440,48484,60,14.75,71352.19,16,683.0,7.88,10,0,debt_consolidation,MORTGAGE,45,0.02353109887165873,0
2441,26226,36,18.35,40996.55,4,656.0,0.0,5,0,credit_card,RENT,50,0.014861913810109848,0
2442,8721,36,7.56,,8,692.0,31.32,4,1,debt_consolidation,RENT,57,0.02773913273698189,0
2443,22609,60,5.71,26567.21,19,667.0,22.37,5,0,major_purchase,OWN,35,0.016798574111695077,0
2444,9373,36,12.75,84468.41,13,813.0,14.48,3,0,debt_consolidation,RENT,61,0.005520011677309215,0
2445,40675,36,13.8,60849.81,0,761.0,19.74,3,1,credit_card,MORTGAGE,40,0.029514923745728557,0
2446,30937,60,14.88,30896.19,9,769.0,20.89,5,0,debt_consolidation,OWN,55,0.016053257241392505,0
2447,7656,36,8.96,118831.08,5,788.0,23.84,6,1,debt_consolidation,MORTGAGE,51,0.01257636379961822,0
2448,10984,36,5.69,8000.0,14,709.0,2.15,2,0,credit_card,MORTGAGE,70,0.004524020069912966,0
2449,31984,36,16.88,58432.24,0,624.0,11.33,5,0,debt_consolidation,MORTGAGE,21,0.02911032272803515,0
2450,10286,36,14.05,92861.59,4,663.0,19.83,6,0,home_improvement,RENT,71,0.018586105426249038,0
2451,7901,60,10.49,47869.79,0,701.0,18.29,3,1,debt_consolidation,RENT,28,0.017777574182116767,0
2452,33552,36,4.0,64136.47,26,689.0,,4,0,small_business,OWN,61,0.012456721074338914,0
2453,27709,60,9.32,71967.93,23,600.0,7.43,4,0,debt_consolidation,RENT,28,0.01811702548527338,0
2454,33055,36,14.78,8000.0,29,701.0,15.66,7,0,home_improvement,RENT,24,0.02064340343112078,0
2455,39685,36,13.74,32754.5,10,613.0,17.42,5,0,credit_card,MORTGAGE,67,0.03914691124718241,0
2456,10429,36,6.49,58489.47,20,797.0,22.94,5,0,debt_consolidation,MORTGAGE,38,0.00648781838020773,0
2457,16716,60,14.48,57949.72,10,727.0,20.18,7,0,debt_consolidation,OWN,74,0.01512031920892381,0
2458,13138,60,11.65,26340.01,8,669.0,10.72,3,1,debt_consolidation,RENT,50,0.018707611380747214,0
2459,37298,36,17.07,59501.65,21,684.0,26.85,8,0,credit_card,OWN,38,0.04308498596533856,0
2460,25429,36,9.21,73382.01,18,784.0,13.69,4,0,major_purchase,RENT,55,0.007411230234902242,0
2461,7772,36,9.53,92248.39,15,590.0,10.36,6,1,debt_consolidation,RENT,51,0.024514751489461525,0
2462,37732,60,12.46,65206.83,24,651.0,18.88,11,0,major_purchase,MORTGAGE,56,0.03188670404178054,0
2463,41905,36,10.33,37283.16,26,712.0,11.38,7,0,home_improvement,RENT,19,0.01563938340633867,0
2464,19347,36,8.51,74300.96,7,557.0,26.5,5,0,small_business,RENT,35,0.040327440479746485,0
2465,18920,36,19.37,77227.37,4,672.0,29.19,6,0,small_business,RENT,71,0.03888445797157584,0
2466,33822,36,17.68,55912.52,8,653.0,14.28,6,0,debt_consolidation,RENT,57,0.029992396808041638,0
2467,48659,36,8.16,50591.79,0,828.0,10.59,9,0,debt_consolidation,RENT,50,0.007976714265808737,0
2468,42108,36,12.88,48545.04,27,672.0,22.87,6,0,small_business,RENT,71,0.03485640450872246,0
2469,25563,60,5.87,75671.39,30,,18.55,7,1,home_improvement,RENT,33,,0
2470,9967,36,18.8,56460.82,11,627.0,12.52,5,0,debt_consolidation,RENT,58,0.021418270273198113,0
2471,47183,36,15.04,68348.94,16,518.0,15.36,3,0,home_improvement,RENT,31,0.07461004997312133,0
2472,13871,36,16.01,41356.73,4,781.0,17.32,2,0,debt_consolidation,OWN,39,0.009515426197030198,0
2473,30763,36,10.99,61833.95,23,687.0,5.42,2,0,debt_consolidation,RENT,18,0.01131283550643281,0
2474,13916,60,16.7,32463.67,25,670.0,25.18,4,0,credit_card,OTHER,35,0.026352658601550893,0
2475,10734,36,16.71,45390.41,0,736.0,10.65,5,0,other,MORTGAGE,55,0.00956702411084335,0
2476,35613,36,11.34,61167.92,1,713.0,14.13,5,1,debt_consolidation,OWN,20,0.025742307384390883,0
2477,30179,36,7.4,41417.66,3,681.0,18.69,6,1,debt_consolidation,RENT,35,0.027792042254322972,0
2478,37262,36,13.74,50082.1,14,620.0,,7,0,credit_card,MORTGAGE,22,0.03331837998336219,0
2479,14677,36,11.49,78983.18,2,647.0,32.87,6,0,debt_consolidation,MORTGAGE,24,0.03263596441903228,0
2480,20268,36,19.41,52567.41,2,687.0,15.78,6,1,other,RENT,67,0.03540210649339809,0
2481,14330,36,12.2,50886.95,5,720.0,25.69,4,0,debt_consolidation,MORTGAGE,50,0.016209746821943084,0
2482,22733,60,12.43,37785.33,10,600.0,13.7,3,0,credit_card,RENT,54,0.02422516237742274,0
2483,39947,36,15.23,46966.7,29,675.0,22.46,7,0,credit_card,RENT,65,0.036573932209961454,0
2484,29286,36,12.01,59841.08,18,758.0,13.54,6,0,debt_consolidation,RENT,40,0.010876873304519094,0
2485,8610,60,14.78,75825.05,9,606.0,4.66,9,0,debt_consolidation,OTHER,22,0.01479733899868586,0
2486,8430,36,9.84,21615.31,0,725.0,25.64,7,1,home_improvement,RENT,41,0.02096321460563608,0
2487,41922,36,7.53,80092.0,8,602.0,12.33,5,1,major_purchase,MORTGAGE,31,0.042948314231901534,0
2488,15828,36,8.35,50454.36,2,648.0,19.83,5,0,debt_consolidation,MORTGAGE,27,0.016944204849938506,0
2489,44913,36,10.65,57642.43,4,561.0,4.98,5,0,major_purchase,MORTGAGE,41,0.031187914586641444,0
2490,33497,36,12.47,77614.71,3,698.0,7.36,5,0,small_business,OWN,20,0.013384804758867394,0
2491,41256,36,14.0,115624.13,5,634.0,3.26,7,0,other,RENT,30,0.021279956909078777,0
2492,38618,60,13.82,73616.2,0,560.0,20.65,5,0,credit_card,RENT,54,0.05893150994820145,0
2493,48332,36,12.04,47717.66,9,688.0,10.23,4,1,debt_consolidation,RENT,33,0.033564032895961715,0
2494,28526,36,7.72,64627.16,0,744.0,,4,0,major_purchase,RENT,32,0.00978104263955033,0
2495,32158,36,14.8,70528.4,11,,5.74,7,0,credit_card,MORTGAGE,20,,0
2496,27032,36,5.99,24933.35,15,702.0,19.51,1,2,home_improvement,RENT,27,0.03450755471034585,0
2497,39846,36,7.33,32904.13,7,727.0,1.67,1,0,small_business,RENT,27,0.007601493543263102,0
2498,46936,36,12.18,70067.76,18,637.0,35.05,6,1,credit_card,OWN,20,0.11281742413096797,0
2499,31794,36,15.19,73226.42,29,687.0,8.18,3,0,home_improvement,RENT,42,0.015993973916878394,0
2500,7448,60,14.51,69454.92,5,812.0,23.03,2,1,home_improvement,OWN,37,0.013303438780386135,0
2501,30861,36,11.6,76285.59,10,689.0,13.58,8,0,major_purchase,OWN,50,0.016896963530527106,0
2502,30141,60,13.78,50749.39,4,630.0,23.66,9,1,debt_consolidation,RENT,57,0.06286840399947091,0
2503,11074,60,7.74,87013.15,7,701.0,9.48,3,1,small_business,MORTGAGE,33,0.011677790241152688,0
2504,8406,36,9.75,105539.74,0,657.0,18.97,4,1,small_business,RENT,27,0.023257849718075367,0
2505,33823,60,9.81,43883.78,0,678.0,13.11,9,0,home_improvement,MORTGAGE,51,0.017350349464074447,0
2506,25291,60,8.1,28519.86,19,725.0,39.37,7,0,debt_consolidation,MORTGAGE,46,0.028075522283923907,0
2507,43568,36,10.56,58166.45,1,648.0,10.26,3,0,credit_card,RENT,44,0.021918971017017102,0
2508,34003,60,11.16,81959.64,13,509.0,9.18,6,1,major_purchase,OWN,40,0.06668641433583136,0
2509,48851,36,10.15,76528.05,14,670.0,30.43,7,0,major_purchase,MORTGAGE,27,0.04750363754705602,0
2510,36406,36,10.97,,30,710.0,23.74,3,1,major_purchase,OWN,40,0.03719129566913107,0
2511,25312,60,4.0,8000.0,13,785.0,11.39,5,0,small_business,RENT,57,0.005229689289315246,0
2512,45108,36,13.54,42670.55,1,744.0,18.74,7,0,small_business,MORTGAGE,41,0.021557462831436495,0
2513,3382,36,10.38,87618.39,10,660.0,19.0,6,0,major_purchase,OWN,28,0.013342612409840252,0
2514,36171,36,10.37,16357.53,8,709.0,20.07,7,0,debt_consolidation,OTHER,56,0.020049850601146845,0
2515,43779,60,6.45,60516.48,26,665.0,23.97,1,0,debt_consolidation,RENT,36,0.027301832538825725,0
2516,5292,60,18.2,45665.0,13,733.0,8.85,5,0,debt_consolidation,RENT,39,0.00876521826747892,0
2517,43779,36,18.39,76343.96,8,670.0,19.96,2,0,debt_consolidation,MORTGAGE,50,0.0408351393384902,0
2518,35187,60,5.33,18314.39,10,725.0,15.28,6,0,home_improvement,OWN,51,0.011446485936432884,0
2519,14411,36,11.06,52472.82,7,780.0,0.0,6,0,debt_consolidation,OWN,46,0.003955125415645999,0
2520,39285,36,15.71,63917.87,8,833.0,13.72,5,0,debt_consolidation,RENT,56,0.010170916110395513,0
2521,17422,36,10.57,51208.7,15,591.0,13.71,4,0,debt_consolidation,OWN,45,0.021234601138415316,0
2522,44468,60,9.58,75066.39,0,,24.66,7,1,credit_card,RENT,69,,0
2523,34371,36,9.32,21474.51,10,624.0,27.99,4,0,home_improvement,RENT,65,0.039887786209460714,0
2524,7693,36,13.25,31949.83,0,677.0,22.89,2,0,debt_consolidation,MORTGAGE,63,0.016955868762627023,0
2525,35535,60,22.46,51839.24,22,648.0,1.01,6,0,debt_consolidation,OWN,43,0.024035366494441726,0
2526,16818,60,15.31,68420.61,27,,34.67,5,0,credit_card,MORTGAGE,18,,0
2527,33238,36,7.57,72818.35,18,632.0,26.77,2,3,small_business,OWN,62,0.12921245935295844,0
2528,32874,36,9.48,64321.62,14,613.0,17.32,6,0,debt_consolidation,RENT,46,0.02809353750411277,1
2529,28715,60,10.93,37003.11,27,760.0,19.22,1,0,home_improvement,RENT,24,0.012004459242881562,0
2530,29605,60,8.56,45073.71,2,713.0,21.89,3,0,debt_consolidation,OWN,43,0.01626565590206202,0
2531,36317,36,7.82,87642.34,3,698.0,18.87,5,0,credit_card,RENT,19,0.017708210502080386,0
2532,33174,60,15.0,110526.57,7,613.0,24.73,2,0,credit_card,OWN,38,0.04718611118687618,0
2533,11956,60,9.99,75224.95,0,744.0,29.5,4,1,debt_consolidation,RENT,36,0.02285690154056862,0
2534,40908,60,13.49,68607.63,29,666.0,2.69,3,0,debt_consolidation,OWN,20,0.016051993646300337,0
2535,12837,60,19.13,31154.69,0,688.0,15.07,4,0,credit_card,RENT,51,0.01760241483718058,0
2536,5716,36,9.9,64924.97,9,700.0,21.09,6,1,debt_consolidation,MORTGAGE,25,0.019131916831643548,0
2537,6481,36,13.1,17860.82,5,763.0,7.75,3,0,major_purchase,MORTGAGE,37,0.005467887736380563,0
2538,26282,36,7.91,,0,707.0,35.01,5,0,home_improvement,RENT,25,0.026072391993293555,0
2539,8548,36,13.66,74000.95,0,639.0,0.0,3,0,major_purchase,MORTGAGE,28,0.009012941377500566,0
2540,39605,60,17.2,58559.79,3,680.0,12.42,10,0,home_improvement,OWN,50,0.027090709631552034,0
2541,9758,60,16.99,31048.7,0,721.0,23.37,1,0,credit_card,OWN,47,0.01651976497113456,0
2542,45668,36,12.17,64540.53,27,782.0,35.92,5,0,major_purchase,RENT,53,0.03126959904974958,1
2543,25177,36,9.92,22442.28,3,656.0,20.48,5,0,debt_consolidation,MORTGAGE,73,0.0215148966521335,0
2544,26022,36,12.95,52138.91,0,650.0,22.81,3,0,small_business,OWN,74,0.028204605571382962,0
2545,42761,36,12.2,70375.19,17,726.0,13.46,3,0,other,RENT,49,0.01675140248039562,0
2546,7542,36,13.84,42180.35,6,627.0,33.99,7,1,home_improvement,RENT,25,0.06067897716555515,0
2547,27476,36,9.46,58998.08,22,642.0,31.62,4,3,debt_consolidation,MORTGAGE,23,0.14496129018641588,0
2548,32784,36,10.4,118257.88,21,682.0,24.7,1,2,debt_consolidation,RENT,69,0.06486880435435165,0
2549,24740,36,11.13,15292.03,30,706.0,0.0,8,0,debt_consolidation,OWN,26,0.00773142975073099,0
2550,26817,36,14.67,40696.27,19,741.0,18.99,2,0,credit_card,OTHER,37,0.015572403663202604,0
2551,49596,60,15.2,53536.49,2,690.0,12.89,3,1,credit_card,MORTGAGE,73,0.04341851554057293,0
2552,18052,36,10.27,46733.91,9,685.0,18.04,7,0,debt_consolidation,MORTGAGE,67,0.01486367083687516,0
2553,37153,36,7.4,71323.64,8,714.0,14.23,3,0,debt_consolidation,OWN,52,0.013102799123026785,0
2554,49076,36,13.45,73507.89,8,588.0,21.28,3,1,credit_card,RENT,31,0.09597406937466907,0
2555,2671,36,14.93,61125.16,4,685.0,12.97,1,0,debt_consolidation,MORTGAGE,28,0.010652194673322072,1
2556,2163,60,11.46,63405.15,2,777.0,15.96,9,0,debt_consolidation,MORTGAGE,57,0.006259722669303902,0
2557,43424,36,9.15,15071.76,14,727.0,14.71,4,0,home_improvement,RENT,64,0.015403760197840542,1
2558,46002,60,10.09,71816.01,0,678.0,21.17,6,0,major_purchase,MORTGAGE,53,0.029694186717564346,0
2559,6795,36,18.56,64833.0,0,724.0,6.15,7,0,small_business,RENT,25,0.008888224568632096,0
2560,12634,36,12.89,42671.88,5,606.0,3.83,3,0,small_business,OWN,54,0.013312893142243456,0
2561,6798,36,16.05,100468.56,16,706.0,24.57,3,0,home_improvement,RENT,54,0.017382772885902852,0
2562,24420,60,8.79,58150.88,23,678.0,14.65,6,0,other,RENT,36,0.014145670490314332,0
2563,31300,36,16.84,65633.35,8,686.0,,5,0,small_business,OWN,46,0.02302231159220801,0
2564,26345,60,15.58,58977.38,21,658.0,24.68,3,0,debt_consolidation,RENT,43,0.033089177667722555,0
2565,12749,36,11.59,18734.87,0,764.0,12.82,4,0,debt_consolidation,RENT,73,0.0070565321346925105,0
2566,40595,36,14.44,34689.43,7,650.0,13.41,2,0,credit_card,RENT,43,0.027660489795716767,0
2567,27121,60,17.18,53084.3,1,616.0,12.97,4,1,debt_consolidation,MORTGAGE,69,0.048072435402445615,0
2568,39487,60,7.57,84552.98,9,591.0,6.81,6,1,other,RENT,55,0.035730712032066785,0
2569,30411,36,9.9,48554.42,26,551.0,4.75,3,1,home_improvement,OWN,36,0.03795061776978524,0
2570,35361,36,14.1,65148.56,0,693.0,16.87,8,1,debt_consolidation,OWN,41,0.03765236444394722,0
2571,23223,36,12.08,71368.36,12,633.0,7.35,8,1,debt_consolidation,MORTGAGE,19,0.026453940772516664,0
2572,9394,36,13.65,40012.39,19,602.0,16.57,5,1,home_improvement,OWN,39,0.03630497836670058,0
2573,16056,60,14.75,36602.15,16,664.0,10.65,3,0,credit_card,MORTGAGE,29,0.014494577712753075,0
2574,30380,36,13.99,43009.02,0,721.0,10.9,3,0,credit_card,RENT,25,0.013348669475750554,0
2575,28035,36,10.99,41429.89,1,674.0,15.47,3,0,small_business,MORTGAGE,27,0.01737833248396753,0
2576,32620,60,11.26,32813.95,0,688.0,31.84,3,0,debt_consolidation,OWN,19,0.03360168074846903,0
2577,21877,60,18.22,81556.0,0,750.0,30.5,6,0,debt_consolidation,OWN,22,0.026047011401602666,0
2578,45404,36,12.34,74635.8,15,729.0,26.5,6,0,major_purchase,RENT,66,0.029918008650415755,0
2579,32911,60,17.42,32926.76,6,687.0,18.66,8,0,debt_consolidation,RENT,57,0.028849746254056285,0
2580,34784,36,17.7,64188.33,15,621.0,3.37,5,0,other,RENT,73,0.02388056506157367,0
2581,5191,36,8.88,51948.13,5,647.0,27.28,6,0,debt_consolidation,OWN,40,0.019209008850143226,0
2582,35160,60,14.94,57006.68,0,682.0,12.52,4,1,credit_card,OWN,51,0.03386243313598811,0
2583,27000,36,7.68,60837.08,14,723.0,30.61,2,0,small_business,OWN,19,0.019462716668819203,0
2584,41040,36,18.47,23017.35,10,700.0,12.05,8,0,debt_consolidation,RENT,34,0.025488722302358435,0
2585,5631,36,12.75,10200.41,0,643.0,28.5,5,0,debt_consolidation,OWN,25,0.02489495575630316,0
2586,8172,60,12.56,60500.06,26,704.0,24.12,4,0,debt_consolidation,RENT,69,0.015101269664748326,0
2587,44080,36,8.54,50292.55,4,782.0,0.85,8,0,small_business,OWN,39,0.006565105178438793,0
2588,25561,36,9.57,54434.64,11,698.0,25.54,2,0,credit_card,OWN,60,0.01971081780156499,0
2589,26817,36,12.9,43762.61,0,,18.65,3,1,debt_consolidation,MORTGAGE,22,,0
2590,22281,36,12.36,59697.15,7,659.0,7.37,4,1,major_purchase,MORTGAGE,44,0.021762163169564006,0
2591,30671,36,10.46,18074.35,28,668.0,14.71,5,0,debt_consolidation,OWN,30,0.018285717871396986,0
2592,27364,60,15.51,60650.13,24,579.0,37.11,7,1,debt_consolidation,OWN,26,0.13624669794735852,0
2593,43674,36,11.99,8000.0,2,688.0,1.9,4,0,debt_consolidation,RENT,70,0.013532716000895161,0
2594,29425,36,7.96,41531.78,24,514.0,18.54,5,1,home_improvement,OTHER,71,0.07203111665011366,1
2595,30602,36,14.88,47853.84,4,589.0,13.11,5,0,major_purchase,OWN,67,0.03377878063719776,0
2596,25253,36,7.36,13912.93,22,700.0,22.76,4,0,credit_card,RENT,56,0.015882303471700138,0
2597,25472,60,4.31,91581.49,15,621.0,26.52,6,0,small_business,OWN,43,0.025824696694936405,0
2598,10080,36,12.38,57542.5,5,561.0,20.03,3,1,other,RENT,54,0.0490696548415578,0
2599,9099,36,7.88,41037.13,25,684.0,25.76,3,1,debt_consolidation,RENT,51,0.02371562032748812,0
2600,27431,36,12.71,107031.23,7,588.0,10.02,5,0,debt_consolidation,OWN,65,0.02550412704324281,0
2601,33186,36,15.27,65501.7,4,743.0,17.02,7,0,credit_card,OWN,65,0.01746426365091065,0
2602,49684,36,15.94,68717.88,3,708.0,31.62,3,1,credit_card,RENT,37,0.08222295271861432,0
2603,32111,60,13.99,53960.41,27,790.0,12.78,3,1,debt_consolidation,OTHER,42,0.01618934730876763,0
2604,41851,36,6.7,46051.67,17,703.0,10.97,8,0,debt_consolidation,OWN,27,0.013691688837278197,0
2605,24614,60,9.12,64710.83,5,793.0,13.57,6,0,credit_card,OWN,49,0.006985421574392176,0
2606,28724,36,12.02,8000.0,3,622.0,22.33,6,1,debt_consolidation,RENT,20,0.05450995570520832,0
2607,43991,36,12.06,12701.52,2,644.0,18.01,1,1,debt_consolidation,OWN,29,0.05211501836105057,0
2608,6940,36,8.23,21890.03,3,698.0,23.6,6,0,major_purchase,OTHER,48,0.012325291869609225,0
2609,30758,60,10.15,8000.0,0,672.0,11.83,5,0,debt_consolidation,OWN,48,0.015732950205780392,0
2610,38224,36,15.24,71139.27,7,689.0,5.89,3,0,major_purchase,OWN,49,0.016432583830975022,0
2611,9788,36,14.01,40229.93,0,678.0,12.6,6,0,debt_consolidation,RENT,56,0.012645346721385156,0
2612,30082,36,10.77,88415.76,0,668.0,6.64,4,0,debt_consolidation,MORTGAGE,48,0.013225953633073797,0
2613,26034,60,16.12,52706.83,10,624.0,19.45,9,0,debt_consolidation,MORTGAGE,21,0.03559452463955748,0
2614,37479,36,6.69,36014.53,0,636.0,16.35,6,1,debt_consolidation,MORTGAGE,24,0.03668826933338697,0
2615,13280,36,15.29,54171.62,22,626.0,18.73,4,0,debt_consolidation,OWN,46,0.024442158590115625,0
2616,20052,60,14.74,83630.74,0,621.0,20.13,9,0,debt_consolidation,RENT,20,0.030985506681697333,1
2617,18531,60,14.99,49593.62,8,684.0,13.33,3,0,debt_consolidation,RENT,36,0.015206934386065985,0
2618,24804,36,13.19,87024.67,12,637.0,23.31,5,0,debt_consolidation,OWN,61,0.03124900718229336,0
2619,30903,36,9.39,,3,649.0,19.37,5,0,home_improvement,RENT,74,0.023393171047214712,0
2620,46857,36,14.37,41501.55,24,764.0,13.3,8,1,credit_card,RENT,26,0.02748192889117062,0
2621,12142,36,10.34,43590.53,7,709.0,21.3,8,0,home_improvement,MORTGAGE,46,0.01322725879938317,0
2622,11866,60,12.82,42207.86,4,729.0,21.13,9,0,debt_consolidation,OWN,35,0.013249204602373275,0
2623,6531,36,9.09,25699.18,25,747.0,36.12,5,2,debt_consolidation,RENT,74,0.04100939859362093,0
2624,47454,60,10.62,18609.54,22,779.0,22.86,5,0,small_business,RENT,38,0.0183515357822293,0
2625,40098,36,11.43,43332.42,14,679.0,26.66,4,1,debt_consolidation,RENT,50,0.05498501972572346,0
2626,40278,36,13.6,8000.0,4,696.0,14.55,11,3,debt_consolidation,OWN,74,0.09548411226193218,0
2627,30138,36,14.27,27320.45,6,649.0,10.61,5,1,debt_consolidation,RENT,66,0.03378596168413469,0
2628,29065,60,18.78,67566.73,13,630.0,22.65,2,1,credit_card,RENT,27,0.07019485662787951,0
2629,31956,36,12.59,20656.41,2,591.0,12.06,6,0,debt_consolidation,OWN,69,0.029742629884331285,0
2630,43732,36,8.21,87427.95,8,619.0,14.24,4,0,credit_card,RENT,46,0.02740452765833234,0
2631,41261,36,15.2,70145.84,16,649.0,6.49,4,0,credit_card,RENT,44,0.02277218428542379,0
2632,12759,60,13.35,101504.4,11,692.0,18.22,1,1,credit_card,RENT,49,0.023191155495095157,0
2633,7439,60,11.24,106786.91,15,612.0,15.8,5,1,debt_consolidation,OWN,50,0.028492170437379935,0
2634,49241,36,10.4,73688.62,24,622.0,15.79,5,0,small_business,OTHER,24,0.03572313292000719,0
2635,44533,36,9.53,40352.23,29,554.0,24.43,3,1,debt_consolidation,OWN,52,0.09978282189661451,0
2636,30270,60,9.39,13639.39,7,639.0,13.13,5,0,home_improvement,RENT,35,0.019191683693759214,0
2637,15279,60,7.12,18230.07,0,684.0,18.64,6,0,debt_consolidation,RENT,27,0.012287368659610666,0
2638,41279,36,15.86,104141.31,21,683.0,13.73,1,1,major_purchase,RENT,60,0.04030190547648609,0
2639,46251,36,13.74,17711.9,0,661.0,7.35,2,1,credit_card,MORTGAGE,48,0.035916538407147425,0
2640,25888,36,12.37,49639.07,2,665.0,19.79,10,0,debt_consolidation,RENT,31,0.023842831514667796,0
2641,19630,36,9.52,85119.82,11,680.0,21.56,3,0,debt_consolidation,OWN,72,0.016807164788685894,0
2642,37144,60,16.36,33155.81,16,755.0,24.32,5,1,debt_consolidation,RENT,18,0.03930444280108022,0
2643,33182,36,6.32,88003.94,13,658.0,21.74,3,0,debt_consolidation,RENT,47,0.02148334129738962,0
2644,27538,36,11.48,53442.85,6,672.0,14.29,6,0,other,OWN,18,0.017538891020845285,0
2645,13824,36,15.93,60503.49,26,602.0,32.91,4,0,credit_card,RENT,68,0.05056439670727087,0
2646,34125,60,4.03,47854.01,21,708.0,17.88,4,1,debt_consolidation,OWN,37,0.020657560258188754,0
2647,8979,36,12.7,32075.33,11,676.0,18.45,11,0,home_improvement,RENT,36,0.015620612852987865,0
2648,28189,36,9.36,72407.92,7,648.0,8.86,7,0,credit_card,RENT,36,0.015041003115060354,0
2649,44600,36,12.48,69317.41,7,609.0,12.72,3,0,debt_consolidation,RENT,58,0.03392137095547669,0
2650,14504,36,10.5,73516.57,2,701.0,27.44,5,0,debt_consolidation,RENT,28,0.018104577525492598,0
2651,22669,36,14.37,80413.15,18,615.0,22.0,2,0,debt_consolidation,RENT,30,0.03330678695558457,0
2652,8910,60,16.93,44400.06,23,712.0,9.02,5,0,debt_consolidation,RENT,31,0.010085697950416805,0
2653,48857,36,22.05,69304.88,21,787.0,8.69,3,0,debt_consolidation,MORTGAGE,71,0.01772735474933579,0
2654,36964,36,11.55,77703.76,9,749.0,22.54,3,1,small_business,OWN,41,0.029437112253558703,0
2655,22131,36,14.95,65481.33,21,682.0,13.57,1,0,debt_consolidation,MORTGAGE,44,0.01631725972843864,0
2656,27227,36,13.37,44954.9,19,717.0,30.41,5,0,debt_consolidation,MORTGAGE,20,0.027316708083945165,0
2657,7978,36,13.66,64188.95,21,638.0,43.78,6,0,home_improvement,RENT,74,0.050968219259568695,0
2658,23991,36,17.9,8000.0,29,601.0,19.38,2,0,home_improvement,OWN,21,0.03969674236190286,0
2659,19153,36,9.26,64714.3,20,688.0,23.59,5,0,debt_consolidation,OWN,49,0.017321389397687237,0
2660,35548,36,10.57,27475.44,3,644.0,23.3,7,0,home_improvement,OWN,48,0.03316476743593965,0
2661,44676,60,11.3,55765.58,20,598.0,14.55,1,0,debt_consolidation,RENT,66,0.03600320526533731,0
2662,41071,36,8.06,44831.41,5,577.0,11.72,4,0,credit_card,MORTGAGE,73,0.02992207212682977,0
2663,49454,36,11.99,56512.77,8,662.0,3.33,4,0,credit_card,RENT,66,0.01870247193511808,0
2664,5983,36,14.63,16486.86,19,740.0,24.32,5,2,credit_card,MORTGAGE,50,0.035025003448928275,0
2665,11503,60,15.31,72931.86,4,671.0,15.96,10,0,debt_consolidation,MORTGAGE,26,0.017258522715889336,0
2666,31921,36,11.26,78068.69,0,,9.81,4,1,credit_card,RENT,62,,0
2667,18905,60,16.57,30855.83,14,677.0,14.11,5,1,debt_consolidation,MORTGAGE,47,0.029569395629679515,0
2668,47838,36,4.0,21246.37,25,623.0,14.93,4,0,debt_consolidation,RENT,46,0.02426774778283388,0
2669,25953,60,21.3,32539.54,26,654.0,9.3,4,0,major_purchase,RENT,42,0.024651910971234158,0
2670,28806,36,14.27,73853.05,19,755.0,9.49,8,0,debt_consolidation,RENT,46,0.010657465325514287,0
2671,47000,36,10.28,53640.13,27,772.0,19.44,10,0,debt_consolidation,RENT,61,0.01711730229559712,0
2672,24168,36,13.85,50184.59,20,743.0,11.09,8,0,debt_consolidation,OWN,55,0.010894531515073413,0
2673,6583,36,11.39,51545.53,0,726.0,10.57,7,1,debt_consolidation,RENT,34,0.011985023824040033,0
2674,40714,60,4.0,38525.22,5,773.0,13.78,6,0,credit_card,MORTGAGE,61,0.008471668863677796,0
2675,41896,36,12.19,63611.8,5,615.0,0.25,4,1,credit_card,OTHER,27,0.03099091171089975,0
2676,13889,60,15.65,93182.72,2,,5.53,1,0,home_improvement,RENT,45,,0
2677,29413,36,15.86,32934.2,19,557.0,9.77,6,0,major_purchase,RENT,45,0.03697134550523585,0
2678,14275,36,13.01,70903.11,8,661.0,30.73,3,0,credit_card,OWN,32,0.028726166729938052,0
2679,4461,36,15.83,53944.87,21,472.0,25.18,5,0,debt_consolidation,MORTGAGE,24,0.0663548243312947,0
2680,16291,36,13.74,53740.73,10,725.0,18.22,8,0,credit_card,OWN,67,0.013675493218705499,0
2681,48804,60,12.89,89742.08,9,610.0,24.8,4,0,credit_card,RENT,36,0.05966896175570696,0
2682,13435,36,9.24,80052.59,5,616.0,24.91,6,0,debt_consolidation,RENT,54,0.025113879579677662,0
2683,29935,36,10.61,55513.28,19,762.0,5.86,8,0,debt_consolidation,MORTGAGE,40,0.007551716616054776,0
2684,35453,60,10.97,78520.43,12,665.0,6.55,6,0,major_purchase,RENT,72,0.015361049107550068,0
2685,20544,36,13.14,12349.88,5,718.0,12.59,9,0,credit_card,RENT,36,0.012170200901458735,0
2686,14258,36,15.21,8000.0,30,652.0,16.41,3,0,credit_card,RENT,47,0.019266366309297837,0
2687,32841,36,9.54,37725.21,7,623.0,5.26,7,0,home_improvement,OWN,21,0.016728358964011685,0
2688,12736,36,6.43,30160.35,4,734.0,22.48,4,1,other,MORTGAGE,33,0.015695210382577318,1
2689,39643,36,17.76,49260.06,13,690.0,20.11,1,1,credit_card,MORTGAGE,67,0.052414197018240044,0
2690,45950,36,8.13,83834.66,2,693.0,26.26,4,0,credit_card,OWN,34,0.02953784740711603,0
2691,36964,36,13.96,50080.28,21,644.0,12.47,8,0,credit_card,OWN,25,0.026650896989449863,0
2692,30044,60,13.01,78801.87,12,670.0,10.07,2,0,debt_consolidation,RENT,64,0.016369668602685652,0
2693,41933,36,10.62,78243.73,23,644.0,35.34,5,0,credit_card,MORTGAGE,39,0.05837386714165315,0
2694,17997,60,14.43,11541.38,4,726.0,12.11,4,0,credit_card,RENT,66,0.010985204169862131,0
2695,16215,36,7.17,73294.94,22,682.0,12.31,7,2,credit_card,OWN,65,0.026679965899203257,0
2696,35069,36,18.52,84983.0,8,717.0,12.81,5,0,debt_consolidation,OWN,53,0.02058848414244528,0
2697,25911,36,22.54,86722.29,0,661.0,24.05,9,0,debt_consolidation,MORTGAGE,70,0.046584630243877705,0
2698,19030,36,16.92,53367.61,2,787.0,24.19,5,0,major_purchase,OTHER,32,0.014374792733023329,0
2699,31334,36,8.76,58109.06,2,676.0,15.19,0,1,debt_consolidation,RENT,30,0.025737793434363575,0
2700,16571,60,4.0,59744.0,17,701.0,26.67,6,0,debt_consolidation,OWN,57,0.01341627063722769,0
2701,44719,60,13.91,54318.58,2,715.0,37.08,6,1,debt_consolidation,MORTGAGE,43,0.08264653169355618,0
2702,30927,36,6.83,30506.37,9,630.0,12.76,8,0,major_purchase,OWN,55,0.018350815205835314,0
2703,22714,36,10.35,36197.79,11,659.0,2.98,6,0,debt_consolidation,RENT,66,0.010425503348772475,0
2704,45541,36,18.09,71849.95,18,714.0,16.2,5,0,debt_consolidation,OWN,55,0.02872951503617933,0
2705,25387,36,18.49,52923.99,18,588.0,20.48,7,0,small_business,RENT,24,0.04942738184357463,0
2706,30444,36,18.93,59245.4,14,706.0,20.96,3,0,other,OWN,58,0.02759279403401439,0
2707,21921,60,12.39,84032.61,2,596.0,10.76,3,0,credit_card,OWN,65,0.021717502039136152,0
2708,15057,36,15.59,58634.28,8,591.0,15.93,5,0,home_improvement,MORTGAGE,40,0.028521526295299922,0
2709,47268,60,4.03,28171.54,4,614.0,21.49,4,1,debt_consolidation,RENT,65,0.05277295363644791,0
2710,26858,36,6.0,111900.07,18,708.0,10.36,4,0,debt_consolidation,RENT,62,0.008955957699896109,0
2711,46638,36,10.85,49286.27,16,839.0,22.78,5,0,debt_consolidation,RENT,36,0.012773333343137247,0
2712,28062,36,15.37,47840.42,3,604.0,8.07,8,0,major_purchase,OWN,48,0.025544420947488523,0
2713,38850,36,10.29,63877.65,10,684.0,23.67,6,0,major_purchase,OWN,60,0.027768274844952763,0
2714,48486,36,15.21,53225.78,0,739.0,15.54,2,1,debt_consolidation,OWN,50,0.03515569911465658,0
2715,22567,36,7.39,55206.03,17,711.0,34.11,8,0,credit_card,MORTGAGE,29,0.022960314542161506,0
2716,31739,60,12.41,42531.82,18,639.0,15.12,5,1,debt_consolidation,MORTGAGE,18,0.04015904128573808,0
2717,45285,60,14.2,81036.81,5,721.0,24.9,9,0,credit_card,OWN,42,0.03310837961689862,0
2718,5754,36,15.03,84696.31,19,649.0,17.35,5,0,debt_consolidation,RENT,65,0.017405333663039396,0
2719,29044,60,10.19,102240.4,22,672.0,26.4,10,0,credit_card,RENT,50,0.02831554967328177,0
2720,3724,36,12.11,105927.56,2,627.0,29.07,4,0,credit_card,RENT,67,0.02585087369456818,0
2721,3376,60,5.84,8000.0,5,745.0,19.17,7,1,debt_consolidation,OWN,23,0.010732587584290031,0
2722,10706,36,11.58,72035.83,3,698.0,18.22,4,0,major_purchase,RENT,39,0.012418398559481751,0
2723,10894,36,16.33,27192.12,5,662.0,26.82,4,0,credit_card,RENT,52,0.027256722847032306,0
2724,20037,36,10.95,88965.94,7,700.0,24.41,6,1,credit_card,OWN,64,0.030314078065794524,0
2725,20450,36,9.01,64869.1,8,,4.45,4,1,debt_consolidation,MORTGAGE,26,,0
2726,18406,36,15.13,38548.65,0,699.0,26.02,5,0,debt_consolidation,MORTGAGE,46,0.023463181644846443,0
2727,31725,36,21.14,28395.81,0,726.0,32.72,7,1,major_purchase,MORTGAGE,48,0.07339306557384066,0
2728,7926,36,20.69,40432.3,11,699.0,27.58,1,0,credit_card,MORTGAGE,42,0.025636183265522566,0
2729,41019,36,13.05,36682.92,7,631.0,14.6,5,0,debt_consolidation,MORTGAGE,32,0.03139768365981305,1
2730,11496,36,15.08,90049.57,0,576.0,5.04,5,0,debt_consolidation,OWN,51,0.018515100247244936,0
2731,38068,36,18.55,58584.25,6,726.0,10.64,6,1,credit_card,RENT,18,0.0313241703378195,0
2732,31806,36,12.97,31914.56,7,646.0,23.95,4,0,debt_consolidation,RENT,61,0.0341126147204194,0
2733,24663,36,13.85,67411.6,10,747.0,3.25,3,0,credit_card,RENT,60,0.007493184540753513,0
2734,43321,60,10.71,66962.37,0,592.0,27.96,7,0,other,OWN,48,0.06228765391741839,0
2735,38495,36,21.47,53624.34,30,625.0,32.16,3,0,other,RENT,70,0.08784788738099257,0
2736,24656,36,14.88,88165.02,7,673.0,21.06,6,0,other,OWN,62,0.0253702605722596,0
2737,27860,36,10.93,71769.09,12,687.0,25.99,5,2,debt_consolidation,OWN,42,0.06424198158293017,0
2738,18832,36,9.7,69776.5,25,737.0,15.34,3,0,debt_consolidation,OWN,40,0.00931509799510504,0
2739,40787,36,4.57,11436.84,0,743.0,17.08,4,1,credit_card,RENT,71,0.019066720712656308,1
2740,23727,36,5.68,49159.52,10,677.0,16.57,4,1,credit_card,OWN,74,0.020822883330007827,0
2741,44815,36,9.1,74197.28,8,725.0,14.45,6,1,debt_consolidation,MORTGAGE,41,0.02632137368430992,0
2742,31545,60,15.71,67089.16,0,569.0,22.57,4,0,debt_consolidation,OWN,55,0.05706534342361685,0
2743,46522,36,13.3,59976.17,13,660.0,27.75,6,0,debt_consolidation,RENT,61,0.04999425182345504,0
2744,4520,60,6.98,75144.2,2,728.0,12.44,6,1,home_improvement,OWN,60,0.009747008886407145,0
2745,5081,36,8.29,69214.82,14,684.0,17.22,7,1,debt_consolidation,OWN,45,0.016641404725756245,0
2746,36196,36,13.13,78093.2,5,767.0,19.65,4,1,home_improvement,RENT,48,0.025442066527844552,0
2747,38735,36,18.69,67813.83,17,624.0,15.84,4,0,other,OWN,18,0.04264762275646235,0
2748,41213,36,7.59,77003.95,27,734.0,17.49,5,1,credit_card,OWN,33,0.024111957264818983,0
2749,16566,36,13.84,75746.48,23,651.0,10.95,6,0,credit_card,RENT,27,0.015755574917855297,0
2750,16042,36,10.22,57905.52,7,710.0,18.08,4,0,small_business,MORTGAGE,51,0.011950496212107179,0
2751,27498,36,10.33,59222.52,2,628.0,19.22,5,1,major_purchase,OWN,65,0.041776782974435864,0
2752,13329,60,7.31,61938.19,30,689.0,16.07,1,0,debt_consolidation,OWN,25,0.009960476038901147,0
2753,33656,60,14.51,28892.37,11,732.0,22.19,7,1,debt_consolidation,OWN,46,0.03606225368479715,0
2754,4159,36,10.05,21379.32,6,727.0,16.5,4,0,debt_consolidation,RENT,44,0.00795222107668828,0
2755,39900,60,10.59,72591.7,7,687.0,10.07,8,0,debt_consolidation,MORTGAGE,69,0.01692822144838475,0
2756,21363,36,15.94,73932.42,1,729.0,26.35,1,0,credit_card,OWN,19,0.02112927636857254,0
2757,49701,36,16.15,59359.98,8,719.0,24.45,7,0,debt_consolidation,RENT,28,0.03862443618073268,0
2758,45241,36,9.08,68888.72,1,662.0,21.21,7,0,credit_card,OWN,35,0.030924912791299247,0
2759,21033,36,13.19,76408.83,5,691.0,,9,1,home_improvement,OWN,73,0.02593612745148511,0
2760,12805,36,15.63,70891.08,8,733.0,2.88,3,1,credit_card,OWN,26,0.011371594478862403,0
2761,37851,60,11.27,74012.5,28,792.0,14.25,4,0,major_purchase,OWN,55,0.01023676607632437,0
2762,28832,36,14.68,27597.82,10,,7.16,7,0,small_business,OWN,47,,0
2763,15944,36,10.73,101145.57,5,611.0,32.9,7,0,debt_consolidation,RENT,38,0.040132067564492696,0
2764,21873,60,10.62,68083.78,0,704.0,28.2,6,0,debt_consolidation,RENT,69,0.021509002880150212,0
2765,42372,36,8.27,83391.03,16,791.0,19.79,4,0,small_business,OWN,53,0.012087049463065654,0
2766,25928,36,18.85,74614.35,7,641.0,19.72,4,2,credit_card,RENT,58,0.09061572388843692,0
2767,17379,36,10.06,34229.27,0,601.0,8.96,8,1,home_improvement,RENT,24,0.027464294787382413,0
2768,38751,36,8.8,42841.41,11,710.0,19.46,7,0,credit_card,RENT,57,0.018954452942554642,0
2769,36546,36,7.82,46877.73,5,684.0,8.41,2,0,credit_card,MORTGAGE,43,0.01242330518914395,0
2770,26286,36,12.34,88722.02,6,685.0,31.86,1,0,debt_consolidation,RENT,60,0.03128353628775862,0
2771,7110,36,7.93,35936.86,21,668.0,23.32,4,0,major_purchase,RENT,49,0.014112240118666774,0
2772,14087,60,9.15,28675.07,1,647.0,28.53,5,1,home_improvement,RENT,33,0.03910705942227847,0
2773,25762,60,15.2,70731.24,5,637.0,9.07,4,1,debt_consolidation,RENT,45,0.032484763785303246,0
2774,19081,36,13.79,103818.97,5,697.0,20.44,5,2,debt_consolidation,OWN,43,0.047730385297159915,0
2775,36947,36,6.62,38958.74,0,723.0,8.67,9,0,debt_consolidation,OWN,28,0.01013814851655498,0
2776,11596,36,14.9,95838.36,22,659.0,12.28,4,2,other,MORTGAGE,24,0.03932106039487277,0
2777,40019,60,12.13,78659.13,21,759.0,29.31,6,0,credit_card,RENT,48,0.024971780654359902,0
2778,44003,36,16.55,49461.15,11,683.0,16.89,4,0,credit_card,MORTGAGE,61,0.03152810784162795,0
2779,20313,36,17.67,26933.81,25,726.0,14.53,9,0,major_purchase,MORTGAGE,64,0.015595722282850126,0
2780,49639,60,5.57,51567.79,3,654.0,21.46,3,0,debt_consolidation,OWN,64,0.028907518228437786,0
2781,3013,60,15.06,40223.75,2,689.0,33.44,4,0,debt_consolidation,RENT,59,0.024289067851555008,0
2782,25705,36,18.54,90007.99,0,701.0,22.29,9,0,credit_card,RENT,53,0.028379451540962226,0
2783,3828,36,12.84,59163.69,9,674.0,24.54,3,0,credit_card,MORTGAGE,33,0.0168926450943763,0
2784,9909,36,14.75,72031.86,8,610.0,16.33,4,0,debt_consolidation,OWN,63,0.022289018351638608,0
2785,40356,36,12.9,72193.03,20,756.0,16.74,5,1,debt_consolidation,RENT,73,0.026229778864717435,0
2786,15109,36,15.92,44003.03,7,672.0,0.06,4,0,credit_card,OWN,69,0.009551875207453136,0
2787,4023,36,13.53,61805.85,2,559.0,5.49,6,0,debt_consolidation,MORTGAGE,67,0.016832962736493096,0
2788,16537,36,4.0,85030.08,20,652.0,32.96,4,0,credit_card,MORTGAGE,42,0.02246973413001207,0
2789,28661,36,11.52,58100.42,7,776.0,22.21,1,0,home_improvement,RENT,18,0.01263735853039663,0
2790,40659,36,11.26,,28,752.0,23.48,4,0,debt_consolidation,RENT,28,0.019711977173062462,0
2791,35848,36,14.86,77258.01,8,697.0,14.82,4,0,other,OWN,45,0.02105700766296205,0
2792,39804,36,16.71,27495.32,0,731.0,18.59,6,0,debt_consolidation,OWN,55,0.02410772212487115,0
2793,17379,60,11.09,8000.0,22,765.0,22.66,6,1,debt_consolidation,RENT,37,0.018496210524905753,0
2794,29766,36,7.1,67200.65,24,687.0,28.94,4,0,debt_consolidation,MORTGAGE,42,0.023566510022857867,0
2795,45590,36,13.22,85609.3,7,744.0,27.41,5,0,debt_consolidation,MORTGAGE,73,0.02946054916196177,0
2796,4563,36,8.9,105044.94,0,632.0,17.5,4,0,credit_card,MORTGAGE,25,0.013847039768351716,0
2797,38060,36,9.58,64907.08,0,616.0,24.49,8,0,home_improvement,RENT,23,0.04124127016715124,0
2798,31197,36,21.53,80605.55,5,681.0,18.83,6,0,credit_card,RENT,35,0.03481202506872165,1
2799,5586,60,9.29,92952.73,14,724.0,21.78,6,1,credit_card,RENT,46,0.016519115109209004,0
2800,18087,36,5.74,60785.14,4,756.0,27.12,6,1,debt_consolidation,OWN,38,0.01811987191255012,0
2801,25225,60,14.41,43968.66,0,674.0,24.72,10,0,debt_consolidation,MORTGAGE,45,0.029880881655578083,0
2802,31750,36,14.83,41396.44,22,630.0,14.45,7,0,debt_consolidation,RENT,63,0.029156143589237085,0
2803,8643,36,15.51,52633.56,29,810.0,23.26,7,1,debt_consolidation,OWN,39,0.015348953727886538,0
2804,29523,60,15.36,96234.75,5,669.0,33.87,4,0,debt_consolidation,RENT,18,0.046943027435589306,0
2805,38727,36,12.58,83306.28,0,620.0,6.09,3,0,debt_consolidation,MORTGAGE,36,0.022034607453723428,0
2806,13005,36,12.62,54535.02,4,715.0,18.03,0,0,credit_card,MORTGAGE,49,0.011800997910527496,0
2807,45543,36,15.76,91139.62,19,850.0,10.02,5,0,home_improvement,MORTGAGE,37,0.009010262259664736,0
2808,2161,36,18.43,71319.41,8,686.0,19.09,7,0,credit_card,MORTGAGE,27,0.016828991289656977,0
2809,18029,60,6.96,54572.17,5,685.0,24.04,3,1,other,OWN,45,0.025091364899000754,0
2810,16226,60,9.57,64425.98,5,725.0,13.08,2,0,credit_card,MORTGAGE,22,0.008545400264598099,0
2811,30731,60,14.51,70064.38,0,736.0,10.58,3,0,debt_consolidation,RENT,35,0.012460165978916464,0
2812,45922,36,13.02,63418.48,5,610.0,30.49,9,1,debt_consolidation,OWN,50,0.11599045057581046,0
2813,46848,36,4.84,103525.59,7,769.0,21.38,5,1,debt_consolidation,RENT,33,0.022316929453687035,0
2814,5390,36,9.71,56255.82,12,673.0,26.39,10,0,credit_card,OTHER,58,0.017308457909302875,0
2815,7997,60,13.21,25439.89,3,684.0,25.03,6,0,debt_consolidation,RENT,57,0.018480967246541215,0
2816,14693,36,12.05,67813.87,25,612.0,10.97,8,0,small_business,OTHER,26,0.017865794527663507,0
2817,44092,36,10.56,52713.55,7,661.0,26.2,6,1,home_improvement,OWN,48,0.06308201759520661,0
2818,2541,60,21.38,26433.97,6,765.0,13.66,6,0,small_business,OWN,59,0.009816943599342706,0
2819,23817,36,11.9,76609.62,9,749.0,12.42,1,1,credit_card,OWN,26,0.015279286105066233,0
2820,39861,36,12.92,8000.0,1,708.0,26.2,5,0,credit_card,RENT,45,0.03056730725799421,0
2821,15428,60,12.53,67212.22,0,532.0,6.58,5,0,debt_consolidation,OWN,45,0.024274852444015643,0
2822,45934,36,12.85,8000.0,5,637.0,9.14,5,2,debt_consolidation,RENT,54,0.06944668730792716,0
2823,12258,36,12.15,60128.92,0,706.0,14.2,3,1,small_business,MORTGAGE,30,0.017372527485718565,0
2824,18044,36,4.0,73837.23,5,654.0,4.62,2,0,debt_consolidation,OWN,55,0.007330747795720238,0
2825,31411,36,8.04,78302.99,12,719.0,18.55,4,0,debt_consolidation,RENT,20,0.014038967181957445,0
2826,7469,60,10.74,80211.83,20,728.0,13.78,7,0,credit_card,RENT,54,0.008078642311174083,0
2827,30854,36,15.25,33633.53,9,764.0,20.13,4,1,credit_card,RENT,58,0.026359330554109398,0
2828,8256,36,10.8,64743.87,13,572.0,33.09,1,0,major_purchase,RENT,54,0.04135688300631255,0
2829,12720,36,8.67,42473.46,21,658.0,8.31,7,0,debt_consolidation,OWN,50,0.009876221155409965,0
2830,35937,60,15.78,41031.36,18,634.0,6.78,3,0,debt_consolidation,RENT,55,0.02308853172315092,0
2831,35598,36,17.4,57245.16,4,646.0,14.38,3,0,credit_card,OWN,23,0.031103422911856717,0
2832,3651,36,5.87,49477.59,9,675.0,11.26,3,2,home_improvement,MORTGAGE,50,0.018833961438379534,0
2833,21194,36,12.39,34093.93,3,695.0,17.96,4,1,debt_consolidation,OTHER,31,0.026129331890864135,0
2834,27051,36,4.0,68048.09,9,719.0,30.98,3,1,small_business,MORTGAGE,39,0.027820156489012225,0
2835,29386,36,10.75,73713.1,6,634.0,32.34,6,0,debt_consolidation,OWN,49,0.04414274498578654,0
2836,11518,36,19.54,38470.73,5,661.0,13.9,5,0,other,OWN,64,0.01978903155658561,0
2837,48026,36,12.37,55390.49,2,688.0,10.51,3,0,debt_consolidation,RENT,52,0.02086533535112801,0
2838,18184,36,6.48,55819.23,9,684.0,10.69,5,0,debt_consolidation,OWN,66,0.009114612313738463,0
2839,35787,60,6.57,56223.22,15,646.0,20.82,5,0,debt_consolidation,RENT,69,0.024151520244709426,0
2840,23621,36,8.27,58582.14,9,643.0,17.7,9,0,debt_consolidation,RENT,66,0.01937740451352164,0
2841,12028,36,9.31,67214.68,0,668.0,18.63,3,0,credit_card,RENT,20,0.013697631968525128,0
2842,14448,36,4.43,89196.01,26,591.0,13.7,11,1,credit_card,RENT,30,0.025893214189920584,0
2843,47253,60,13.32,63254.09,0,602.0,19.34,8,0,debt_consolidation,RENT,31,0.0522852131251155,0
2844,36051,60,14.18,47248.82,24,,33.62,5,0,credit_card,OWN,61,,0
2845,32447,36,10.6,59699.1,17,684.0,28.41,5,0,debt_consolidation,RENT,18,0.029636616004451197,0
2846,20394,60,20.18,33423.77,0,750.0,37.0,6,0,credit_card,RENT,54,0.03580796936782887,0
2847,36501,36,10.28,37570.75,3,584.0,18.86,9,0,other,MORTGAGE,20,0.04048175311986387,0
2848,32254,36,16.81,70810.47,5,706.0,8.56,5,1,debt_consolidation,MORTGAGE,62,0.026390145484152736,0
2849,20509,36,6.45,,25,764.0,1.15,7,0,credit_card,RENT,60,0.004130079462840689,0
2850,16472,60,13.2,54581.03,29,697.0,22.87,8,1,home_improvement,MORTGAGE,60,0.030835731202794314,0
2851,47657,36,13.8,83201.28,0,639.0,6.52,5,0,major_purchase,MORTGAGE,37,0.025829728728479946,0
2852,5471,60,9.16,70099.79,6,660.0,32.0,7,0,credit_card,RENT,52,0.022040642004677702,0
2853,43796,36,12.67,81513.83,1,789.0,18.11,6,0,small_business,OWN,38,0.014917652440427408,0
2854,32268,36,9.12,68397.84,3,747.0,15.8,4,0,credit_card,MORTGAGE,52,0.011445580734700847,0
2855,10329,36,10.75,109801.69,29,641.0,17.78,6,1,debt_consolidation,OWN,29,0.027100727016782643,0
2856,36865,60,10.87,29227.06,30,634.0,19.99,6,0,credit_card,OWN,61,0.03187312406452075,0
2857,48850,36,6.38,62889.59,7,704.0,25.43,1,0,major_purchase,MORTGAGE,28,0.025312957959971523,0
2858,48698,36,14.09,78186.17,2,707.0,17.39,2,1,credit_card,OWN,27,0.043192307943009385,0
2859,30272,36,14.37,49452.17,9,765.0,19.37,8,1,home_improvement,MORTGAGE,53,0.025056164002703957,0
2860,44845,60,10.51,89467.53,4,668.0,22.27,6,0,debt_consolidation,RENT,31,0.03277389420299664,0
2861,8397,36,12.97,75114.25,26,590.0,19.63,7,1,small_business,RENT,27,0.04235624393320797,0
2862,34373,36,8.32,22704.96,20,664.0,5.82,3,0,debt_consolidation,MORTGAGE,26,0.012521098865214084,0
2863,37525,36,6.99,69053.16,4,651.0,14.04,8,0,major_purchase,OWN,44,0.019562201417035498,0
2864,26570,60,10.4,75203.64,0,517.0,26.82,4,0,credit_card,OWN,53,0.06369709997607301,0
2865,20284,60,14.76,100815.96,30,663.0,31.87,5,0,debt_consolidation,MORTGAGE,73,0.03698630228904124,0
2866,20994,60,11.7,55514.63,12,738.0,30.88,7,1,debt_consolidation,RENT,68,0.033313227045652004,0
2867,25284,36,10.25,73973.79,6,725.0,22.54,7,1,credit_card,RENT,42,0.026333678190003134,0
2868,19833,36,13.34,66441.27,4,661.0,14.7,3,1,debt_consolidation,RENT,69,0.02835078858170584,0
2869,27122,60,8.34,45944.67,0,654.0,29.04,6,1,debt_consolidation,RENT,25,0.047744932104938395,0
2870,7017,36,7.09,51270.34,1,649.0,15.33,5,0,debt_consolidation,OWN,43,0.011140556646922104,0
2871,18370,36,10.59,8000.0,0,648.0,14.23,4,1,other,RENT,25,0.025783470001964966,0
2872,31252,36,8.6,48181.47,10,728.0,21.6,7,1,credit_card,RENT,19,0.025857421979361982,0
2873,9999,60,7.24,99278.34,11,761.0,0.0,11,0,small_business,OWN,43,0.003526136905345897,0
2874,24436,36,15.62,55687.56,17,725.0,18.3,4,0,debt_consolidation,OWN,61,0.016985230043173552,0
2875,44963,36,20.81,81113.83,2,636.0,18.5,1,0,small_business,MORTGAGE,36,0.05334068074806948,0
2876,4096,60,5.78,65695.49,0,631.0,16.88,6,0,credit_card,MORTGAGE,66,0.011775602367494399,0
2877,27279,36,10.34,70610.95,11,768.0,16.78,10,0,home_improvement,RENT,40,0.010726855703277586,0
2878,45363,36,12.7,109858.41,8,685.0,29.99,5,1,debt_consolidation,MORTGAGE,56,0.07121723634130848,0
2879,28201,60,5.12,49787.26,23,636.0,5.0,8,1,small_business,RENT,72,0.018597052985371655,0
2880,21715,60,11.11,49614.16,8,686.0,21.49,3,0,credit_card,RENT,64,0.018224425290044134,0
2881,31309,60,11.4,87182.54,7,600.0,23.12,6,0,debt_consolidation,MORTGAGE,45,0.040348344282579975,0
2882,17078,36,13.92,57987.25,7,609.0,31.11,5,0,debt_consolidation,RENT,35,0.04427542446506866,0
2883,7105,36,8.91,53185.06,18,643.0,20.67,7,0,debt_consolidation,OWN,23,0.015928321300376323,0
2884,31312,60,9.74,83843.9,0,734.0,22.15,3,1,home_improvement,MORTGAGE,24,0.025963425945683793,0
2885,4839,36,15.89,66463.94,26,663.0,17.9,4,1,debt_consolidation,OWN,69,0.027100727016782643,0
2886,5384,60,13.68,56218.38,14,722.0,20.53,4,0,debt_consolidation,RENT,18,0.011784449722427254,0
2887,45619,60,14.91,51457.72,24,691.0,18.1,0,0,debt_consolidation,RENT,20,0.028913133132170515,0
2888,44821,36,4.98,38923.24,28,597.0,8.43,10,0,small_business,MORTGAGE,44,0.022991292661726427,0
2889,15493,60,9.33,21299.07,2,774.0,20.39,3,0,debt_consolidation,MORTGAGE,42,0.008392074867902393,0
2890,19069,60,18.07,87787.25,9,607.0,19.97,2,1,debt_consolidation,RENT,72,0.057958614200423184,0
2891,48907,36,11.66,49394.7,7,645.0,13.36,5,0,other,RENT,50,0.030047722618735322,0
2892,9531,36,11.5,17409.22,8,652.0,20.06,6,0,small_business,OTHER,65,0.017395758913601556,0
2893,39051,36,11.67,104581.78,0,728.0,28.33,2,0,major_purchase,OWN,58,0.02658974545149015,0
2894,9736,36,18.28,62166.79,26,643.0,15.58,6,0,debt_consolidation,MORTGAGE,29,0.021539752049847285,0
2895,9710,36,9.02,60558.81,28,628.0,31.84,11,0,debt_consolidation,RENT,54,0.029621090473276827,0
2896,3619,36,14.69,20315.85,13,731.0,29.93,7,0,debt_consolidation,RENT,69,0.016924560672962562,0
2897,15975,60,13.06,74526.87,3,663.0,11.99,7,0,credit_card,RENT,44,0.014688398114219195,0
2898,47603,60,6.54,46722.29,18,718.0,13.6,4,0,credit_card,RENT,70,0.014847864958361639,1
2899,25252,36,10.81,46778.93,15,825.0,16.59,5,0,other,MORTGAGE,28,0.007097710448223184,0
2900,17261,36,8.66,70345.24,9,654.0,7.82,5,0,credit_card,RENT,49,0.010634293736049296,0
2901,3431,36,6.91,63018.61,1,706.0,10.56,10,0,debt_consolidation,MORTGAGE,18,0.006371806889509915,0
2902,11067,60,16.79,35696.73,2,607.0,0.45,2,2,debt_consolidation,MORTGAGE,59,0.03580658836312321,0
2903,39481,36,7.12,24392.5,9,645.0,23.13,0,1,debt_consolidation,OWN,41,0.04525288842823512,0
2904,29037,36,15.0,64133.92,1,698.0,23.92,5,0,debt_consolidation,OWN,65,0.026585086956911086,0
2905,11557,60,8.55,61964.87,15,766.0,5.52,5,0,credit_card,MORTGAGE,32,0.00442275460187848,0
2906,11435,36,17.43,125150.6,2,587.0,5.85,4,1,debt_consolidation,MORTGAGE,35,0.03236429091827636,0
2907,39766,60,10.32,8000.0,25,703.0,17.44,4,0,credit_card,MORTGAGE,54,0.019472642786978776,0
2908,2162,60,13.34,63680.77,25,612.0,18.67,2,0,debt_consolidation,OWN,40,0.018984600624145333,0
2909,36742,60,9.73,19423.85,4,663.0,28.06,1,0,debt_consolidation,OWN,59,0.03310966012940554,0
2910,21675,36,4.0,49631.1,0,646.0,12.55,5,0,debt_consolidation,RENT,45,0.011652656712399258,0
2911,10461,36,5.33,49308.76,10,635.0,12.67,7,0,debt_consolidation,OWN,69,0.010905959830173848,0
2912,19015,60,4.41,73550.08,7,691.0,18.9,5,0,debt_consolidation,MORTGAGE,50,0.011104919842746872,0
2913,34591,36,13.02,74249.23,1,620.0,27.5,2,0,debt_consolidation,OWN,35,0.04710255676062744,0
2914,30047,36,11.89,94119.95,8,485.0,30.1,4,0,home_improvement,OWN,66,0.09791932772397556,0
2915,36782,36,14.38,66164.03,30,654.0,10.39,1,0,debt_consolidation,MORTGAGE,61,0.02201522161903896,0
2916,11833,36,9.28,84630.8,0,631.0,26.89,7,1,major_purchase,OWN,18,0.03955365555119132,0
2917,9896,36,4.0,94392.21,3,653.0,10.94,5,0,major_purchase,RENT,56,0.008305641259097763,0
2918,34972,36,17.21,66451.11,8,632.0,3.6,6,1,home_improvement,RENT,70,0.03633157780373391,0
2919,43800,36,15.96,89362.71,19,710.0,19.76,4,0,credit_card,RENT,50,0.029153313116222535,0
2920,32508,36,13.5,65325.25,0,714.0,28.06,5,0,credit_card,RENT,37,0.028292997098416175,0
2921,7347,36,16.44,59826.66,15,602.0,16.2,5,1,debt_consolidation,RENT,26,0.03935204752871038,0
2922,32314,36,11.59,43892.84,1,751.0,26.81,3,1,debt_consolidation,RENT,52,0.03143724318308804,0
2923,4643,36,13.06,69551.1,21,719.0,11.71,7,0,debt_consolidation,OWN,45,0.008328240132899067,0
2924,42785,36,9.19,68573.04,13,652.0,19.13,6,0,debt_consolidation,MORTGAGE,59,0.028703854364055436,0
2925,20681,36,7.72,68906.56,7,672.0,25.32,3,1,credit_card,MORTGAGE,32,0.03108113000814672,0
2926,40328,36,5.69,88504.0,20,736.0,20.72,3,0,debt_consolidation,OWN,73,0.014540932320914348,0
2927,17892,36,8.99,82678.05,15,652.0,,5,0,debt_consolidation,OWN,59,0.014706355002982605,0
2928,49299,36,22.65,23137.18,17,724.0,,9,0,debt_consolidation,OWN,36,0.03607129283464437,0
2929,19073,36,5.92,23613.08,4,,15.93,9,1,home_improvement,RENT,70,,0
2930,38768,36,8.25,63085.26,10,730.0,26.4,2,0,home_improvement,RENT,37,0.020509587287817564,0
2931,32682,60,12.45,35594.52,1,715.0,16.97,8,0,other,OWN,25,0.017897054308605175,0
2932,34262,36,21.59,57604.04,20,643.0,4.61,5,1,debt_consolidation,RENT,62,0.04274326446810669,0
2933,33358,60,7.8,37217.63,8,688.0,20.09,9,0,debt_consolidation,OWN,69,0.019317449551617093,0
2934,16289,36,9.49,62413.76,21,730.0,17.88,4,0,credit_card,RENT,70,0.010206010688022031,1
2935,9927,60,14.69,34532.28,2,724.0,21.09,2,0,small_business,RENT,23,0.013421831008706352,0
2936,3171,36,14.46,70045.1,1,719.0,17.02,5,0,debt_consolidation,MORTGAGE,37,0.010490077317463764,0
2937,13918,36,9.22,33254.69,13,666.0,17.16,4,0,major_purchase,OWN,30,0.013650427337781735,0
2938,43903,36,8.66,63395.52,0,767.0,24.85,1,0,small_business,OWN,58,0.01734523541015042,0
2939,41110,36,13.79,17828.78,3,700.0,36.13,6,0,home_improvement,RENT,18,0.05054135801135347,0
2940,13929,36,10.78,31740.53,25,779.0,16.62,5,1,debt_consolidation,MORTGAGE,46,0.012229250159496954,0
2941,4539,36,13.15,77645.28,1,609.0,25.92,3,0,major_purchase,RENT,65,0.026885359892181653,0
2942,38727,36,11.32,92051.48,5,,7.14,4,0,major_purchase,RENT,33,,0
2943,47951,36,13.41,82784.74,27,670.0,17.41,3,0,debt_consolidation,RENT,34,0.03185831592275496,0
2944,24669,60,13.82,78945.85,0,730.0,15.82,3,1,credit_card,RENT,65,0.022252001651515183,0
2945,7432,36,4.21,97039.74,7,633.0,8.48,2,0,major_purchase,OWN,46,0.007925915129301167,0
2946,22644,60,10.15,84139.86,18,632.0,22.04,6,0,debt_consolidation,RENT,39,0.025580289788506277,0
2947,20745,36,13.33,21729.49,25,737.0,25.72,8,0,credit_card,OWN,19,0.018310507210108035,0
2948,30228,36,15.24,83832.77,15,671.0,22.05,3,0,credit_card,MORTGAGE,41,0.02938515832752272,0
2949,36521,36,10.67,83437.65,24,714.0,18.81,6,0,credit_card,MORTGAGE,59,0.018749144798676932,0
2950,33703,36,4.62,13174.02,0,630.0,14.41,5,0,debt_consolidation,OWN,34,0.018012015669090692,0
2951,28928,36,17.0,43168.06,0,722.0,29.23,4,0,credit_card,RENT,45,0.030941099914895628,0
2952,20322,36,15.42,99475.58,16,731.0,,6,0,debt_consolidation,OTHER,21,0.013405950260729075,0
2953,24360,36,12.42,56761.03,16,756.0,14.6,7,0,home_improvement,MORTGAGE,56,0.010731313571193767,0
2954,31055,60,10.14,31480.8,10,620.0,32.82,4,0,other,MORTGAGE,39,0.04792073505141548,0
2955,44891,36,14.4,81589.7,15,608.0,0.0,9,0,major_purchase,OWN,31,0.024359316079842912,0
2956,18376,60,10.18,53111.36,22,674.0,18.4,4,1,debt_consolidation,MORTGAGE,64,0.025543923114142435,0
2957,8588,60,15.5,50342.02,9,753.0,20.13,7,1,debt_consolidation,RENT,29,0.018964496949482317,0
2958,27000,60,19.19,81842.05,27,626.0,35.0,4,1,major_purchase,RENT,45,0.1123957354229419,0
2959,8304,36,10.05,70094.68,13,615.0,16.46,3,0,debt_consolidation,OWN,45,0.01657705136027455,0
2960,9345,36,15.12,57048.32,7,650.0,13.37,1,1,debt_consolidation,RENT,47,0.025030771060868654,0
2961,31300,36,9.38,68273.67,6,691.0,21.82,5,0,major_purchase,RENT,62,0.020268710448765537,0
2962,26259,36,16.11,,16,687.0,0.0,2,0,debt_consolidation,MORTGAGE,32,0.010757673600734177,0
2963,27470,36,11.01,82847.63,10,627.0,3.3,0,0,debt_consolidation,RENT,27,0.01365231243917718,0
2964,25017,36,17.79,,20,636.0,2.94,6,0,home_improvement,RENT,71,0.01801166192084154,0
2965,17352,36,10.89,55187.09,18,674.0,16.69,5,0,debt_consolidation,OWN,50,0.014996032543823678,0
2966,35365,36,8.41,49662.18,8,635.0,21.19,5,1,debt_consolidation,RENT,32,0.04588701140597524,0
2967,21446,60,10.66,67640.55,27,617.0,28.08,2,0,credit_card,RENT,49,0.033997481270397645,0
2968,4336,36,11.11,31832.83,14,712.0,21.77,7,0,credit_card,RENT,19,0.011670175358808658,0
2969,11879,36,12.95,97496.13,2,645.0,15.14,3,0,credit_card,RENT,49,0.016313407933965095,0
2970,34316,60,10.68,41455.05,10,650.0,17.83,3,0,debt_consolidation,RENT,38,0.024447404981670428,0
2971,35340,36,12.98,86469.44,2,659.0,22.22,8,0,debt_consolidation,OWN,55,0.03294550550162027,0
2972,9521,36,13.05,75129.49,9,698.0,23.4,1,0,debt_consolidation,RENT,36,0.015533819427771276,0
2973,8171,60,10.29,65368.4,19,683.0,14.49,3,1,other,RENT,69,0.01694853623959357,0
2974,25481,36,13.31,66160.67,20,647.0,23.58,5,0,credit_card,OWN,43,0.0303635008787032,0
2975,20474,36,9.66,13583.63,11,671.0,16.61,3,0,debt_consolidation,OWN,28,0.014933237275543527,0
2976,48760,36,20.0,47395.84,18,667.0,11.99,6,0,major_purchase,RENT,36,0.03778957110261969,0
2977,46629,36,13.2,141272.71,7,767.0,17.6,6,0,credit_card,RENT,18,0.018067283995742596,0
2978,47232,36,14.45,65326.94,9,679.0,26.56,8,0,debt_consolidation,RENT,66,0.046776877160053555,0
2979,23008,36,11.22,70268.81,24,631.0,10.47,3,0,credit_card,MORTGAGE,41,0.016856147875662003,0
2980,3633,36,9.12,12045.95,8,585.0,11.87,8,0,major_purchase,MORTGAGE,23,0.01511942573320841,0
2981,14485,36,15.34,53916.3,5,737.0,19.03,1,1,credit_card,OWN,58,0.02095705836293056,0
2982,45617,60,13.32,51082.94,19,675.0,26.26,5,0,major_purchase,MORTGAGE,41,0.04223876956528382,0
2983,5648,36,4.0,41486.47,0,699.0,13.29,3,0,debt_consolidation,OWN,21,0.006246673073695681,0
2984,49945,60,19.7,74362.17,28,727.0,25.91,3,0,credit_card,MORTGAGE,40,0.044715030305885056,0
2985,15140,36,14.95,49326.43,5,635.0,25.61,4,0,debt_consolidation,OWN,67,0.03090933293934165,0
2986,19921,60,10.48,41882.77,10,633.0,20.35,6,1,debt_consolidation,RENT,34,0.03727015375601507,0
2987,16357,36,14.42,23242.76,13,684.0,27.5,3,0,debt_consolidation,RENT,72,0.024701972374151088,0
2988,48136,36,13.69,32354.37,1,819.0,13.82,7,0,other,RENT,47,0.012200774870112485,0
2989,5137,36,13.98,35417.55,20,637.0,30.05,12,0,major_purchase,RENT,58,0.030820792263071925,0
2990,2097,60,8.52,51439.57,9,649.0,29.94,4,1,debt_consolidation,RENT,29,0.03111487663254898,0
2991,13407,36,12.28,47629.03,4,730.0,29.46,8,1,debt_consolidation,OWN,46,0.0296136180300048,0
2992,32575,36,13.21,44330.3,22,716.0,23.16,5,0,debt_consolidation,RENT,54,0.022807371516793164,0
2993,14722,36,16.93,17905.48,10,650.0,7.92,1,0,debt_consolidation,OWN,30,0.015034486006409145,0
2994,14924,60,12.41,34859.38,18,585.0,23.28,2,0,debt_consolidation,MORTGAGE,21,0.03261513407867867,1
2995,5750,36,13.72,63195.01,30,664.0,29.36,7,0,major_purchase,RENT,56,0.02439689449755168,0
2996,29733,36,8.36,96477.05,1,789.0,0.0,2,1,major_purchase,RENT,66,0.007024234619264828,0
2997,10535,36,12.27,100016.12,16,653.0,21.77,1,1,debt_consolidation,MORTGAGE,39,0.03038352753341146,0
2998,26487,36,15.47,109993.64,17,729.0,21.28,4,0,debt_consolidation,MORTGAGE,48,0.019273547787021644,0
2999,32651,60,9.26,66582.76,23,614.0,12.76,4,0,debt_consolidation,RENT,23,0.02258600139404668,0
3000,6666,60,10.45,58613.19,6,730.0,2.69,7,0,debt_consolidation,OWN,23,0.004983732390785312,0
3001,18994,36,8.14,75853.71,23,733.0,14.39,6,0,debt_consolidation,OWN,22,0.008788185386804717,0
3002,3727,36,6.58,51046.32,10,682.0,22.0,8,1,debt_consolidation,RENT,26,0.018370641176981135,0
3003,36622,60,8.56,80068.93,0,754.0,13.02,4,1,small_business,RENT,51,0.017077642162210097,0
3004,12800,36,14.25,,0,673.0,30.4,6,0,debt_consolidation,RENT,73,0.02809954507173477,0
3005,39823,60,11.02,66921.27,7,799.0,18.23,1,0,debt_consolidation,RENT,73,0.011460299033766348,0
3006,45039,36,8.57,41770.34,18,673.0,19.08,1,0,home_improvement,RENT,51,0.024470311177484536,0
3007,20708,36,20.72,84113.59,5,660.0,15.86,4,0,small_business,RENT,55,0.02697655557813465,0
3008,14819,36,9.19,35373.44,22,700.0,15.71,6,0,major_purchase,RENT,59,0.010924961336842424,0
3009,11369,36,14.5,44096.78,8,608.0,16.02,6,0,major_purchase,RENT,27,0.023093945651138603,0
3010,11283,60,13.33,51596.88,0,694.0,17.77,5,0,credit_card,MORTGAGE,45,0.013911366537901893,0
3011,32573,36,12.99,39087.87,29,631.0,15.59,2,0,debt_consolidation,OWN,55,0.026819508843834106,0
3012,15171,60,4.68,74161.29,7,738.0,13.45,6,0,home_improvement,OTHER,66,0.006415641345335766,0
3013,32933,36,17.08,63247.56,11,733.0,23.38,7,1,small_business,RENT,74,0.041880988921437004,0
3014,7774,60,13.28,35597.17,2,634.0,17.07,5,0,debt_consolidation,RENT,36,0.01795585528085304,0
3015,8519,36,15.68,46966.19,4,653.0,,1,0,debt_consolidation,RENT,21,0.016244547951843304,0
3016,12983,60,16.55,63502.01,7,738.0,18.8,6,0,debt_consolidation,MORTGAGE,46,0.013669289908465098,0
3017,32932,36,18.85,65205.59,22,797.0,11.63,1,0,credit_card,RENT,37,0.011479347316875744,0
3018,32798,60,8.01,36127.71,0,681.0,8.53,7,0,debt_consolidation,RENT,33,0.012513682442077397,0
3019,20133,36,9.12,60409.14,18,730.0,17.81,4,0,credit_card,RENT,36,0.010783030946396668,0
3020,16939,36,9.67,75580.37,9,725.0,26.34,5,1,debt_consolidation,RENT,66,0.024743926766414254,0
3021,2781,60,8.53,52417.07,8,726.0,30.26,2,0,debt_consolidation,RENT,38,0.0122068022980556,0
3022,29624,36,17.29,34356.9,23,542.0,,7,0,home_improvement,MORTGAGE,64,0.05340231878057131,0
3023,8823,36,7.99,93305.57,0,625.0,26.66,10,1,debt_consolidation,MORTGAGE,72,0.037053323042147805,0
3024,20489,36,10.48,75717.93,30,768.0,32.16,7,0,major_purchase,OWN,24,0.01682667503765332,0
3025,41961,36,5.47,49615.99,22,633.0,11.48,3,0,other,OWN,37,0.01896375277000929,0
3026,31118,36,14.93,62384.55,4,667.0,21.59,6,0,home_improvement,RENT,73,0.030485626204935196,0
3027,36881,36,11.49,51112.26,7,798.0,11.82,9,1,major_purchase,MORTGAGE,46,0.015321169923593832,0
3028,18280,36,15.53,35257.02,0,651.0,21.73,7,0,credit_card,RENT,42,0.027259904682800252,0
3029,24263,36,14.8,77073.19,8,688.0,25.99,3,0,debt_consolidation,RENT,55,0.02703699359363032,0
3030,15565,36,5.43,101649.16,9,705.0,14.15,5,0,credit_card,OWN,54,0.00831619081892642,0
3031,22354,60,12.74,82644.19,26,750.0,21.19,9,0,debt_consolidation,OWN,51,0.014367427150988895,0
3032,44951,36,7.64,66148.67,6,717.0,18.74,9,1,debt_consolidation,OWN,20,0.031329025576564924,0
3033,27643,36,12.56,52081.42,9,649.0,20.13,7,0,home_improvement,OWN,39,0.026911011069926816,0
3034,25648,36,9.66,8000.0,16,681.0,16.75,4,1,debt_consolidation,MORTGAGE,53,0.02583023198432937,0
3035,43971,36,19.33,99242.06,10,666.0,7.42,5,1,other,MORTGAGE,31,0.04507607756873071,0
3036,20658,36,22.65,43338.7,1,734.0,29.48,2,0,home_improvement,RENT,66,0.032011035009711884,0
3037,23253,36,11.02,80838.0,1,677.0,21.59,9,0,small_business,OWN,46,0.020993200259115965,0
3038,28390,36,12.4,83534.52,1,693.0,23.02,3,0,credit_card,RENT,30,0.022545858194729748,0
3039,25128,36,4.0,82828.09,2,651.0,29.15,2,0,credit_card,OWN,57,0.022589092222977225,0
3040,15489,36,5.42,25027.31,4,800.0,26.01,3,0,major_purchase,MORTGAGE,19,0.007400203928269948,0
3041,40314,60,13.54,84574.89,16,630.0,5.76,5,1,credit_card,OWN,64,0.036744858855420295,0
3042,34658,36,11.87,48126.43,0,807.0,27.64,2,0,debt_consolidation,RENT,29,0.015071848942967805,0
3043,8852,36,13.69,57763.55,20,669.0,20.25,4,1,debt_consolidation,OWN,22,0.027855879727216173,0
3044,31450,36,8.81,57007.23,3,735.0,19.14,2,0,credit_card,RENT,62,0.01332235413231816,0
3045,4551,60,13.21,44599.56,10,687.0,22.56,2,0,debt_consolidation,RENT,32,0.014802004803963903,0
3046,8411,60,4.0,52536.87,9,609.0,21.1,4,0,debt_consolidation,RENT,74,0.015492583588039703,0
3047,35243,60,9.56,63521.13,1,651.0,12.37,8,1,credit_card,OWN,63,0.03234738409251486,0
3048,23800,36,13.87,36493.43,4,747.0,8.18,3,1,major_purchase,OWN,43,0.01469708423268809,0
3049,12403,36,18.79,19171.78,4,617.0,0.0,6,0,debt_consolidation,RENT,31,0.01470954316053971,0
3050,9239,36,11.53,82341.78,10,525.0,25.05,9,0,debt_consolidation,MORTGAGE,28,0.045359291864460034,0
3051,8710,60,14.36,67222.15,18,571.0,35.32,4,0,other,OWN,72,0.05567180211068298,0
3052,23384,60,9.32,13421.01,30,680.0,13.81,2,1,credit_card,RENT,42,0.02137513618579355,0
3053,23038,36,13.77,70158.78,0,621.0,26.86,6,0,debt_consolidation,OWN,68,0.03945500188494054,0
3054,42846,36,10.02,55453.62,27,684.0,10.95,6,0,debt_consolidation,RENT,56,0.018020153761441927,0
3055,24447,36,19.82,27445.02,9,715.0,13.99,3,0,debt_consolidation,MORTGAGE,73,0.01851546369657105,0
3056,4285,36,10.68,46362.93,5,,28.08,8,1,debt_consolidation,RENT,70,,0
3057,39991,36,11.32,69231.63,4,703.0,11.87,7,0,debt_consolidation,MORTGAGE,31,0.01700026363626472,0
3058,15521,36,15.1,35185.12,2,802.0,14.85,4,1,small_business,RENT,25,0.012585059505419155,0
3059,49657,36,14.01,34565.26,9,775.0,15.12,3,0,small_business,MORTGAGE,18,0.01676491388397552,0
3060,8971,36,10.54,45833.08,27,623.0,16.11,8,1,major_purchase,RENT,19,0.027728346905315383,0
3061,31139,36,13.64,36385.03,2,718.0,26.55,4,0,major_purchase,RENT,41,0.025302597696544485,0
3062,21909,36,7.78,32443.51,6,714.0,8.48,8,0,credit_card,RENT,66,0.008263411659346106,0
3063,13531,36,12.91,32016.68,2,614.0,14.94,7,1,credit_card,MORTGAGE,48,0.033885996396755186,0
3064,16721,36,14.2,70823.97,2,647.0,11.65,3,1,home_improvement,MORTGAGE,33,0.026815855054695793,0
3065,21206,60,10.31,37326.44,23,582.0,1.84,6,1,debt_consolidation,OWN,44,0.02487311741849049,0
3066,39711,60,10.52,87052.85,3,647.0,20.68,6,1,credit_card,OWN,60,0.05095177581380026,0
3067,8530,36,9.48,113915.49,3,719.0,16.8,4,1,debt_consolidation,RENT,34,0.014666704936600274,0
3068,13116,36,6.26,55929.36,25,744.0,0.0,8,0,credit_card,OWN,62,0.003839064917735457,0
3069,2258,36,13.66,110426.69,6,813.0,22.48,7,1,credit_card,MORTGAGE,52,0.01176676157575766,0
3070,2282,36,10.1,73558.34,0,727.0,21.59,3,0,debt_consolidation,OWN,48,0.009305874194908735,0
3071,15937,60,14.23,64054.8,15,704.0,14.03,5,1,small_business,RENT,47,0.021195148022558414,0
3072,3898,60,11.27,58447.86,8,790.0,8.65,4,0,credit_card,RENT,49,0.00422484041590043,0
3073,6135,36,14.46,11114.76,18,773.0,17.82,7,0,home_improvement,OWN,64,0.008497074253589776,0
3074,8629,60,5.15,48741.29,9,647.0,40.02,6,0,debt_consolidation,OWN,31,0.028164615829809208,1
3075,45936,60,7.42,31881.74,5,673.0,16.15,3,0,credit_card,OWN,20,0.02140946904066519,0
3076,21584,60,8.63,81881.07,0,722.0,12.99,1,0,debt_consolidation,RENT,70,0.009110097653844738,0
3077,25551,36,16.79,102829.03,23,599.0,14.51,5,1,debt_consolidation,OWN,61,0.05400912036890572,0
3078,35380,36,13.61,65364.06,2,703.0,6.51,5,0,credit_card,RENT,41,0.013795789585530774,0
3079,48971,36,10.95,66296.85,29,706.0,28.14,5,0,debt_consolidation,RENT,60,0.03614229111935522,0
3080,19071,36,10.09,84063.05,3,724.0,9.59,6,0,debt_consolidation,OTHER,20,0.00845522091143392,0
3081,22074,36,14.38,62962.52,21,732.0,6.5,2,0,credit_card,OTHER,20,0.008999732050380004,0
3082,27188,60,9.64,90076.03,18,660.0,13.61,5,0,home_improvement,RENT,24,0.01646623577901314,0
3083,4307,36,14.94,119123.22,7,706.0,29.56,1,0,debt_consolidation,MORTGAGE,27,0.018698067798392372,0
3084,41901,60,11.14,96106.09,6,655.0,24.1,3,1,home_improvement,OWN,45,0.05781355041709903,0
3085,13205,36,17.17,44433.09,14,738.0,15.66,5,2,debt_consolidation,RENT,61,0.03295825192242711,0
3086,7906,36,8.22,80986.61,8,692.0,14.31,3,0,credit_card,OWN,26,0.008745084159659982,0
3087,4591,60,11.49,43304.99,10,738.0,13.13,7,2,other,RENT,50,0.01952234785237357,0
3088,17149,36,8.32,54476.76,7,571.0,13.25,4,0,debt_consolidation,RENT,19,0.02089722994236011,0
3089,46918,36,18.51,101093.08,9,603.0,15.76,4,0,debt_consolidation,OWN,43,0.055527928840524654,0
3090,41951,60,12.08,35073.41,2,699.0,25.83,5,0,debt_consolidation,RENT,32,0.03174439293605931,0
3091,27150,60,7.97,50091.53,0,605.0,11.26,6,1,credit_card,RENT,56,0.03142871859752993,0
3092,33852,36,8.39,88560.19,5,741.0,34.07,2,0,credit_card,OTHER,67,0.023737857555467624,0
3093,44870,60,14.06,38574.49,7,741.0,27.09,3,0,home_improvement,RENT,19,0.02982874736022579,0
3094,3283,36,4.73,12065.46,25,708.0,35.37,4,1,credit_card,RENT,58,0.023179378685892694,0
3095,35691,60,11.29,22710.12,6,661.0,4.67,8,0,credit_card,OWN,33,0.015203939539745592,0
3096,3125,60,8.59,44781.64,6,659.0,,7,0,debt_consolidation,RENT,53,0.010539810160679246,0
3097,3529,36,11.36,59027.44,12,734.0,20.65,8,0,debt_consolidation,RENT,62,0.009859415994493333,0
3098,28170,36,12.4,52412.93,2,717.0,18.41,5,0,debt_consolidation,MORTGAGE,45,0.01659042450796948,0
3099,10438,36,11.61,47203.0,23,628.0,24.45,7,0,debt_consolidation,RENT,54,0.02458467675827473,0
3100,22095,36,10.94,61922.96,6,705.0,22.61,4,0,debt_consolidation,MORTGAGE,38,0.017179663554146123,0
3101,18154,60,12.66,47578.19,27,769.0,9.61,4,0,debt_consolidation,RENT,36,0.007078989099539012,0
3102,10004,36,19.0,42591.68,3,714.0,12.46,8,0,home_improvement,RENT,25,0.013314206772176866,0
3103,11752,60,17.1,65746.41,7,658.0,17.25,8,0,debt_consolidation,RENT,67,0.02108340926569827,0
3104,45360,60,10.65,62877.85,18,667.0,5.63,5,1,debt_consolidation,RENT,30,0.02827485769410113,0
3105,28819,60,14.9,85398.04,9,658.0,15.03,4,0,major_purchase,MORTGAGE,38,0.023306968831858267,0
3106,38632,60,14.7,110476.64,11,653.0,21.76,8,0,debt_consolidation,OWN,69,0.038792625943045146,0
3107,28515,36,10.48,8000.0,3,607.0,28.54,4,0,debt_consolidation,OWN,39,0.04244800935995084,0
3108,26217,36,11.87,72980.99,4,686.0,20.4,6,0,other,RENT,48,0.020389000286681017,0
3109,25172,36,14.15,63975.27,8,586.0,0.0,4,0,debt_consolidation,RENT,41,0.017722131576380112,0
3110,34994,36,9.08,91955.69,2,727.0,18.09,6,0,major_purchase,OTHER,41,0.015149534687420708,0
3111,17036,36,11.04,47317.66,1,660.0,26.77,6,0,credit_card,MORTGAGE,55,0.024447404981670428,0
3112,13739,36,11.21,50574.84,22,759.0,4.59,6,1,debt_consolidation,RENT,66,0.008791670452794251,0
3113,34220,36,10.92,27715.51,18,620.0,16.9,8,0,debt_consolidation,MORTGAGE,24,0.029782479786883025,0
3114,11587,60,10.76,85628.42,27,672.0,26.62,4,0,home_improvement,RENT,48,0.01969575205120278,0
3115,46517,60,13.77,63400.05,9,687.0,17.37,5,0,credit_card,MORTGAGE,25,0.02907529717337654,0
3116,32129,36,12.11,88158.91,6,611.0,15.85,3,0,debt_consolidation,MORTGAGE,54,0.0292009004553998,0
3117,2645,36,14.56,49230.09,0,709.0,28.63,6,0,major_purchase,MORTGAGE,40,0.017672760348146476,0
3118,32930,36,22.08,43204.32,22,611.0,17.39,6,2,credit_card,MORTGAGE,29,0.13035767362159043,0
3119,18299,36,9.86,78180.39,7,706.0,17.17,9,0,credit_card,MORTGAGE,29,0.012739582164729353,0
3120,32090,60,12.87,51535.4,9,769.0,16.73,3,0,major_purchase,RENT,65,0.0123765249235779,0
3121,23953,36,14.03,75781.41,4,716.0,27.55,3,0,debt_consolidation,OWN,47,0.023352083631813268,0
3122,48443,60,16.37,72772.06,8,653.0,18.29,9,2,home_improvement,RENT,63,0.11314212164625335,0
3123,28475,36,13.74,62672.45,18,750.0,16.56,5,1,small_business,OWN,70,0.02228945420016305,0
3124,20888,36,7.63,44811.49,14,819.0,15.68,3,1,credit_card,MORTGAGE,58,0.008946199648302724,0
3125,45732,36,9.35,68943.67,30,695.0,2.35,7,0,debt_consolidation,MORTGAGE,60,0.012445654534904153,0
3126,18087,36,12.59,41029.53,8,641.0,21.91,5,0,small_business,RENT,40,0.024641814425531715,0
3127,48305,36,9.24,62443.42,8,685.0,17.84,3,0,credit_card,OWN,35,0.024404036022268438,0
3128,48037,60,6.09,102070.09,0,607.0,19.64,9,0,credit_card,OWN,68,0.037285226742722166,0
3129,11346,60,8.77,91001.98,6,748.0,11.24,4,1,major_purchase,RENT,25,0.010120902221572902,0
3130,2587,36,8.8,47292.54,26,698.0,8.62,2,0,debt_consolidation,MORTGAGE,64,0.006172498209441619,0
3131,14763,60,7.96,66815.84,5,648.0,12.6,7,0,credit_card,MORTGAGE,38,0.01248406009700195,0
3132,43945,36,22.11,46588.31,17,711.0,3.08,4,0,major_purchase,RENT,73,0.020464235438871672,0
3133,6079,60,13.26,67043.55,29,650.0,12.89,6,0,debt_consolidation,RENT,57,0.01352204049081482,0
3134,38116,36,12.46,37083.67,1,668.0,39.14,1,0,credit_card,RENT,71,0.05748217130868125,0
3135,22215,60,15.68,43606.37,5,680.0,22.22,3,0,debt_consolidation,MORTGAGE,32,0.024532932530268232,0
3136,27817,36,19.19,106844.5,7,788.0,19.57,8,0,credit_card,RENT,50,0.01631276605515768,0
3137,26765,36,13.55,63316.85,3,612.0,9.63,7,0,home_improvement,RENT,47,0.022887743403486926,0
3138,32112,36,16.07,48769.03,0,727.0,10.59,3,1,credit_card,OWN,38,0.023830731848370708,0
3139,27556,36,9.99,8000.0,7,638.0,16.13,0,1,other,RENT,62,0.03285704933540254,0
3140,20099,36,8.37,64190.37,8,786.0,0.0,3,0,debt_consolidation,RENT,51,0.003627707750575096,0
3141,45553,36,15.64,,10,625.0,19.78,10,0,credit_card,OWN,44,0.05138094094747935,0
3142,47096,60,15.56,45740.88,21,626.0,13.8,0,0,debt_consolidation,RENT,36,0.0379031827900648,0
3143,8450,60,15.18,50390.8,3,726.0,39.99,6,0,credit_card,OWN,71,0.028793204859498694,0
3144,15230,60,12.5,61195.96,0,680.0,29.51,2,0,credit_card,RENT,45,0.02412702141766921,0
3145,31009,60,8.88,44173.3,0,729.0,23.28,3,1,debt_consolidation,RENT,70,0.026632744566219002,0
3146,7433,60,10.08,115212.52,8,753.0,14.12,9,0,debt_consolidation,OWN,57,0.0069603557528921415,0
3147,35866,36,16.62,84512.03,26,691.0,31.32,1,0,credit_card,RENT,69,0.04373526659337787,0
3148,41864,36,9.64,77401.4,29,741.0,9.08,5,0,debt_consolidation,RENT,53,0.011390497024049005,0
3149,20710,60,12.75,112858.13,2,,23.53,9,0,credit_card,RENT,64,,0
3150,13439,60,8.92,102639.11,1,702.0,13.46,2,0,credit_card,RENT,25,0.0091137092044559,0
3151,43855,36,11.24,61964.39,5,668.0,21.79,3,0,debt_consolidation,OWN,64,0.0317591498620799,0
3152,18021,36,7.68,53021.65,7,770.0,16.2,3,0,debt_consolidation,OWN,65,0.007050508894263919,0
3153,8416,36,11.7,52770.49,20,550.0,8.82,4,0,major_purchase,RENT,52,0.01976499306568858,0
3154,8980,60,10.09,46449.05,18,636.0,16.83,8,2,home_improvement,RENT,74,0.041938809894674196,0
3155,20058,36,5.17,54524.12,26,601.0,26.56,5,0,small_business,RENT,20,0.02701595675881113,0
3156,13101,60,14.62,47209.21,22,693.0,34.8,4,0,debt_consolidation,OWN,63,0.029800400210621705,0
3157,42718,60,14.44,31846.5,7,695.0,28.04,6,0,home_improvement,MORTGAGE,62,0.04061948116948435,0
3158,34602,36,12.22,8000.0,0,682.0,15.53,8,1,credit_card,RENT,34,0.03429827340611647,0
3159,11122,36,7.5,86141.56,3,728.0,9.5,8,1,debt_consolidation,OWN,73,0.010348001043113477,0
3160,14576,36,7.56,8000.0,10,746.0,16.16,4,0,debt_consolidation,RENT,62,0.007614328592529046,0
3161,29516,36,21.32,68872.35,8,702.0,37.74,8,0,credit_card,RENT,39,0.06203115356488928,0
3162,24433,36,4.0,84220.32,3,600.0,7.56,5,0,home_improvement,MORTGAGE,44,0.013269353142958074,0
3163,3089,60,7.64,71001.34,1,647.0,17.78,2,0,small_business,OWN,31,0.011463924867957396,0
3164,39346,36,20.6,56299.35,2,721.0,9.84,7,0,small_business,RENT,61,0.02197821950004053,0
3165,11127,36,21.85,65414.76,3,695.0,0.35,2,0,debt_consolidation,OWN,51,0.010242036045187109,0
3166,12487,36,18.8,49127.13,23,,34.95,7,1,credit_card,MORTGAGE,55,,0
3167,2155,60,14.13,57683.27,14,742.0,18.72,7,1,other,OWN,66,0.01577233160342364,0
3168,3958,36,9.45,52130.98,9,715.0,22.58,6,0,credit_card,RENT,74,0.010717097249502889,0
3169,12693,60,5.27,42822.83,0,741.0,18.86,7,0,debt_consolidation,OWN,74,0.007734959511142769,0
3170,41112,36,13.62,89732.63,20,703.0,24.74,10,1,home_improvement,RENT,25,0.053395242151481594,0
3171,40547,36,8.95,81781.56,9,637.0,26.25,4,1,major_purchase,OTHER,52,0.061597365673742174,0
3172,30795,36,17.81,56253.27,10,767.0,11.16,3,0,debt_consolidation,OWN,74,0.01250305979858371,0
3173,23447,36,4.59,61190.16,0,721.0,34.58,5,0,debt_consolidation,RENT,56,0.01899577836114614,0
3174,38598,36,12.8,41334.66,20,712.0,30.33,6,0,credit_card,MORTGAGE,21,0.03432875861491916,0
3175,43814,36,15.71,69011.16,21,734.0,22.14,4,0,major_purchase,RENT,51,0.027474980809970503,0
3176,27215,36,16.05,57401.2,24,664.0,10.45,2,1,debt_consolidation,RENT,74,0.03079272602438272,0
3177,11794,36,15.33,51747.25,8,714.0,10.39,8,1,small_business,RENT,62,0.01736092320305009,0
3178,35209,36,13.36,66413.34,6,674.0,7.13,5,1,debt_consolidation,OWN,63,0.026945599251734845,0
3179,24424,60,12.51,62119.83,0,636.0,18.01,7,0,debt_consolidation,OTHER,71,0.0250473712992201,0
3180,49246,36,15.63,,2,599.0,26.11,7,0,debt_consolidation,OWN,69,0.07848004811952329,0
3181,39396,36,13.36,82488.41,2,559.0,21.7,4,0,debt_consolidation,RENT,64,0.06064934547526586,0
3182,8370,60,13.49,84630.62,0,703.0,14.18,5,0,home_improvement,MORTGAGE,67,0.01089065289540344,0
3183,11528,60,12.14,42978.31,1,636.0,,3,0,credit_card,MORTGAGE,26,0.016327535553369524,0
3184,30276,60,10.46,139819.61,24,650.0,28.34,5,0,debt_consolidation,OWN,19,0.03429429900000609,0
3185,46333,36,6.6,36378.5,9,634.0,12.57,4,0,credit_card,MORTGAGE,47,0.02287567001128964,0
3186,10179,60,7.29,75394.86,17,589.0,4.31,3,0,credit_card,MORTGAGE,46,0.010840998332228567,0
3187,18843,36,10.47,74065.71,3,744.0,20.23,4,0,debt_consolidation,RENT,20,0.011380141786360067,0
3188,25952,36,11.52,78007.0,1,802.0,15.38,4,0,debt_consolidation,RENT,21,0.008067911459966104,0
3189,35160,60,8.13,102730.87,5,572.0,24.44,5,1,debt_consolidation,OWN,62,0.0727833519504442,0
3190,46898,36,7.83,53151.84,19,703.0,13.64,7,2,debt_consolidation,RENT,29,0.0464002140268921,0
3191,31516,36,10.54,61060.66,4,609.0,18.72,6,0,credit_card,RENT,58,0.031132366498315748,0
3192,12449,36,15.61,70618.26,2,729.0,18.38,3,0,major_purchase,RENT,40,0.013005142153712597,0
3193,23125,60,4.0,17905.05,0,765.0,15.78,5,0,debt_consolidation,OWN,42,0.006717493684718115,0
3194,9418,36,8.25,63389.86,10,727.0,12.11,0,1,credit_card,OWN,71,0.01070014693699426,0
3195,24746,36,12.65,70019.94,6,625.0,25.95,7,1,debt_consolidation,OWN,57,0.05926848865665384,0
3196,4454,36,17.15,42286.96,3,638.0,20.75,7,0,debt_consolidation,RENT,66,0.023398197678985422,0
3197,19761,36,20.64,114579.6,8,654.0,18.46,6,0,home_improvement,MORTGAGE,33,0.030817207960354573,0
3198,17223,60,10.63,66544.41,13,722.0,17.56,6,0,credit_card,RENT,47,0.011616549130782541,0
3199,8701,36,10.57,41573.5,3,667.0,17.64,6,0,other,OWN,71,0.013601504701008063,0
3200,4597,36,11.45,45704.11,10,721.0,11.98,9,0,other,MORTGAGE,48,0.007826675339952297,0
3201,2141,60,12.91,40231.42,3,681.0,10.75,6,0,credit_card,RENT,64,0.009399265627546081,0
3202,4659,36,11.82,41077.72,30,676.0,19.0,8,0,debt_consolidation,RENT,36,0.013629170409504085,0
3203,22980,36,12.47,68444.44,15,687.0,22.1,1,1,debt_consolidation,MORTGAGE,29,0.0324552330315177,0
3204,11031,60,6.65,70712.11,10,678.0,22.14,9,0,debt_consolidation,OWN,57,0.013529245548647078,0
3205,17037,36,5.35,71270.1,1,587.0,26.19,5,0,credit_card,RENT,20,0.027487274730849078,0
3206,48738,36,14.86,76925.71,9,623.0,24.49,7,0,credit_card,RENT,43,0.06176636703857034,0
3207,40429,60,11.23,70567.88,19,779.0,14.71,5,0,debt_consolidation,RENT,54,0.011943885717141924,0
3208,8142,60,15.33,114422.97,16,709.0,38.56,10,0,home_improvement,MORTGAGE,18,0.03130233077243286,0
3209,14109,60,12.9,82641.97,18,788.0,31.95,8,0,debt_consolidation,RENT,70,0.014878906974581132,0
3210,24010,60,6.27,34143.57,4,627.0,10.23,5,0,major_purchase,OWN,69,0.013938004259650071,0
3211,10787,60,18.21,60858.62,4,680.0,20.26,7,0,debt_consolidation,MORTGAGE,63,0.021386853540342733,0
3212,44864,60,12.13,31790.82,8,668.0,12.06,7,0,small_business,OWN,37,0.02408420677774406,0
3213,10472,60,9.01,60549.4,3,617.0,11.65,6,0,home_improvement,OWN,53,0.013842670752309657,0
3214,25383,36,9.86,24823.48,0,579.0,15.63,1,1,debt_consolidation,RENT,18,0.04359912788245985,1
3215,6249,36,7.15,54157.58,7,621.0,27.71,7,0,credit_card,RENT,46,0.021559994105397075,0
3216,49717,60,13.33,57303.42,0,743.0,9.09,1,1,debt_consolidation,MORTGAGE,50,0.024757444095927644,0
3217,36518,36,11.56,26388.49,17,651.0,36.85,3,0,debt_consolidation,RENT,47,0.05501100634106435,0
3218,20351,36,20.07,60391.82,16,661.0,22.83,7,1,debt_consolidation,MORTGAGE,28,0.056132014091460854,0
3219,6088,36,14.08,50667.52,9,679.0,7.58,7,0,debt_consolidation,OWN,46,0.009708091920137359,0
3220,17282,36,19.83,32652.85,16,690.0,22.86,7,0,small_business,MORTGAGE,63,0.027425858537513968,0
3221,21330,36,8.15,83067.17,10,662.0,13.9,3,0,credit_card,MORTGAGE,29,0.013361846369704423,0
3222,44409,60,10.68,51311.87,13,657.0,13.59,6,0,debt_consolidation,OWN,22,0.024935284380105244,0
3223,23778,60,15.56,88144.01,0,704.0,26.11,5,0,other,RENT,34,0.02593107524156712,0
3224,26264,60,14.36,65130.6,24,778.0,18.45,6,0,debt_consolidation,MORTGAGE,54,0.012410551931867695,0
3225,7075,60,11.94,50230.09,10,643.0,15.48,4,0,other,OWN,67,0.01462485425053316,0
3226,12412,36,7.69,35818.98,10,588.0,20.25,4,0,other,OWN,30,0.021982948936412523,0
3227,30365,36,4.0,30660.23,6,642.0,8.42,4,0,credit_card,OWN,46,0.011915831391786376,0
3228,9230,36,11.12,64679.99,0,674.0,18.27,5,3,debt_consolidation,OWN,72,0.058822905040603064,0
3229,13002,36,11.29,69112.48,25,570.0,32.98,5,0,debt_consolidation,MORTGAGE,73,0.04850996375320247,0
3230,15947,36,12.51,39000.68,30,686.0,3.16,7,0,credit_card,MORTGAGE,64,0.008791321884563734,0
3231,15686,36,6.22,29790.11,20,714.0,20.62,8,0,credit_card,OWN,30,0.010938368418019989,0
3232,31304,36,8.48,77481.51,26,618.0,20.26,1,0,debt_consolidation,RENT,64,0.026922011715156756,0
3233,15074,36,13.57,78592.74,0,662.0,16.82,5,0,home_improvement,RENT,66,0.01764985915928187,0
3234,6493,60,14.34,39329.36,1,721.0,0.0,5,0,debt_consolidation,RENT,43,0.0056012973220773265,0
3235,36228,36,12.8,55383.26,24,678.0,14.11,5,0,credit_card,RENT,48,0.021061130779914145,0
3236,16140,36,10.61,72921.31,0,689.0,22.84,5,0,other,RENT,50,0.01683859052974938,0
3237,33655,36,7.25,32447.61,0,674.0,30.14,5,1,other,OWN,49,0.047299538704857,0
3238,45472,36,15.82,38081.58,20,685.0,13.41,2,1,debt_consolidation,MORTGAGE,38,0.04297709606865273,0
3239,8816,36,14.91,80453.18,9,775.0,8.2,6,0,debt_consolidation,RENT,37,0.006119235948892957,0
3240,13639,36,9.7,37723.41,6,714.0,22.77,6,2,debt_consolidation,OWN,55,0.03538571872557188,1
3241,49192,36,15.33,61723.02,9,558.0,23.67,3,0,debt_consolidation,OWN,67,0.08542192795648525,0
3242,48733,60,11.72,62456.89,24,690.0,13.59,3,0,home_improvement,RENT,69,0.0228488625146378,0
3243,31492,36,9.27,30066.5,17,786.0,24.22,4,1,debt_consolidation,RENT,71,0.020555440188681173,0
3244,13240,60,15.71,84555.22,13,683.0,10.4,2,0,debt_consolidation,RENT,46,0.012595999671914418,0
3245,34698,60,12.4,21035.93,29,572.0,18.85,5,1,debt_consolidation,RENT,74,0.07148890946514233,0
3246,28957,36,10.29,66956.88,8,619.0,19.96,7,0,credit_card,OWN,55,0.029256514243543145,0
3247,34808,60,6.87,48515.64,0,674.0,10.22,5,0,debt_consolidation,RENT,24,0.013445952230672492,0
3248,7827,36,7.24,62582.16,6,632.0,18.09,5,0,debt_consolidation,MORTGAGE,31,0.014065568393115714,0
3249,34762,36,15.39,54132.84,0,777.0,16.03,7,0,other,OWN,41,0.014258231966144409,0
3250,10259,36,13.81,31706.36,0,616.0,6.46,3,0,debt_consolidation,OWN,46,0.013899300000669721,0
3251,16849,60,7.32,52516.57,3,677.0,12.53,4,0,small_business,RENT,21,0.010273915654104257,0
3252,18232,36,7.25,71940.82,5,680.0,18.01,4,0,debt_consolidation,OWN,74,0.012837551843495968,0
3253,42572,60,20.41,53932.95,7,773.0,21.74,6,0,debt_consolidation,MORTGAGE,58,0.026949794694702774,0
3254,26173,60,13.86,48088.12,1,675.0,15.42,6,0,credit_card,MORTGAGE,36,0.01970965849688564,0
3255,7374,60,16.84,10413.27,4,748.0,23.58,7,0,small_business,RENT,32,0.014268636357259265,0
3256,23174,36,17.97,37779.86,3,665.0,25.71,5,0,debt_consolidation,RENT,32,0.035584227807869614,0
3257,25567,60,8.29,41466.95,5,673.0,17.85,2,0,debt_consolidation,MORTGAGE,49,0.015857002629370755,0
3258,37292,36,18.97,80955.31,0,658.0,35.18,5,1,credit_card,RENT,65,0.11441056758144752,0
3259,11277,36,7.69,50300.93,6,576.0,25.63,2,0,other,MORTGAGE,46,0.02790195257673892,0
3260,33600,60,14.92,72678.14,9,740.0,19.25,8,0,small_business,MORTGAGE,39,0.019416968045795326,0
3261,11885,60,11.54,40572.53,0,723.0,12.35,7,0,debt_consolidation,MORTGAGE,67,0.008930608676216126,0
3262,2778,36,14.89,8389.9,8,679.0,23.82,4,1,debt_consolidation,RENT,67,0.028439072219255415,0
3263,31165,36,11.16,84583.55,17,652.0,15.51,4,0,debt_consolidation,MORTGAGE,53,0.021450991559501375,0
3264,3492,36,14.2,40731.48,0,606.0,13.22,10,0,debt_consolidation,OWN,70,0.018390488166553753,0
3265,32462,36,17.45,83325.85,0,647.0,8.9,6,0,major_purchase,RENT,34,0.02426253898668909,0
3266,15615,36,16.48,54548.46,7,678.0,14.74,6,1,credit_card,RENT,53,0.02841255914398583,1
3267,46900,36,11.75,94500.25,23,699.0,7.05,8,0,debt_consolidation,OWN,65,0.01701497579267872,0
3268,44946,36,8.19,139582.17,30,708.0,31.16,10,1,credit_card,RENT,30,0.0550349242424562,0
3269,9851,60,10.81,71084.12,0,625.0,19.08,12,0,credit_card,OWN,74,0.020247275035734903,0
3270,18288,36,13.78,25871.46,0,628.0,11.06,8,0,debt_consolidation,RENT,50,0.019061484527157467,0
3271,9156,60,14.61,73744.81,3,676.0,19.52,8,0,debt_consolidation,RENT,60,0.017436830016064195,0
3272,4044,60,16.28,69390.0,7,660.0,18.9,3,0,major_purchase,RENT,40,0.017479026742705007,0
3273,9368,36,9.08,29140.98,9,,32.31,8,0,debt_consolidation,OWN,66,,0
3274,21900,36,8.27,43506.91,29,596.0,26.0,1,0,debt_consolidation,MORTGAGE,39,0.03153849108470301,0
3275,32600,36,7.92,48988.34,24,715.0,11.53,3,0,debt_consolidation,MORTGAGE,57,0.01097825304673483,0
3276,48403,60,11.21,68842.84,9,684.0,10.6,5,0,debt_consolidation,OWN,51,0.020806985625839672,0
3277,27634,36,12.86,37107.45,5,643.0,26.26,6,2,debt_consolidation,RENT,34,0.09096407222971842,0
3278,11168,36,13.48,34033.08,4,699.0,16.15,6,0,small_business,MORTGAGE,60,0.012860636708361302,0
3279,22961,36,6.34,30681.83,9,716.0,5.75,4,1,debt_consolidation,RENT,66,0.01098933345833455,0
3280,46096,36,8.19,13190.78,15,566.0,14.96,3,1,home_improvement,RENT,37,0.06379378473542806,0
3281,48087,36,9.19,75706.78,7,797.0,16.7,3,0,debt_consolidation,OWN,18,0.011976501023291253,0
3282,25852,60,19.03,,4,677.0,24.14,4,1,other,RENT,65,0.0553122524364228,0
3283,35110,36,10.48,79735.06,10,708.0,,4,0,credit_card,RENT,37,0.01580029838928393,0
3284,34174,60,6.09,,9,706.0,11.49,8,3,other,MORTGAGE,58,0.04934006421927136,0
3285,36215,60,13.53,41357.96,6,690.0,21.66,1,0,credit_card,RENT,50,0.02626760721308786,0
3286,28955,36,11.57,68564.34,16,649.0,19.02,2,0,debt_consolidation,OWN,51,0.023995520709842903,0
3287,8581,36,7.3,82235.49,4,686.0,0.0,6,0,home_improvement,RENT,22,0.005120446682333048,0
3288,46619,60,10.11,84619.87,7,680.0,22.04,1,0,debt_consolidation,OWN,67,0.029297438799715345,0
3289,8317,60,10.63,32107.3,27,697.0,9.79,7,0,small_business,OWN,65,0.008387748716987697,0
3290,44856,36,11.51,83657.63,15,772.0,15.57,3,0,debt_consolidation,RENT,71,0.013972680931398328,0
3291,47714,60,15.72,97600.66,6,662.0,13.65,6,0,home_improvement,MORTGAGE,39,0.03306295239710847,0
3292,28649,36,14.24,70546.18,9,,0.0,3,0,major_purchase,RENT,54,,0
3293,25132,36,12.5,88942.48,6,683.0,21.06,3,0,debt_consolidation,RENT,55,0.02087800569796135,0
3294,18789,36,15.94,73086.35,0,636.0,6.64,1,0,small_business,MORTGAGE,67,0.016022327311094958,0
3295,16567,36,10.36,31964.38,5,613.0,14.81,5,0,home_improvement,OWN,56,0.01914731092785897,0
3296,16868,36,9.1,83353.57,23,635.0,15.65,3,2,debt_consolidation,RENT,26,0.04262966169781351,0
3297,26370,36,13.23,69702.49,7,596.0,4.46,3,1,debt_consolidation,RENT,36,0.0314104591590399,0
3298,44533,36,12.93,34494.3,9,603.0,25.44,5,0,debt_consolidation,MORTGAGE,61,0.05934324548014744,0
3299,32483,36,6.1,45800.47,2,768.0,14.88,8,0,small_business,OWN,50,0.008765392036970472,0
3300,14466,60,17.97,70312.23,5,743.0,15.53,3,0,major_purchase,RENT,67,0.012505776371248088,0
3301,30803,60,7.93,119932.81,26,678.0,19.31,2,0,small_business,RENT,35,0.017757330131299317,0
3302,20230,36,14.12,104993.39,4,615.0,15.12,5,2,debt_consolidation,OWN,67,0.06448889366459673,0
3303,19862,36,14.21,10006.84,3,567.0,10.51,5,0,credit_card,RENT,40,0.027282187644006105,0
3304,45355,36,4.0,60020.59,0,663.0,8.79,4,0,home_improvement,RENT,60,0.014353555969566344,0
3305,33259,36,12.91,97216.24,0,719.0,32.19,7,1,major_purchase,RENT,74,0.05236554475268617,0
3306,35539,36,18.55,49909.0,9,673.0,17.69,5,1,major_purchase,MORTGAGE,23,0.052544477126214816,0
3307,23909,36,9.16,47369.04,11,737.0,11.75,4,1,small_business,OWN,26,0.014402872676752497,0
3308,32795,60,4.41,46533.15,10,654.0,20.67,4,0,debt_consolidation,RENT,52,0.019250123176555212,0
3309,10770,60,11.53,81121.04,8,663.0,25.24,4,0,debt_consolidation,RENT,36,0.020104544576358695,0
3310,13093,36,13.86,69612.28,7,712.0,40.29,5,0,credit_card,MORTGAGE,22,0.03212277392545051,0
3311,48571,60,11.65,73325.59,0,600.0,17.85,2,0,debt_consolidation,OWN,71,0.044698801187231574,0
3312,2193,36,8.2,55085.2,21,692.0,13.9,3,0,debt_consolidation,RENT,44,0.0076745611816456324,0
3313,36775,36,7.88,103729.62,8,689.0,,7,0,debt_consolidation,RENT,66,0.0165529412805787,0
3314,19569,60,5.51,52165.25,1,666.0,17.33,1,1,debt_consolidation,MORTGAGE,18,0.0203140359944407,0
3315,13190,36,4.5,81997.6,1,760.0,13.46,3,0,small_business,RENT,32,0.005205605765967356,0
3316,44752,36,10.63,8101.97,8,721.0,18.73,3,0,credit_card,OWN,66,0.02042698413746482,0
3317,34327,60,13.7,59048.87,3,585.0,18.58,4,0,credit_card,MORTGAGE,51,0.0428908057802121,0
3318,44070,60,12.64,48251.52,26,657.0,27.73,5,0,small_business,RENT,30,0.04655710099218405,0
3319,22389,60,13.0,62581.35,8,638.0,19.6,5,2,credit_card,MORTGAGE,34,0.06622237031539463,0
3320,42197,60,14.53,19404.47,29,673.0,18.77,3,0,debt_consolidation,RENT,36,0.03116616696380512,0
3321,4261,60,17.23,100879.42,15,621.0,19.42,5,0,credit_card,RENT,72,0.024068698905275656,0
3322,30369,36,12.11,64171.48,20,617.0,15.45,5,0,credit_card,RENT,58,0.027354995666288226,0
3323,28512,36,13.38,116234.24,6,670.0,29.23,6,0,credit_card,RENT,44,0.0355177108566368,0
3324,8716,36,13.41,79606.89,1,685.0,21.24,7,0,other,MORTGAGE,53,0.01637353345987861,0
3325,23259,36,12.59,66622.77,13,631.0,24.14,5,0,debt_consolidation,MORTGAGE,65,0.03150124892018636,0
3326,30933,36,12.08,60400.39,6,624.0,16.05,7,0,small_business,RENT,58,0.02767017378165468,0
3327,43689,36,12.4,76614.45,28,585.0,9.35,4,0,debt_consolidation,OWN,47,0.03382254258832007,0
3328,6378,36,18.25,78952.43,2,699.0,10.13,3,1,credit_card,OWN,53,0.018546746538888242,0
3329,42583,36,17.73,72613.56,10,656.0,29.99,4,0,home_improvement,RENT,20,0.06248887989424642,0
3330,48546,60,5.17,116579.3,23,644.0,32.99,6,1,debt_consolidation,OWN,44,0.0755098000900857,0
3331,21835,36,12.87,88935.5,6,730.0,11.91,2,0,small_business,OWN,58,0.010421583689379552,0
3332,31033,36,12.03,44181.21,28,527.0,9.24,7,0,home_improvement,RENT,37,0.037318264239895614,0
3333,26000,60,17.04,40156.86,0,712.0,24.19,3,0,debt_consolidation,MORTGAGE,61,0.025273512387878803,0
3334,47496,60,11.86,71072.43,9,765.0,14.18,7,0,home_improvement,OWN,56,0.015369521455580973,0
3335,12332,36,13.01,64665.57,18,554.0,5.24,6,0,home_improvement,RENT,60,0.01969961398805129,0
3336,44604,36,9.4,66960.5,2,563.0,8.02,1,1,debt_consolidation,OWN,73,0.05044451237419723,0
3337,4800,36,15.25,19444.57,0,593.0,17.4,8,0,home_improvement,OWN,48,0.024758892808020044,0
3338,31538,36,7.02,82284.33,0,608.0,36.21,4,0,credit_card,OWN,25,0.05079436682670603,0
3339,32119,36,10.78,50662.38,4,740.0,31.59,4,2,credit_card,OWN,51,0.06267778640353787,0
3340,10333,36,7.78,115655.55,2,664.0,13.2,4,0,home_improvement,MORTGAGE,36,0.010248322978793278,0
3341,7410,36,10.8,,2,802.0,6.78,9,0,small_business,RENT,46,0.004019380551177015,0
3342,19839,36,9.8,57242.68,7,658.0,14.47,5,0,debt_consolidation,MORTGAGE,74,0.015032116838210671,0
3343,32519,36,15.35,72303.84,0,662.0,16.64,4,1,credit_card,RENT,63,0.043168344787845266,1
3344,7808,60,11.12,43581.98,30,,18.76,8,0,other,OWN,21,,0
3345,8796,60,17.97,101900.6,13,527.0,12.94,2,0,debt_consolidation,MORTGAGE,18,0.035571875396604585,0
3346,23180,36,11.04,119371.13,0,687.0,13.25,2,1,credit_card,MORTGAGE,37,0.02174471338499502,0
3347,45056,36,7.67,78294.22,13,713.0,22.84,6,0,debt_consolidation,MORTGAGE,31,0.022537485447779785,0
3348,19709,36,11.03,76680.75,19,747.0,15.11,9,0,debt_consolidation,OWN,19,0.010031728236805605,0
3349,19543,36,13.91,45308.11,2,734.0,15.8,5,0,home_improvement,RENT,39,0.01230169784369903,0
3350,39418,36,18.75,59781.54,21,696.0,20.03,5,2,home_improvement,RENT,45,0.08715006377069297,0
3351,31075,36,9.42,73605.79,10,758.0,24.36,8,1,major_purchase,RENT,57,0.025305557350283284,0
3352,39755,36,18.63,31289.71,20,762.0,19.55,10,0,credit_card,OWN,57,0.023813523420038004,0
3353,49968,36,11.24,99447.22,14,719.0,22.69,4,0,small_business,RENT,52,0.027786098549991978,0
3354,39465,36,10.22,21637.58,14,619.0,30.51,5,0,credit_card,RENT,74,0.05248576353869723,0
3355,32502,36,15.1,8272.14,1,689.0,15.43,6,0,debt_consolidation,RENT,63,0.021843634250285203,0
3356,18724,36,17.69,103580.06,4,729.0,23.62,11,1,small_business,RENT,64,0.03522224248150277,0
3357,5828,36,14.23,,8,663.0,11.24,4,0,debt_consolidation,RENT,56,0.0120051708848501,0
3358,19087,36,6.34,36415.9,0,722.0,17.96,4,0,debt_consolidation,RENT,63,0.009709822564943358,0
3359,14605,36,13.33,63894.79,7,676.0,13.84,3,1,major_purchase,OWN,47,0.02266959896023239,0
3360,33337,36,20.7,65901.32,7,646.0,19.23,4,1,small_business,OWN,68,0.06817545104955397,0
3361,7482,36,4.0,62580.02,3,689.0,25.76,4,0,credit_card,MORTGAGE,43,0.011385543357523977,0
3362,29005,36,13.49,34168.25,2,598.0,10.99,5,0,credit_card,OWN,18,0.026757981055057025,0
3363,24760,36,10.86,67896.99,3,695.0,27.39,6,0,debt_consolidation,OWN,65,0.023517775669895807,0
3364,7463,36,8.26,89108.93,10,637.0,16.35,6,0,major_purchase,RENT,56,0.01344329945710503,0
3365,48628,36,16.13,16832.87,6,715.0,18.08,2,0,other,OWN,43,0.02881166694357265,0
3366,6912,36,5.05,47892.4,6,612.0,12.21,6,1,debt_consolidation,OWN,38,0.018291463189106322,0
3367,6648,60,10.6,30984.5,2,795.0,6.13,2,1,debt_consolidation,MORTGAGE,49,0.006109148448472107,0
3368,35623,60,16.0,40913.6,18,619.0,12.92,7,0,major_purchase,RENT,71,0.03341578615341808,0
3369,37634,60,15.55,69462.99,13,731.0,23.15,2,0,credit_card,RENT,42,0.025091364899000768,0
3370,46602,36,14.39,27598.81,6,671.0,9.51,4,0,credit_card,OWN,69,0.024031613553428192,0
3371,5112,60,12.69,103408.85,1,711.0,22.24,5,1,debt_consolidation,RENT,29,0.021048351688052754,0
3372,24054,36,11.5,61734.78,14,724.0,8.44,10,0,credit_card,MORTGAGE,52,0.009948649476952506,0
3373,6492,36,10.12,50330.58,25,668.0,6.8,5,0,debt_consolidation,MORTGAGE,35,0.008161275904117318,0
3374,24207,36,8.11,12593.07,2,670.0,13.2,5,1,debt_consolidation,OWN,56,0.021830818033627224,0
3375,17114,60,15.25,63547.03,10,669.0,13.29,4,0,debt_consolidation,MORTGAGE,60,0.01650222751884832,0
3376,36285,36,12.84,61381.11,6,562.0,27.82,7,2,major_purchase,RENT,22,0.1720026600013621,0
3377,18018,60,15.37,26883.57,0,730.0,25.55,2,0,credit_card,RENT,42,0.018722303146117277,0
3378,23386,36,8.87,35197.76,15,682.0,13.66,4,1,other,MORTGAGE,27,0.020951314132634364,0
3379,19740,36,8.79,103026.44,0,660.0,26.16,5,0,debt_consolidation,OWN,21,0.02232871469081038,0
3380,46199,36,13.99,50253.71,14,672.0,18.99,1,0,credit_card,MORTGAGE,47,0.032643542274962974,0
3381,10210,36,4.0,61094.12,4,653.0,8.38,5,1,major_purchase,RENT,59,0.012387530764769833,0
3382,46363,36,4.0,73821.62,9,558.0,15.61,4,0,other,RENT,24,0.03535432926099493,0
3383,47639,36,16.05,56145.27,1,,12.85,3,0,home_improvement,MORTGAGE,59,,0
3384,14743,36,9.17,93830.52,5,680.0,22.73,6,0,home_improvement,RENT,58,0.016183614496480675,0
3385,44092,36,12.77,41705.04,0,631.0,,4,0,credit_card,RENT,25,0.033064870638464326,0
3386,46299,36,13.52,49361.18,7,683.0,14.97,1,0,debt_consolidation,RENT,21,0.02565017520487691,0
3387,8588,60,16.14,49710.29,2,731.0,20.84,3,0,debt_consolidation,MORTGAGE,23,0.013471179345696352,0
3388,5311,36,10.24,40155.16,2,644.0,16.57,6,0,credit_card,RENT,54,0.013748522587653347,0
3389,24432,36,10.46,38051.21,0,594.0,24.07,6,1,home_improvement,OWN,47,0.058438761255024486,0
3390,35755,36,9.54,60737.11,17,683.0,19.6,5,0,credit_card,RENT,27,0.0214174319081284,0
3391,5321,36,14.48,93743.19,10,706.0,8.77,5,0,debt_consolidation,OWN,32,0.00853693205064757,0
3392,17812,60,14.66,30548.68,1,783.0,21.76,3,0,home_improvement,RENT,59,0.011448749250354585,0
3393,39383,60,17.11,55293.65,7,651.0,28.68,6,0,credit_card,OTHER,73,0.05702016076955981,0
3394,15146,36,7.01,79086.18,11,682.0,18.23,3,1,credit_card,OWN,54,0.019276950455513656,0
3395,15654,36,20.94,109482.85,24,753.0,20.49,6,0,credit_card,MORTGAGE,68,0.017492770855723684,0
3396,37820,60,10.75,83480.61,0,628.0,9.79,6,0,debt_consolidation,RENT,18,0.022477642833783108,0
3397,2726,60,11.81,54847.67,5,713.0,11.92,4,2,debt_consolidation,RENT,28,0.02050878374546463,0
3398,5760,60,12.65,45982.44,10,711.0,31.5,10,0,credit_card,RENT,73,0.019679540016293826,0
3399,24190,60,8.36,88231.38,0,717.0,27.87,3,0,credit_card,RENT,27,0.01789107919315687,0
3400,3875,36,10.35,82072.99,3,645.0,19.22,7,0,credit_card,MORTGAGE,71,0.014976252059146284,0
3401,25377,36,17.84,60401.35,16,625.0,18.59,5,0,major_purchase,RENT,71,0.03533659925689765,0
3402,48737,36,17.9,54807.93,5,665.0,22.88,3,0,debt_consolidation,MORTGAGE,57,0.05092857008375144,1
3403,6033,36,12.82,110427.59,0,679.0,9.71,5,0,major_purchase,MORTGAGE,29,0.009718672854950396,0
3404,40211,36,16.18,106596.13,10,600.0,27.48,8,0,major_purchase,RENT,68,0.07191890173105037,0
3405,19373,36,13.64,69798.33,3,711.0,24.04,2,0,small_business,MORTGAGE,43,0.01861604374226441,0
3406,5744,36,11.77,65157.77,13,730.0,15.42,6,0,debt_consolidation,MORTGAGE,70,0.008579016253308267,0
3407,26995,36,8.98,31276.76,25,605.0,17.37,6,0,debt_consolidation,RENT,58,0.025673178105982266,0
3408,18977,36,8.55,,8,734.0,17.15,7,0,small_business,RENT,65,0.010041266571573981,0
3409,34402,36,8.97,90204.14,10,610.0,14.33,2,0,credit_card,RENT,71,0.02459618991515362,0
3410,36542,36,18.46,11717.5,8,636.0,15.92,8,0,credit_card,MORTGAGE,19,0.03934070805668159,0
3411,12651,60,15.49,75055.11,20,682.0,23.31,6,1,debt_consolidation,RENT,42,0.03482143433567619,0
3412,35703,60,17.76,77204.92,3,686.0,20.19,5,1,debt_consolidation,OWN,64,0.05184104265193854,0
3413,15395,36,13.6,77274.16,6,761.0,17.46,10,1,debt_consolidation,RENT,44,0.017469068893796527,0
3414,31808,36,8.48,43666.87,25,718.0,24.57,2,1,debt_consolidation,MORTGAGE,49,0.029453687706805995,0
3415,38576,36,14.41,51946.73,15,697.0,27.86,4,0,debt_consolidation,MORTGAGE,33,0.03606920668343447,0
3416,18715,36,17.08,44487.72,4,,11.78,6,0,other,OWN,31,,0
3417,46409,36,14.56,109727.09,21,650.0,31.71,5,0,debt_consolidation,MORTGAGE,54,0.0644394406654467,0
3418,26306,36,6.73,98944.92,3,622.0,26.14,4,0,credit_card,OWN,47,0.02836621898880301,0
3419,21086,60,6.1,69317.41,10,651.0,28.43,5,0,credit_card,RENT,52,0.023155842580521228,0
3420,16376,36,14.55,60832.93,28,784.0,,7,0,home_improvement,RENT,33,0.008758096657394392,0
3421,7889,36,10.75,59800.84,9,673.0,24.87,3,0,debt_consolidation,OWN,23,0.016825020763780334,0
3422,39822,36,13.25,52167.53,19,691.0,4.7,2,0,major_purchase,MORTGAGE,56,0.014356951772884523,0
3423,38636,36,9.11,13020.9,15,654.0,11.42,4,1,debt_consolidation,RENT,74,0.030799292499675234,0
3424,22584,36,12.51,61004.83,23,624.0,7.44,2,0,debt_consolidation,RENT,60,0.016315012739651594,0
3425,36610,60,7.6,110690.84,29,689.0,29.41,5,1,credit_card,MORTGAGE,39,0.045416484589969976,0
3426,12058,36,12.99,67334.29,0,689.0,28.9,8,0,debt_consolidation,RENT,41,0.022813166906578544,0
3427,11101,36,14.91,44546.62,0,750.0,32.36,9,0,home_improvement,MORTGAGE,47,0.019877677778696604,0
3428,14497,36,15.13,66477.52,9,651.0,24.34,6,0,other,RENT,40,0.027226513405943967,0
3429,6658,36,6.77,54486.64,28,654.0,31.61,9,1,credit_card,MORTGAGE,35,0.03396268630937753,0
3430,13381,36,13.88,35105.94,7,633.0,5.29,2,0,debt_consolidation,RENT,61,0.012682356992366898,0
3431,42312,36,9.65,32009.8,21,693.0,17.7,5,1,debt_consolidation,OTHER,41,0.03484900415021663,0
3432,42486,36,18.11,60900.63,17,744.0,10.66,4,0,debt_consolidation,MORTGAGE,24,0.01812129529079354,0
3433,48619,36,15.82,23468.64,8,742.0,5.03,10,0,small_business,MORTGAGE,71,0.01571314114402713,0
3434,19154,60,12.1,60421.72,8,783.0,32.35,7,0,major_purchase,OWN,68,0.016368058510300685,0
3435,21539,36,20.73,57869.01,6,604.0,8.42,3,0,small_business,OWN,46,0.028197480077977677,0
3436,13777,36,9.09,78004.18,3,700.0,16.76,7,1,major_purchase,OWN,67,0.01835081520583533,0
3437,36396,36,11.77,55989.69,22,707.0,21.94,5,0,credit_card,OWN,46,0.023022761442194596,0
3438,32373,36,14.17,33700.68,2,591.0,11.51,7,0,small_business,OTHER,70,0.03199554547017769,0
3439,35154,36,20.14,63851.77,25,,3.21,7,1,home_improvement,RENT,60,,0
3440,8031,36,17.85,86110.02,5,543.0,19.23,2,0,small_business,MORTGAGE,62,0.04047786900027108,0
3441,29997,36,15.21,46787.53,0,665.0,13.73,1,1,debt_consolidation,RENT,50,0.034879287922000374,0
3442,8439,36,8.49,100161.64,1,581.0,33.08,4,1,small_business,OWN,44,0.058440962240796535,0
3443,24785,36,8.48,62875.14,24,850.0,20.42,5,1,home_improvement,RENT,29,0.010317936041093488,0
3444,15392,36,14.78,51062.38,1,673.0,22.74,6,0,major_purchase,RENT,59,0.022498306161932713,0
3445,30669,36,6.99,44352.49,16,737.0,0.0,3,1,other,OWN,66,0.009201724909898564,0
3446,30939,60,13.28,64892.5,2,682.0,21.8,5,0,credit_card,RENT,37,0.0256501752048769,0
3447,4282,60,15.22,57670.91,8,638.0,17.14,12,0,debt_consolidation,RENT,46,0.01934550704971305,0
3448,36624,36,6.09,27851.8,2,746.0,29.7,8,0,debt_consolidation,OWN,52,0.019435635986776768,0
3449,26364,36,14.59,99791.84,4,678.0,12.49,2,0,credit_card,MORTGAGE,30,0.017265647640139124,0
3450,3998,60,15.58,51587.79,1,609.0,22.14,3,0,home_improvement,RENT,34,0.02584533409911602,0
3451,33705,36,10.55,99581.78,9,642.0,9.48,7,0,credit_card,OWN,67,0.018868733860467706,0
3452,40244,36,11.37,32710.46,5,620.0,6.27,8,0,credit_card,RENT,30,0.022624887596212947,0
3453,11428,60,4.85,84040.37,5,675.0,,4,0,debt_consolidation,OWN,48,0.009112625590347886,0
3454,39437,36,11.56,93891.63,0,663.0,14.9,5,2,major_purchase,OWN,49,0.06207888100021427,0
3455,14336,60,5.9,91814.83,1,668.0,9.36,7,1,other,RENT,67,0.01431710103563365,0
3456,11342,60,9.24,70004.53,14,709.0,15.93,2,0,credit_card,OWN,45,0.009396658928199424,0
3457,41832,36,10.39,84910.63,4,841.0,20.78,4,0,debt_consolidation,OTHER,70,0.010265377742504786,0
3458,9446,60,7.38,71711.0,7,684.0,25.14,5,0,home_improvement,MORTGAGE,70,0.014196242345694929,0
3459,40392,36,7.01,34236.35,17,631.0,1.86,1,0,debt_consolidation,MORTGAGE,34,0.013476230368009007,0
3460,9461,36,7.21,70326.21,7,816.0,18.43,6,0,debt_consolidation,MORTGAGE,45,0.004971350483342639,0
3461,36587,60,16.88,32728.54,2,769.0,1.78,4,0,credit_card,OWN,31,0.009220525040545168,0
3462,12516,36,11.72,29367.13,9,713.0,29.71,7,0,credit_card,MORTGAGE,45,0.019203357658449507,0
3463,15749,60,17.07,66996.07,19,688.0,27.61,4,0,other,OWN,25,0.027515089390270857,0
3464,19514,60,10.38,45226.74,10,704.0,17.04,8,0,debt_consolidation,RENT,34,0.013345772279795796,0
3465,37426,60,10.47,99741.05,6,539.0,,7,0,debt_consolidation,RENT,22,0.04556498540593451,0
3466,38268,60,10.31,102112.65,1,584.0,17.22,4,1,major_purchase,RENT,44,0.060407102761167474,0
3467,26950,36,4.0,128456.32,3,732.0,7.84,6,0,debt_consolidation,RENT,63,0.006500205909181775,0
3468,36888,36,14.03,25898.22,27,767.0,31.54,1,1,credit_card,RENT,56,0.04144180982049445,0
3469,38788,60,11.57,31746.51,17,572.0,,9,0,credit_card,OWN,20,0.041577083508241706,0
3470,12213,36,12.21,81717.57,0,627.0,23.61,6,0,home_improvement,OWN,39,0.025262675356426845,0
3471,38027,36,4.0,52098.7,0,640.0,12.88,5,2,debt_consolidation,MORTGAGE,57,0.04460580574327973,0
3472,30011,36,11.89,41919.43,1,624.0,22.11,9,1,debt_consolidation,RENT,49,0.055994421809452535,0
3473,44849,60,10.25,50422.2,27,698.0,15.75,5,1,debt_consolidation,MORTGAGE,54,0.03394366210328112,0
3474,36591,60,12.5,58188.77,9,725.0,23.86,4,0,debt_consolidation,RENT,59,0.023004774135664333,0
3475,19858,36,11.7,76556.94,21,619.0,26.88,8,1,major_purchase,MORTGAGE,57,0.0559014625545384,0
3476,20626,36,10.06,14672.76,7,595.0,15.11,2,1,credit_card,MORTGAGE,35,0.036260920585630595,0
3477,15467,36,14.25,70202.85,21,609.0,20.14,10,1,home_improvement,RENT,40,0.04849611860443935,0
3478,41758,36,16.1,55201.38,0,653.0,33.42,5,1,debt_consolidation,MORTGAGE,64,0.10517147447244728,0
3479,5134,36,10.37,40184.01,6,775.0,18.16,2,0,debt_consolidation,RENT,38,0.006480731928645313,0
3480,18743,36,6.21,94712.69,5,684.0,22.56,2,0,debt_consolidation,OWN,46,0.014115857977740837,0
3481,17434,36,6.47,49259.65,29,796.0,24.29,0,1,major_purchase,RENT,63,0.012343321480338149,0
3482,49775,36,13.69,51419.04,4,728.0,9.04,4,0,credit_card,RENT,69,0.017354441773652227,0
3483,12233,36,17.18,53014.78,6,642.0,6.44,9,0,debt_consolidation,RENT,53,0.015508454249620086,0
3484,3141,36,4.75,99031.61,17,688.0,18.48,4,2,debt_consolidation,OWN,43,0.0219138263602025,0
3485,20019,60,7.93,62717.1,24,649.0,14.72,4,1,home_improvement,RENT,74,0.023699418497048857,0
3486,22384,36,10.67,58264.45,24,,10.14,6,0,debt_consolidation,RENT,47,,0
3487,44903,36,4.0,82095.48,6,662.0,1.84,4,0,debt_consolidation,OWN,72,0.010875152068517127,0
3488,47734,36,11.61,8000.0,28,727.0,15.33,9,0,major_purchase,OTHER,46,0.02035985969516095,0
3489,38129,36,13.45,65074.59,11,645.0,16.76,5,0,debt_consolidation,RENT,23,0.030338779723218405,0
3490,24967,36,13.92,65446.37,22,666.0,22.47,5,0,debt_consolidation,RENT,33,0.02654888131108264,0
3491,42603,36,10.4,,26,645.0,17.02,3,0,debt_consolidation,RENT,33,0.028273758699233535,0
3492,13172,36,10.57,67341.65,3,761.0,5.65,4,0,debt_consolidation,OWN,55,0.0051784375879045256,0
3493,18390,36,7.91,31759.29,8,,15.07,4,0,credit_card,RENT,25,,0
3494,5267,60,4.91,18531.69,9,661.0,9.59,6,0,debt_consolidation,RENT,52,0.007235025996645103,0
3495,41332,36,11.25,75944.9,19,662.0,23.19,11,1,home_improvement,RENT,53,0.05758085466703452,0
3496,28167,36,13.63,47715.93,6,700.0,30.15,6,0,debt_consolidation,RENT,31,0.031093780838703813,0
3497,23312,60,12.06,51786.64,2,685.0,17.99,7,0,credit_card,RENT,22,0.01796573267476877,0
3498,29840,36,16.44,38566.36,16,738.0,15.62,4,0,credit_card,MORTGAGE,22,0.01639254872950873,0
3499,20990,60,13.38,60349.89,9,657.0,20.11,4,0,debt_consolidation,RENT,28,0.022780642191659473,0
3500,46179,60,14.64,58187.55,25,786.0,28.5,6,1,debt_consolidation,OWN,46,0.0426794805860085,0
3501,7906,36,12.67,29462.28,11,637.0,0.0,5,0,small_business,MORTGAGE,49,0.00874595106301258,0
3502,42379,60,19.44,79268.74,0,687.0,11.1,4,0,other,RENT,66,0.02742692550491551,0
3503,19297,60,10.04,42156.38,29,708.0,11.7,0,1,credit_card,MORTGAGE,74,0.015641538823528076,0
3504,4011,60,14.72,95657.75,9,679.0,18.54,5,0,debt_consolidation,OWN,22,0.014540359152300078,0
3505,46014,36,12.99,65287.96,9,681.0,21.26,7,0,debt_consolidation,MORTGAGE,56,0.0340323106232265,0
3506,48558,36,14.95,57817.32,25,627.0,20.74,3,1,debt_consolidation,RENT,25,0.08063577216596683,0
3507,13738,60,13.33,22278.66,11,720.0,20.47,10,1,major_purchase,MORTGAGE,52,0.023894088760284968,0
3508,30797,36,11.83,73507.71,7,690.0,18.48,9,1,debt_consolidation,OWN,43,0.033785308800812854,0
3509,49498,36,13.51,59004.1,0,682.0,14.48,6,1,debt_consolidation,RENT,61,0.0457671995407566,0
3510,13120,36,14.01,64279.75,28,566.0,18.41,6,0,other,RENT,56,0.03271371808570287,0
3511,10767,36,14.53,92922.82,0,714.0,0.0,3,0,other,RENT,40,0.006292027609007926,0
3512,24852,36,17.85,81741.74,1,718.0,11.24,5,0,debt_consolidation,MORTGAGE,42,0.01523421419217597,0
3513,15703,60,12.77,87869.8,20,515.0,19.25,4,1,credit_card,MORTGAGE,46,0.07060453234786447,1
3514,2929,60,7.61,8000.0,7,718.0,6.93,8,0,debt_consolidation,OTHER,74,0.0051596167600947,0
3515,13951,36,12.66,54772.53,2,666.0,7.85,1,0,debt_consolidation,RENT,54,0.010879025228409401,0
3516,28039,60,10.22,20200.33,4,580.0,16.61,5,0,debt_consolidation,RENT,41,0.0309536955703797,0
3517,31504,60,10.11,71802.41,30,622.0,28.14,4,0,credit_card,MORTGAGE,65,0.03989391414068871,0
3518,19438,36,10.71,12947.47,9,606.0,18.19,3,0,debt_consolidation,OWN,74,0.024029737297264004,0
3519,7744,36,8.39,86336.55,6,629.0,5.93,5,0,debt_consolidation,RENT,31,0.009355234344309106,0
3520,20284,60,4.0,99246.68,23,712.0,18.4,6,1,credit_card,RENT,69,0.0159798157351711,0
3521,44417,36,17.9,55401.72,7,715.0,24.21,4,0,credit_card,RENT,57,0.037389462152303314,1
3522,41748,60,10.05,68557.02,4,715.0,21.12,4,1,home_improvement,MORTGAGE,47,0.03496759181482141,0
3523,9069,60,5.14,98800.36,1,665.0,13.43,6,0,debt_consolidation,RENT,19,0.00897390450740644,0
3524,44359,36,12.72,112212.25,16,838.0,16.35,4,1,credit_card,MORTGAGE,70,0.016942872333531863,0
3525,21799,36,14.46,102157.75,9,533.0,20.02,6,0,major_purchase,RENT,34,0.0507760485201597,0
3526,35210,36,11.29,73470.62,0,620.0,22.6,5,2,credit_card,MORTGAGE,40,0.09558261593813547,1
3527,30226,36,6.85,100348.63,9,695.0,16.54,6,0,other,OWN,66,0.014044505008183675,0
3528,6652,36,6.34,35860.55,1,640.0,9.81,6,1,credit_card,MORTGAGE,63,0.014956202616547015,0
3529,26323,60,21.13,42893.43,29,663.0,17.05,9,0,debt_consolidation,OWN,55,0.03314873874483402,0
3530,44138,36,6.36,83392.81,3,,15.26,11,0,debt_consolidation,OWN,67,,0
3531,9597,60,5.48,60683.12,13,662.0,20.26,5,0,credit_card,RENT,42,0.0121805442351134,0
3532,49093,36,10.76,76871.53,11,597.0,29.57,6,1,credit_card,MORTGAGE,30,0.11211272042218597,0
3533,39226,60,15.29,82890.3,13,730.0,27.48,5,0,major_purchase,RENT,52,0.031316888844887085,0
3534,8591,36,18.63,83274.04,6,730.0,16.88,9,1,debt_consolidation,OTHER,34,0.02272105711897698,0
3535,27833,60,11.15,13709.04,0,775.0,19.25,5,0,credit_card,RENT,39,0.011364401668415833,0
3536,13826,60,11.09,77032.7,29,567.0,7.58,3,2,other,RENT,40,0.04798099512897202,0
3537,28417,36,6.86,44207.35,2,726.0,22.88,4,0,credit_card,RENT,23,0.014210524024541751,0
3538,20693,60,16.35,66387.98,17,,19.69,7,0,home_improvement,MORTGAGE,32,,0
3539,16138,36,11.72,48878.4,1,673.0,22.07,4,0,other,RENT,55,0.018771971459402386,0
3540,4169,36,11.85,49432.91,4,641.0,11.37,7,0,home_improvement,MORTGAGE,23,0.012184635854420565,0
3541,20556,36,13.73,44495.82,9,623.0,18.68,5,0,debt_consolidation,MORTGAGE,46,0.026774131828071878,0
3542,24052,60,13.21,78984.14,6,717.0,13.38,4,0,home_improvement,MORTGAGE,56,0.01292911641059619,0
3543,8313,36,11.44,55800.48,28,781.0,26.09,7,0,debt_consolidation,OTHER,29,0.010109287398422493,0
3544,10315,36,17.28,53773.87,22,798.0,21.45,5,1,debt_consolidation,OWN,57,0.016961536938359518,0
3545,10036,60,5.59,51694.12,26,742.0,27.52,1,1,credit_card,RENT,68,0.01612734808716302,0
3546,33778,60,12.85,74683.97,10,613.0,,6,0,credit_card,MORTGAGE,46,0.030770648735724455,0
3547,29734,36,13.63,38635.21,2,672.0,16.92,6,0,debt_consolidation,RENT,41,0.022554233980409046,0
3548,25173,36,10.35,99742.48,8,677.0,16.41,4,0,debt_consolidation,RENT,24,0.016388679458679105,0
3549,32403,36,14.47,43623.02,17,712.0,20.75,3,1,debt_consolidation,MORTGAGE,51,0.03590061359831985,0
3550,2785,60,14.65,49055.35,0,724.0,19.92,1,0,debt_consolidation,OWN,34,0.010997814175736977,0
3551,8139,60,16.44,60529.64,23,652.0,,5,0,debt_consolidation,OWN,63,0.017511686344568362,0
3552,8344,36,11.55,71843.98,10,755.0,6.24,6,0,debt_consolidation,MORTGAGE,42,0.005346139957777173,0
3553,20800,36,11.13,55408.06,15,821.0,9.79,6,0,debt_consolidation,MORTGAGE,33,0.005210268498728372,0
3554,27372,36,14.16,54126.49,13,701.0,15.42,7,0,home_improvement,MORTGAGE,65,0.017744776245437924,0
3555,22538,60,11.21,87058.91,22,646.0,20.67,3,0,debt_consolidation,RENT,39,0.022799795099696457,0
3556,16973,36,5.91,8000.0,0,744.0,29.84,3,0,debt_consolidation,MORTGAGE,36,0.012674095450046823,0
3557,7619,36,15.45,45591.76,5,747.0,19.62,1,0,small_business,OWN,56,0.010853874053918555,0
3558,36704,36,4.66,39373.23,8,722.0,26.96,4,0,debt_consolidation,RENT,18,0.018047779394636004,0
3559,38575,36,13.61,49871.71,9,680.0,15.02,3,0,debt_consolidation,RENT,36,0.023040312287801037,0
3560,41919,36,22.15,94822.07,27,764.0,6.44,4,0,debt_consolidation,MORTGAGE,40,0.016455226732020958,0
3561,44261,36,14.13,42936.67,0,622.0,21.56,5,0,other,RENT,51,0.04843524448983317,0
3562,47123,60,9.22,57646.51,23,676.0,17.87,3,0,credit_card,MORTGAGE,59,0.025142295710278744,0
3563,29716,36,10.19,73693.23,9,794.0,14.66,8,2,credit_card,MORTGAGE,41,0.02311742033198729,0
3564,5236,36,13.48,40404.72,9,679.0,5.34,3,1,debt_consolidation,OWN,40,0.013364747007871084,0
3565,17848,60,11.91,8000.0,4,682.0,1.67,8,0,debt_consolidation,RENT,52,0.008639444597314215,0
3566,4352,36,15.03,8000.0,10,693.0,27.35,4,0,credit_card,OWN,25,0.019162341262088347,0
3567,3932,36,17.8,93302.19,10,625.0,12.92,1,1,credit_card,RENT,73,0.029182763067985375,0
3568,12913,36,17.26,71336.8,2,611.0,24.29,6,0,major_purchase,RENT,32,0.0368575798795249,0
3569,10556,60,7.38,51808.24,12,648.0,31.34,4,1,debt_consolidation,RENT,53,0.036817132267030386,0
3570,23300,36,12.06,51445.9,3,669.0,15.02,1,0,debt_consolidation,MORTGAGE,25,0.01655782567137004,0
3571,7498,60,13.97,38744.25,13,750.0,26.9,8,1,credit_card,OWN,37,0.023077707584509072,0
3572,12582,36,18.07,64032.95,10,696.0,21.87,10,0,home_improvement,RENT,21,0.021965755753123335,0
3573,48633,36,13.44,78075.51,14,771.0,26.69,5,0,credit_card,OTHER,51,0.026243574953802654,0
3574,11569,60,9.27,37616.59,0,712.0,18.44,6,0,credit_card,RENT,56,0.010670758813678256,0
3575,6857,60,13.74,66459.74,1,732.0,,4,0,debt_consolidation,RENT,74,0.009213219503694014,0
3576,2340,36,19.28,38412.45,21,718.0,23.71,3,0,debt_consolidation,RENT,34,0.01681047004489018,0
3577,45949,60,10.99,57714.27,5,775.0,5.8,4,0,debt_consolidation,RENT,51,0.00938214899189675,0
3578,18766,36,9.19,45971.48,21,684.0,15.67,8,0,credit_card,OWN,68,0.013224387601218088,0
3579,28132,36,11.87,82729.78,0,686.0,6.02,6,0,debt_consolidation,RENT,30,0.012020362511822064,0
3580,10491,36,9.4,60190.15,17,616.0,16.93,3,0,debt_consolidation,RENT,67,0.016973546281648717,0
3581,2138,36,15.31,31220.39,0,734.0,14.68,3,1,debt_consolidation,MORTGAGE,61,0.01436431206289352,0
3582,2358,36,9.43,57930.05,7,651.0,,11,0,debt_consolidation,OWN,26,0.011805196872825831,0
3583,11714,36,17.17,84678.26,27,724.0,33.58,3,0,home_improvement,OWN,56,0.025881110022002243,0
3584,21840,36,13.98,29802.31,0,692.0,21.39,2,0,home_improvement,RENT,20,0.02002393185791897,0
3585,36395,36,14.79,53123.76,5,611.0,31.0,5,0,debt_consolidation,OWN,32,0.06546092745226481,0
3586,32654,60,14.76,50057.36,8,686.0,19.35,4,0,debt_consolidation,MORTGAGE,41,0.025064470983943155,0
3587,27879,60,15.41,65247.7,25,654.0,12.52,5,0,credit_card,RENT,37,0.021985959095699597,0
3588,17996,60,10.76,54689.23,4,594.0,24.09,6,0,other,OWN,60,0.03253131165010653,0
3589,39772,36,8.09,69155.04,20,700.0,15.44,5,0,debt_consolidation,MORTGAGE,29,0.01658618309367795,0
3590,28762,36,10.1,42092.19,14,783.0,16.83,5,0,debt_consolidation,OWN,58,0.009522214509682186,0
3591,15283,60,15.71,55673.71,4,,22.34,6,0,small_business,RENT,31,,0
3592,41420,60,4.93,54860.19,5,519.0,14.29,0,0,debt_consolidation,MORTGAGE,34,0.03851245188052625,0
3593,21554,36,4.0,104760.72,2,802.0,34.29,3,0,home_improvement,RENT,69,0.010672870399067329,0
3594,22219,60,12.9,67821.05,13,583.0,0.59,9,0,debt_consolidation,RENT,39,0.017208052573045765,0
3595,36919,60,15.38,81114.66,9,786.0,8.63,7,1,credit_card,RENT,40,0.017235132582484988,0
3596,11429,60,15.92,106032.34,1,759.0,19.47,7,0,credit_card,RENT,41,0.011766994144126552,0
3597,48840,36,8.2,66293.47,10,685.0,,3,0,debt_consolidation,RENT,50,0.02097553240061612,0
3598,46695,36,7.28,54266.8,8,641.0,17.16,5,0,home_improvement,OWN,37,0.027606749806470522,0
3599,41673,36,9.26,35319.35,0,749.0,17.62,6,0,home_improvement,RENT,25,0.015027379604684553,0
3600,21218,36,10.43,29173.32,28,690.0,7.77,5,0,credit_card,RENT,49,0.010117296208514068,0
3601,14452,36,10.66,8000.0,21,791.0,23.94,5,0,small_business,RENT,73,0.009318790050487915,0
3602,20951,36,12.48,82117.42,0,712.0,19.27,7,0,credit_card,RENT,26,0.015701391128142218,0
3603,3307,60,17.62,71438.21,27,786.0,17.87,6,0,credit_card,RENT,68,0.008628146384864794,0
3604,16852,36,11.76,54177.47,26,728.0,23.39,6,0,home_improvement,RENT,53,0.01481250816471065,0
3605,27232,36,15.75,53543.09,0,759.0,22.91,1,0,credit_card,RENT,57,0.017200612901943777,0
3606,37428,36,14.62,34989.68,2,702.0,11.54,1,0,debt_consolidation,RENT,27,0.017795743285810225,0
3607,45171,36,9.16,72389.65,14,,20.07,2,1,debt_consolidation,RENT,35,,0
3608,28485,60,14.57,44951.19,27,655.0,18.11,0,0,debt_consolidation,RENT,56,0.025150630510495535,0
3609,12238,36,14.3,53424.19,20,625.0,23.19,5,1,debt_consolidation,RENT,48,0.044674894824948345,0
3610,40975,60,12.0,32247.35,4,673.0,26.99,3,0,debt_consolidation,MORTGAGE,43,0.0370083919853433,0
3611,3140,36,12.7,36612.23,0,620.0,15.96,4,0,major_purchase,RENT,33,0.016402225837016584,0
3612,26842,36,11.77,83285.09,7,656.0,23.17,3,1,debt_consolidation,RENT,50,0.042948314231901506,0
3613,28421,60,7.63,87813.65,0,694.0,19.42,6,0,debt_consolidation,RENT,67,0.015870741372944013,0
3614,3708,36,21.46,29067.85,3,712.0,8.0,6,0,debt_consolidation,MORTGAGE,41,0.011043154090028132,0
3615,5630,36,16.22,74858.89,10,762.0,11.84,3,0,credit_card,OWN,72,0.007429791151016167,0
3616,21595,36,14.11,41502.59,8,695.0,11.98,5,0,debt_consolidation,RENT,73,0.014016560989463186,0
3617,12485,36,10.38,47535.54,5,709.0,26.65,5,0,debt_consolidation,RENT,51,0.0159958626065784,0
3618,30308,36,11.63,90022.63,27,667.0,8.43,7,0,debt_consolidation,MORTGAGE,68,0.01541104180394483,0
3619,46789,60,7.31,52846.18,2,680.0,5.61,3,1,credit_card,OWN,61,0.022437687804256524,0
3620,28086,36,13.88,52639.24,7,685.0,25.1,3,2,credit_card,RENT,69,0.07107581513168965,0
3621,18859,60,13.34,18960.88,9,806.0,19.76,4,0,credit_card,RENT,34,0.008911864389138893,0
3622,9684,36,11.17,51551.59,4,705.0,15.66,7,1,credit_card,OWN,72,0.017439571473642564,0
3623,27552,36,12.12,44361.03,14,609.0,3.09,5,0,debt_consolidation,RENT,49,0.01673526874522422,0
3624,3207,36,10.81,71477.52,23,694.0,3.35,7,0,home_improvement,RENT,61,0.006027603104134365,0
3625,48099,36,10.02,46444.78,8,629.0,0.0,1,0,debt_consolidation,OWN,40,0.017106874351765045,0
3626,3960,36,8.89,90592.89,18,641.0,11.17,6,0,debt_consolidation,RENT,30,0.01029753307735137,0
3627,2557,36,7.92,69904.03,0,683.0,36.4,7,0,other,MORTGAGE,34,0.02033514218275951,0
3628,31689,36,9.19,64926.93,1,707.0,,6,0,other,RENT,63,0.014220894104871984,0
3629,15893,60,9.5,77566.1,7,703.0,21.37,4,1,credit_card,MORTGAGE,63,0.022306022616863194,0
3630,34272,36,16.36,65016.36,26,640.0,17.51,6,0,credit_card,MORTGAGE,45,0.034684569963982954,0
3631,2882,60,9.53,78182.81,8,588.0,7.35,10,0,other,RENT,25,0.012744110781738083,0
3632,39529,36,4.0,56318.54,6,672.0,14.18,3,0,credit_card,RENT,71,0.014858400370248845,0
3633,40635,36,13.17,57794.67,10,676.0,26.96,4,0,credit_card,RENT,50,0.03855320473126723,0
3634,31535,36,14.49,39877.82,1,675.0,,2,0,debt_consolidation,RENT,37,0.021356735886030865,0
3635,14869,36,15.88,42152.72,11,693.0,0.0,9,0,credit_card,OTHER,33,0.008778608513967933,0
3636,9166,60,12.66,92510.29,0,654.0,,4,1,debt_consolidation,RENT,54,0.023714231175805615,0
3637,14982,36,7.44,71664.14,9,735.0,17.24,3,0,major_purchase,OWN,52,0.008419413932189394,0
3638,42697,36,8.8,21520.67,14,720.0,11.86,9,0,credit_card,RENT,39,0.01460526826613145,0
3639,40115,36,14.4,86438.92,6,729.0,15.75,2,0,debt_consolidation,RENT,53,0.01885947973451368,0
3640,9269,36,17.84,63134.38,25,768.0,14.46,3,0,debt_consolidation,OWN,40,0.00926484608670512,0
3641,30064,36,7.43,40182.56,1,708.0,12.24,8,0,major_purchase,RENT,53,0.011479801228621578,0
3642,15527,60,12.85,104639.37,1,683.0,22.46,6,0,small_business,RENT,51,0.019141677533127486,0
3643,4454,36,9.78,91466.34,8,674.0,11.39,6,0,debt_consolidation,RENT,38,0.009010440842967055,0
3644,22878,60,8.7,78886.04,27,722.0,11.05,8,0,debt_consolidation,OWN,49,0.00930882482616604,1
3645,14991,60,12.14,63972.97,6,685.0,19.04,3,0,major_purchase,RENT,44,0.015343816030994611,0
3646,4808,36,11.47,68506.22,26,570.0,20.86,5,0,credit_card,RENT,71,0.026187412842808344,0
3647,41410,36,4.0,8000.0,13,644.0,,4,0,debt_consolidation,RENT,43,0.018968962627770033,0
3648,38593,36,12.81,78711.1,18,769.0,23.21,4,1,other,OWN,21,0.029792883922091545,0
3649,38304,36,13.31,64525.07,27,568.0,19.16,6,1,debt_consolidation,MORTGAGE,37,0.08317117140665534,0
3650,32386,36,14.99,66055.97,9,701.0,3.79,5,0,credit_card,OWN,30,0.012652340477408033,0
3651,5802,60,9.71,65528.8,10,713.0,28.02,10,1,debt_consolidation,RENT,55,0.02399411556583287,0
3652,30753,36,5.65,,9,675.0,25.93,6,0,debt_consolidation,RENT,43,0.021769402460893362,0
3653,23083,36,10.31,36262.65,18,640.0,20.12,2,0,credit_card,RENT,21,0.022138713673977243,0
3654,20354,36,14.82,62320.67,3,616.0,16.26,7,1,other,MORTGAGE,22,0.04404411589748984,0
3655,24190,36,11.7,26665.21,18,691.0,13.3,6,1,debt_consolidation,RENT,49,0.02331197738298506,0
3656,8142,60,15.4,67042.27,14,661.0,24.27,6,1,debt_consolidation,RENT,41,0.03724217660547824,1
3657,30398,36,6.8,34293.93,10,773.0,3.43,6,0,credit_card,OWN,55,0.005257438712169984,0
3658,43862,36,15.25,84151.93,0,709.0,21.12,7,1,debt_consolidation,RENT,28,0.04976203967202754,0
3659,35132,36,13.0,24339.7,18,656.0,22.4,1,0,credit_card,OWN,40,0.03145125271618503,0
3660,21503,60,10.58,58907.68,1,,0.4,5,1,home_improvement,RENT,48,,0
3661,36631,36,16.28,61871.16,28,639.0,33.25,3,0,debt_consolidation,MORTGAGE,48,0.06432137897401592,0
3662,18499,60,12.96,90485.09,0,669.0,36.78,3,1,debt_consolidation,MORTGAGE,33,0.060379864628406825,0
3663,41852,36,8.06,66389.65,15,573.0,35.02,6,1,debt_consolidation,MORTGAGE,51,0.12055764487511338,0
3664,10016,36,15.93,39662.55,5,658.0,23.53,8,0,credit_card,MORTGAGE,34,0.02460290835028112,0
3665,4384,36,11.03,37705.21,15,713.0,32.73,4,1,home_improvement,MORTGAGE,38,0.028205701956305434,0
3666,17072,36,12.15,96172.72,8,670.0,15.9,8,0,credit_card,RENT,50,0.016221551820938665,0
3667,38703,36,8.55,59071.41,10,734.0,36.56,6,1,credit_card,RENT,48,0.05068840013320856,0
3668,47895,36,11.79,55146.14,0,756.0,19.33,4,1,credit_card,MORTGAGE,59,0.03151101323844147,0
3669,16482,36,8.22,42629.05,29,723.0,1.72,4,1,credit_card,RENT,45,0.008675319110484785,0
3670,42510,36,11.31,29682.27,0,799.0,12.09,9,1,debt_consolidation,OTHER,48,0.01704510782002001,0
3671,23826,36,12.12,107515.43,27,742.0,21.2,7,0,home_improvement,RENT,58,0.014752504632198668,0
3672,4490,36,14.42,61586.13,9,682.0,19.53,8,0,debt_consolidation,MORTGAGE,25,0.015217121208656311,0
3673,48092,60,6.37,32477.98,3,668.0,,5,0,debt_consolidation,MORTGAGE,31,0.021297041853505085,0
3674,27518,36,16.01,78558.5,10,656.0,28.49,2,0,home_improvement,RENT,39,0.04009664278851223,0
3675,26045,36,16.14,74934.36,12,637.0,26.89,6,2,credit_card,RENT,23,0.10827340710152887,0
3676,28910,36,11.24,28768.48,15,700.0,12.71,5,0,debt_consolidation,MORTGAGE,39,0.01404422806573756,0
3677,26566,60,12.52,45386.02,0,658.0,2.88,4,0,small_business,OWN,32,0.012303642053976792,0
3678,35905,60,13.23,71464.42,30,600.0,23.44,7,0,major_purchase,MORTGAGE,49,0.04913502265108297,0
3679,29103,36,12.33,78136.16,10,728.0,14.1,7,0,credit_card,RENT,59,0.01358059082842963,0
3680,38188,36,14.41,40947.44,5,645.0,13.44,5,2,credit_card,OTHER,71,0.07255154123536019,0
3681,7845,60,10.45,13367.67,9,590.0,9.05,3,0,credit_card,RENT,33,0.014505723831403939,1
3682,23162,60,8.96,66151.31,2,747.0,28.8,3,0,debt_consolidation,RENT,51,0.015692429828243624,0
3683,38674,36,13.71,81415.16,3,749.0,,8,0,credit_card,OTHER,19,0.01622219016981446,0
3684,21337,60,5.9,58543.54,0,611.0,11.9,10,1,major_purchase,RENT,66,0.026128314046561074,0
3685,24313,36,14.48,52349.11,24,648.0,14.37,2,1,debt_consolidation,OWN,43,0.03445827982682768,0
3686,28943,60,14.89,99664.75,3,632.0,14.47,3,1,debt_consolidation,MORTGAGE,26,0.042703184479367835,0
3687,14413,36,8.87,9702.8,16,641.0,0.88,4,0,debt_consolidation,OWN,72,0.008251782700090833,0
3688,2276,36,17.69,78091.0,3,555.0,13.85,3,2,credit_card,RENT,48,0.07136024267182357,0
3689,19611,36,10.6,79583.9,1,655.0,21.56,3,0,debt_consolidation,RENT,42,0.020524860450346006,0
3690,41105,60,10.25,40708.92,0,657.0,20.31,1,0,debt_consolidation,OWN,50,0.02833261320604748,1
3691,13944,60,9.39,8000.0,23,775.0,0.0,3,1,debt_consolidation,RENT,67,0.005930963374608528,0
3692,17906,36,13.79,78947.21,0,688.0,25.75,4,0,debt_consolidation,MORTGAGE,26,0.022745495238443252,0
3693,22536,36,10.43,68044.12,0,648.0,22.6,5,1,home_improvement,RENT,26,0.038724819158831664,0
3694,29810,36,6.25,95532.33,0,693.0,4.03,5,0,debt_consolidation,RENT,53,0.008259478926388775,0
3695,14306,36,13.37,45880.59,5,599.0,15.65,3,0,small_business,RENT,63,0.023353452076778164,0
3696,12503,36,10.83,64363.56,27,685.0,7.39,5,0,debt_consolidation,RENT,67,0.00881156150077818,0
3697,21225,36,16.34,18048.84,25,640.0,26.84,6,0,small_business,OWN,67,0.03860884351504697,0
3698,38976,60,13.24,78078.05,0,688.0,28.59,6,0,debt_consolidation,MORTGAGE,72,0.037946966901638346,0
3699,13590,36,13.06,21711.8,0,708.0,,4,0,credit_card,RENT,28,0.011737030291907148,0
3700,12886,36,16.06,59076.39,16,647.0,31.38,10,0,debt_consolidation,OWN,57,0.03856506787655686,0
3701,14866,36,12.64,33981.23,4,696.0,21.73,7,0,major_purchase,RENT,26,0.016998592591510275,0
3702,3088,36,15.13,68448.94,21,639.0,18.64,5,0,small_business,OWN,53,0.018521279837859884,0
3703,5363,60,9.4,55287.42,2,617.0,22.98,6,0,debt_consolidation,RENT,37,0.019927223865532195,0
3704,34792,36,18.58,54296.66,8,735.0,11.01,3,1,debt_consolidation,OWN,54,0.027524723912275256,0
3705,11764,36,13.1,58449.67,0,742.0,9.25,2,0,debt_consolidation,RENT,62,0.0072338768583850984,0
3706,22620,36,7.19,60802.54,24,692.0,16.38,4,0,credit_card,OWN,39,0.012189692081890002,0
3707,44727,36,12.55,95141.75,2,727.0,14.47,3,0,debt_consolidation,RENT,53,0.018322014906145375,0
3708,14935,36,12.75,71800.13,4,587.0,11.77,4,0,credit_card,OWN,23,0.021352556161020584,0
3709,10068,36,12.5,42900.38,7,729.0,30.78,4,0,major_purchase,RENT,43,0.017525111317458916,0
3710,9295,36,4.0,44875.83,3,766.0,11.88,7,1,major_purchase,RENT,20,0.0072830199780338604,0
3711,43160,36,9.81,85345.69,0,716.0,5.85,7,1,debt_consolidation,OWN,18,0.020069114557439198,0
3712,13390,36,6.47,33231.11,0,672.0,5.99,5,0,credit_card,OWN,32,0.007383475118828376,0
3713,43216,36,6.53,60304.71,28,600.0,19.12,8,0,debt_consolidation,OWN,50,0.0350811518739602,0
3714,22131,36,12.67,17792.8,4,713.0,31.09,7,0,small_business,RENT,39,0.025623696742673476,0
3715,31218,36,9.76,57072.38,5,713.0,1.51,6,0,credit_card,OWN,73,0.008201198203263144,0
3716,12433,60,10.55,32422.05,26,746.0,22.45,4,0,credit_card,OWN,73,0.010859028576437193,0
3717,17038,36,8.42,43767.66,21,661.0,,5,1,debt_consolidation,RENT,42,0.021790708143724736,0
3718,30182,36,17.52,64728.46,13,646.0,10.69,5,0,debt_consolidation,OWN,54,0.024873602512009055,0
3719,13528,36,12.16,75130.63,11,634.0,10.3,7,0,major_purchase,RENT,39,0.014869822041830367,0
3720,23281,36,5.91,42127.1,19,624.0,33.68,3,0,debt_consolidation,OWN,64,0.0337096569020397,0
3721,10605,36,14.58,88057.52,1,710.0,28.26,4,0,debt_consolidation,MORTGAGE,23,0.019869496755135507,0
3722,36782,60,10.63,30385.21,11,678.0,13.88,7,0,debt_consolidation,OWN,65,0.019347404266742734,0
3723,3381,36,16.77,79568.39,0,708.0,21.23,8,0,debt_consolidation,OTHER,66,0.015327205666342355,0
3724,3098,36,11.97,49559.58,1,689.0,17.99,7,0,major_purchase,MORTGAGE,20,0.011728449930923623,0
3725,21810,36,9.22,83890.52,3,655.0,25.41,9,0,debt_consolidation,MORTGAGE,20,0.02468896614879221,0
3726,26322,60,9.83,49528.83,14,628.0,17.47,6,0,major_purchase,MORTGAGE,58,0.023174397947475164,0
3727,43869,36,10.39,42617.19,24,759.0,12.48,2,1,debt_consolidation,OWN,39,0.020076589131690643,0
3728,34955,36,13.96,75234.34,13,693.0,12.67,5,0,home_improvement,RENT,71,0.018815121858076878,0
3729,46716,60,8.86,71033.0,6,751.0,28.36,2,0,debt_consolidation,RENT,22,0.023561908235436715,0
3730,12207,60,16.97,46466.1,8,708.0,19.89,3,1,small_business,RENT,42,0.027126050137619304,0
3731,23793,60,13.47,73546.04,14,658.0,18.52,4,0,debt_consolidation,RENT,41,0.022580262379226248,0
3732,4092,36,12.9,56693.42,10,655.0,23.07,7,1,debt_consolidation,OWN,57,0.03046139940635756,0
3733,30220,36,12.29,63681.95,8,632.0,22.54,4,0,home_improvement,RENT,73,0.03287866487618011,0
3734,20514,36,11.92,68429.34,3,756.0,8.13,5,1,debt_consolidation,RENT,68,0.01207439859726248,0
3735,40010,36,6.92,24850.83,10,764.0,14.4,5,0,debt_consolidation,MORTGAGE,44,0.01033531000963738,0
3736,10549,36,13.17,60066.87,0,662.0,8.03,5,0,debt_consolidation,RENT,69,0.011191789069058523,0
3737,24031,60,19.7,23435.37,9,,10.84,5,1,home_improvement,RENT,34,,0
3738,7185,60,14.77,33777.27,20,659.0,30.05,3,1,debt_consolidation,RENT,61,0.043529961215845216,0
3739,17271,36,13.75,57271.09,2,591.0,41.16,3,0,credit_card,RENT,72,0.07000060830322018,0
3740,7776,36,5.86,84438.81,0,646.0,10.0,3,0,debt_consolidation,OWN,60,0.008598941832295912,1
3741,14449,36,16.34,54161.35,29,724.0,13.3,5,0,small_business,RENT,39,0.01205651877540554,0
3742,26297,60,15.21,51139.31,22,741.0,16.22,4,0,debt_consolidation,MORTGAGE,60,0.014474878325216477,0
3743,42591,36,16.67,48707.39,4,680.0,0.0,3,0,debt_consolidation,RENT,69,0.016068744224300335,0
3744,17717,60,8.38,69803.17,2,639.0,37.72,5,2,debt_consolidation,RENT,19,0.09518914583281071,0
3745,42123,36,10.4,32018.98,5,612.0,7.73,7,1,credit_card,RENT,61,0.039912303348691676,0
3746,41233,36,6.06,24867.15,6,661.0,15.61,7,0,debt_consolidation,OWN,69,0.019958496086951508,0
3747,47505,60,5.72,93809.39,20,665.0,21.11,4,0,home_improvement,OWN,67,0.026096780004720682,0
3748,48092,36,9.69,70355.35,3,665.0,18.21,2,0,debt_consolidation,RENT,18,0.02805151944084607,0
3749,12350,36,13.87,42455.31,15,610.0,18.47,4,0,debt_consolidation,RENT,57,0.024346960847283983,0
3750,32622,60,10.33,43947.8,26,701.0,20.8,6,0,debt_consolidation,OWN,42,0.01993660048826857,0
3751,37323,36,9.32,46105.15,5,686.0,7.08,6,0,debt_consolidation,RENT,44,0.013251035039950827,0
3752,4951,36,13.36,27360.56,0,663.0,17.66,2,0,other,RENT,19,0.014279048230597082,0
3753,19622,36,4.0,52168.24,21,680.0,28.19,3,0,debt_consolidation,RENT,69,0.016627010117342394,0
3754,6727,36,9.83,,14,712.0,13.69,3,0,other,OWN,40,0.008015263970659575,0
3755,40454,60,13.35,93885.71,1,713.0,18.78,2,0,home_improvement,MORTGAGE,58,0.02230863978256119,0
3756,38469,60,10.39,62644.23,10,756.0,21.62,2,0,credit_card,OWN,45,0.016106099743522957,0
3757,37548,60,17.2,78552.11,21,757.0,22.6,4,0,credit_card,OWN,60,0.023270120014609746,0
3758,25782,36,9.35,52716.04,2,711.0,19.22,7,0,debt_consolidation,OWN,56,0.01486074257258118,0
3759,30454,36,9.63,48532.67,2,670.0,20.3,2,1,debt_consolidation,OWN,24,0.0339797512400671,0
3760,4368,36,8.06,59846.02,2,641.0,10.34,5,0,credit_card,RENT,64,0.009546011395825909,0
3761,17592,60,8.97,81403.04,30,732.0,7.27,8,0,debt_consolidation,OWN,64,0.006889386582945149,0
3762,24173,36,13.11,45029.58,3,609.0,21.11,7,0,credit_card,MORTGAGE,24,0.03387421278935185,0
3763,35204,36,15.23,65556.26,3,685.0,14.71,4,0,debt_consolidation,MORTGAGE,54,0.022620465418023775,0
3764,37596,60,20.62,64875.46,0,624.0,20.36,8,0,home_improvement,MORTGAGE,60,0.056429447414576034,0
3765,36324,36,14.31,59385.25,30,739.0,17.81,10,0,debt_consolidation,RENT,53,0.01927241369504471,0
3766,48132,36,7.29,81574.88,3,729.0,12.13,2,0,debt_consolidation,OWN,70,0.013497518329359222,0
3767,25864,36,16.97,61052.67,15,682.0,13.48,4,0,credit_card,MORTGAGE,63,0.01989833980132525,0
3768,49829,60,13.95,56480.67,0,850.0,3.81,6,0,major_purchase,RENT,52,0.007078989099539012,0
3769,32750,36,12.11,58664.71,18,635.0,17.03,7,0,small_business,MORTGAGE,43,0.02796875377006802,1
3770,12576,60,16.27,8000.0,16,707.0,10.1,4,0,small_business,RENT,61,0.011173433522702945,0
3771,18566,36,21.47,56028.32,0,713.0,21.92,5,0,debt_consolidation,OWN,39,0.025175651064761873,0
3772,9190,60,11.24,33371.04,0,694.0,17.49,4,0,debt_consolidation,RENT,37,0.011790506959817173,0
3773,25071,36,8.67,54831.69,4,663.0,21.15,5,0,home_improvement,MORTGAGE,44,0.019897169691279432,0
3774,40333,36,17.31,59404.17,5,687.0,19.67,4,0,home_improvement,MORTGAGE,40,0.03314873874483403,0
3775,17369,60,22.63,71465.25,18,787.0,23.33,5,0,credit_card,RENT,58,0.017811831152124265,0
3776,26035,60,12.58,110348.51,0,683.0,23.21,5,0,debt_consolidation,RENT,59,0.02366288834102221,0
3777,3589,36,12.12,93624.06,11,719.0,,4,0,debt_consolidation,RENT,54,0.00860968998579787,0
3778,27235,60,12.69,59735.33,3,584.0,22.77,6,0,debt_consolidation,RENT,66,0.04294256007418843,0
3779,2159,60,13.8,73965.82,5,671.0,26.14,7,0,credit_card,OWN,40,0.0193178284409735,0
3780,14145,36,6.37,49988.19,0,817.0,16.41,6,0,debt_consolidation,RENT,20,0.004800610553575572,0
3781,17373,36,13.22,64790.73,4,650.0,23.59,11,0,small_business,RENT,21,0.026911011069926816,0
3782,33921,60,13.09,65346.46,1,647.0,20.02,5,0,debt_consolidation,RENT,34,0.030820194851257258,0
3783,41323,36,12.86,35488.6,8,784.0,22.78,4,0,home_improvement,OWN,59,0.017406701906905086,0
3784,18237,36,12.67,48479.33,1,644.0,22.7,6,0,debt_consolidation,OWN,49,0.025388069817028756,0
3785,43971,60,12.39,17564.8,21,636.0,27.17,4,0,major_purchase,RENT,69,0.050197921643513076,0
3786,10244,36,4.0,55613.89,24,722.0,4.0,2,0,home_improvement,MORTGAGE,37,0.004081828692260927,0
3787,16743,36,9.12,59101.89,22,823.0,,8,0,debt_consolidation,OWN,34,0.005393567896243625,0
3788,33566,60,15.42,58176.26,29,735.0,23.13,8,0,credit_card,OWN,55,0.023834919516338607,0
3789,48101,36,16.36,,26,684.0,28.65,5,0,credit_card,OWN,62,0.053252886915070255,0
3790,48109,60,10.31,58004.12,3,761.0,20.86,2,2,major_purchase,OWN,54,0.04815762333162827,0
3791,20691,60,8.17,64054.15,4,,24.23,8,1,debt_consolidation,RENT,23,,0
3792,35996,36,14.87,71539.92,8,650.0,16.8,3,1,home_improvement,OWN,61,0.04812737896409269,0
3793,7590,36,13.09,66711.92,5,770.0,10.82,4,1,small_business,OWN,26,0.010041863015479996,0
3794,7585,36,11.51,52178.36,29,760.0,18.22,3,0,home_improvement,OWN,56,0.007970544426660725,0
3795,11227,36,15.45,56455.71,5,658.0,17.26,4,0,small_business,MORTGAGE,51,0.018513646519936745,0
3796,30278,36,7.29,,16,742.0,20.44,9,1,debt_consolidation,RENT,70,0.021366352290992364,0
3797,40814,36,16.64,49387.94,9,758.0,36.28,4,2,debt_consolidation,MORTGAGE,48,0.10353774103887126,0
3798,14237,36,5.99,38674.36,28,671.0,20.25,6,0,debt_consolidation,OWN,42,0.013102540503229653,0
3799,17649,36,8.7,50541.94,16,690.0,18.28,6,0,debt_consolidation,RENT,62,0.01324476029244722,0
3800,39713,36,7.84,69671.81,4,609.0,18.25,6,0,debt_consolidation,OWN,74,0.03143967918983444,0
3801,9927,36,9.67,78039.56,2,679.0,21.51,4,0,debt_consolidation,OWN,33,0.014181135987214162,0
3802,47409,36,13.22,83301.64,22,645.0,19.2,7,1,debt_consolidation,OWN,22,0.0645963644843904,0
3803,48154,36,14.71,38798.99,25,668.0,19.58,12,0,other,RENT,72,0.04084689124644109,0
3804,9016,36,11.67,108125.48,21,601.0,16.9,7,0,debt_consolidation,RENT,65,0.020914423710925507,0
3805,16027,36,6.89,42325.63,16,759.0,23.63,4,0,major_purchase,RENT,41,0.00943583471291128,0
3806,26142,36,4.0,54322.37,4,745.0,10.71,4,1,debt_consolidation,OWN,67,0.010678785037393276,0
3807,48520,60,15.39,89746.23,8,759.0,14.7,7,0,credit_card,MORTGAGE,20,0.019722027858859535,0
3808,25545,36,14.89,18336.09,26,682.0,27.56,9,0,debt_consolidation,MORTGAGE,41,0.03247722155066804,0
3809,33897,36,16.28,63262.51,1,661.0,15.61,8,0,credit_card,MORTGAGE,66,0.02875799093455991,0
3810,5167,36,11.47,52799.19,8,698.0,11.29,5,1,debt_consolidation,MORTGAGE,68,0.013931683554302098,0
3811,46757,36,14.67,25123.02,5,702.0,19.44,7,0,debt_consolidation,RENT,45,0.03089555709696411,0
3812,28917,36,9.44,25493.83,12,770.0,,3,0,debt_consolidation,RENT,35,0.009106126585965128,0
3813,24736,60,13.92,88054.31,10,691.0,9.41,4,1,debt_consolidation,MORTGAGE,37,0.022120536155099506,0
3814,29990,36,10.08,72902.25,9,687.0,25.31,4,1,debt_consolidation,MORTGAGE,27,0.03857545100296403,0
3815,16087,60,8.74,83708.43,3,728.0,14.03,6,0,debt_consolidation,RENT,28,0.008679620195984308,0
3816,24440,36,12.93,34004.7,1,568.0,19.36,6,0,debt_consolidation,OWN,69,0.039608396233136264,0
3817,37205,36,12.72,67194.37,18,769.0,17.34,3,1,credit_card,RENT,36,0.02274727355735394,0
3818,17275,36,15.65,116438.02,30,726.0,14.62,6,1,debt_consolidation,RENT,63,0.021181874705639123,0
3819,7276,36,6.86,54072.99,1,708.0,14.91,4,0,major_purchase,OTHER,74,0.007591692994060954,0
3820,43627,36,15.71,61259.64,0,718.0,17.9,6,0,credit_card,RENT,45,0.025983665081043772,0
3821,42586,36,12.52,60278.01,16,736.0,27.42,5,0,major_purchase,OTHER,24,0.028154763810098758,0
3822,39496,36,16.27,57266.47,5,839.0,20.55,6,0,major_purchase,RENT,70,0.013405685738688212,0
3823,21008,36,16.23,40514.53,2,659.0,30.07,8,0,debt_consolidation,MORTGAGE,19,0.03956125408368609,0
3824,7738,36,4.0,61095.88,8,749.0,13.63,3,0,debt_consolidation,RENT,71,0.004897894166588192,0
3825,34402,36,16.19,100692.83,12,706.0,18.81,4,0,debt_consolidation,MORTGAGE,61,0.02421996249486309,0
3826,7793,36,16.37,58740.06,2,634.0,8.48,6,0,debt_consolidation,MORTGAGE,52,0.015061461187693755,0
3827,39291,36,6.97,90525.93,30,750.0,23.26,7,1,other,MORTGAGE,23,0.026204249184481714,0
3828,7571,60,5.75,131404.69,4,703.0,26.35,6,1,credit_card,RENT,37,0.019549163602210963,0
3829,33331,36,15.1,39659.5,4,704.0,23.77,6,0,other,MORTGAGE,40,0.028152027731893108,0
3830,18209,36,12.45,73506.9,6,696.0,25.3,5,0,home_improvement,MORTGAGE,69,0.020286192771082772,0
3831,27394,36,9.43,30891.52,16,709.0,17.87,3,0,credit_card,RENT,32,0.014205481815787577,0
3832,45148,60,17.76,56483.39,23,733.0,21.56,8,0,major_purchase,MORTGAGE,66,0.03184104816647743,0
3833,27682,36,13.21,122375.52,4,656.0,25.16,7,1,small_business,OWN,27,0.05237844833696018,0
3834,4224,36,4.0,76173.89,0,678.0,27.16,6,0,debt_consolidation,OWN,22,0.01228372827550705,0
3835,43157,36,7.93,67660.13,3,746.0,17.96,4,0,major_purchase,RENT,46,0.014658614243840327,0
3836,46452,36,16.17,30431.62,0,624.0,,4,0,major_purchase,OWN,59,0.04243337914666874,0
3837,45408,36,12.14,44874.88,10,746.0,29.06,7,2,debt_consolidation,MORTGAGE,65,0.07738350539952665,0
3838,34441,36,9.12,39112.76,16,683.0,18.77,3,0,credit_card,MORTGAGE,54,0.019409734186169914,0
3839,43430,60,13.81,34256.05,6,746.0,17.69,5,0,debt_consolidation,OWN,60,0.01966025702419534,0
3840,41129,36,9.57,80720.15,28,715.0,12.38,5,0,credit_card,RENT,56,0.014865720960011973,0
3841,36716,36,7.01,77245.01,15,657.0,17.31,6,0,credit_card,RENT,18,0.020739045084536445,0
3842,46859,36,16.07,55879.29,5,657.0,15.19,6,0,credit_card,OWN,22,0.036133931403828916,0
3843,28586,36,16.67,46339.54,0,642.0,10.63,6,0,credit_card,RENT,40,0.023855868627151267,0
3844,46760,36,13.92,78155.82,8,614.0,11.5,7,1,small_business,OWN,72,0.058811833463368636,1
3845,25478,36,5.86,102113.38,8,690.0,22.82,7,0,credit_card,RENT,55,0.016228255716476712,0
3846,8318,36,19.4,84783.7,9,695.0,15.89,11,0,debt_consolidation,MORTGAGE,39,0.01732649654484222,0
3847,30694,36,19.26,62733.95,12,721.0,19.19,4,0,debt_consolidation,RENT,35,0.024327490009889922,0
3848,22180,36,17.09,83052.47,3,667.0,16.16,8,0,small_business,RENT,67,0.023487940058211195,0
3849,14180,36,13.22,84203.51,0,719.0,10.65,5,0,debt_consolidation,RENT,52,0.009533161325342765,0
3850,35002,36,12.36,63818.68,20,750.0,27.52,3,0,credit_card,RENT,18,0.021856457822840028,0
3851,17372,36,13.75,63794.82,20,797.0,20.12,3,0,debt_consolidation,RENT,55,0.009356717294951798,0
3852,31796,60,7.43,46803.32,25,,23.55,6,1,debt_consolidation,OWN,36,,0
3853,26427,36,9.82,80715.58,29,762.0,21.35,8,0,major_purchase,RENT,47,0.012512199677995196,0
3854,35290,36,9.65,55786.2,1,707.0,17.29,6,0,debt_consolidation,OWN,25,0.01708872445161038,0
3855,30099,60,14.43,35519.57,5,703.0,14.08,2,0,credit_card,OWN,67,0.01693454643894136,0
3856,47486,36,12.99,36385.2,22,664.0,5.12,7,0,home_improvement,MORTGAGE,23,0.02063370138206641,0
3857,11821,60,8.17,58990.73,27,757.0,2.11,10,0,credit_card,OWN,19,0.0042242514780191824,0
3858,7832,36,5.63,36367.65,0,,24.67,5,0,debt_consolidation,RENT,49,,0
3859,14820,36,13.42,127992.96,6,611.0,26.15,3,1,other,OWN,37,0.05352478331328851,0
3860,18211,36,7.75,72187.79,0,583.0,28.18,2,0,debt_consolidation,OWN,60,0.03392530366081174,0
3861,41890,60,6.98,47657.15,18,690.0,17.13,3,0,debt_consolidation,OWN,38,0.018199392964223123,0
3862,7842,36,20.39,64601.81,16,716.0,12.63,3,1,debt_consolidation,RENT,25,0.021155766624740478,0
3863,3316,60,21.24,78395.18,16,647.0,22.86,2,1,major_purchase,MORTGAGE,41,0.044392361180877984,0
3864,47968,36,10.2,65444.8,6,665.0,27.77,3,0,credit_card,RENT,70,0.0418930286675442,1
3865,19508,60,4.71,35992.63,6,749.0,31.76,3,0,credit_card,RENT,36,0.013152028388191982,1
3866,24005,36,16.84,57252.52,3,667.0,15.62,5,0,debt_consolidation,RENT,67,0.022863156025933338,0
3867,17206,36,13.34,54009.31,5,716.0,25.55,7,1,major_purchase,OWN,30,0.030981903835869212,0
3868,20971,60,15.08,48634.55,30,655.0,21.81,5,1,major_purchase,RENT,42,0.04376455169054658,0
3869,27599,60,9.46,39284.25,0,755.0,18.41,6,0,credit_card,OWN,63,0.011445807028500295,0
3870,24056,36,7.85,81887.99,4,706.0,12.84,2,0,major_purchase,OWN,19,0.010163066484384885,0
3871,3378,36,11.04,71776.41,19,694.0,28.19,1,0,home_improvement,RENT,35,0.015415594528249003,0
3872,3519,36,12.7,71580.11,5,769.0,27.31,4,1,debt_consolidation,RENT,32,0.017528899675550883,0
3873,24161,36,9.07,13690.48,28,600.0,16.74,8,0,small_business,OWN,32,0.024997115286586564,0
3874,42703,36,17.19,50030.02,4,726.0,24.01,3,0,debt_consolidation,OWN,44,0.03223177045829,0
3875,40861,36,5.05,91246.23,22,595.0,22.93,5,0,credit_card,RENT,47,0.03615622811544743,0
3876,7355,36,13.64,69827.49,20,695.0,23.09,4,0,small_business,RENT,39,0.0158704289987498,0
3877,11083,60,12.51,30908.22,0,693.0,10.63,4,2,debt_consolidation,MORTGAGE,58,0.02671010549257451,0
3878,40342,36,16.88,101673.09,6,710.0,10.64,4,0,credit_card,RENT,43,0.019965930301698017,0
3879,22456,36,8.16,8000.0,3,586.0,16.7,4,1,home_improvement,RENT,28,0.039132620266427526,0
3880,15324,36,14.82,63188.79,7,704.0,,6,0,major_purchase,RENT,48,0.013836392672841528,0
3881,4257,36,13.91,102893.14,7,763.0,32.15,6,1,debt_consolidation,MORTGAGE,57,0.024095021057599534,0
3882,29364,36,12.98,20797.74,25,653.0,6.35,1,0,debt_consolidation,OWN,44,0.015251326078433264,0
3883,26972,36,8.45,48090.34,2,649.0,26.95,2,0,small_business,MORTGAGE,48,0.027012802606457883,0
3884,48179,36,8.91,24850.08,2,658.0,7.85,10,0,credit_card,MORTGAGE,21,0.020333946919708912,0
3885,28654,60,10.81,95289.91,0,740.0,19.91,5,0,home_improvement,MORTGAGE,31,0.014343373307922652,0
3886,17233,36,9.99,39521.71,16,641.0,3.32,2,0,debt_consolidation,OWN,19,0.009961264971025844,0
3887,17887,60,17.04,84854.95,26,667.0,28.98,8,2,debt_consolidation,RENT,30,0.09086985002066487,1
3888,31320,60,12.54,94722.0,5,738.0,20.18,3,0,credit_card,RENT,38,0.016505798477556337,0
3889,22808,60,15.18,27873.37,0,640.0,21.34,5,0,debt_consolidation,OWN,27,0.03014171120489842,0
3890,32154,36,6.2,22610.18,1,747.0,24.62,7,0,home_improvement,OWN,37,0.014427024839801735,0
3891,36773,36,4.63,71979.15,0,656.0,15.83,5,0,debt_consolidation,RENT,19,0.0173639941837121,0
3892,29747,36,11.29,79390.36,9,680.0,4.18,6,0,debt_consolidation,MORTGAGE,19,0.011619764419820622,0
3893,12860,36,6.89,58237.37,4,741.0,3.84,4,2,small_business,MORTGAGE,67,0.012120050912627328,0
3894,44838,36,12.16,60639.62,25,739.0,22.4,7,0,credit_card,MORTGAGE,21,0.02381724313375803,0
3895,44156,36,8.63,96996.04,1,664.0,15.87,9,0,home_improvement,OTHER,71,0.024254964502042543,0
3896,20156,36,13.22,54000.98,27,634.0,27.65,4,0,credit_card,OWN,74,0.03409614408537441,0
3897,22360,36,8.87,94410.42,4,773.0,18.39,3,0,home_improvement,OWN,59,0.008734514794170808,0
3898,20135,36,14.24,45591.99,23,674.0,23.36,6,0,debt_consolidation,OWN,25,0.0244851158811875,0
3899,27351,60,8.48,119939.14,28,713.0,25.41,9,0,debt_consolidation,OWN,28,0.01888021516192869,0
3900,32499,36,4.54,37878.54,30,729.0,25.26,7,1,major_purchase,OWN,33,0.024925560821573534,0
3901,49377,36,15.41,89603.24,19,644.0,16.16,6,1,home_improvement,RENT,58,0.06601613383302841,0
3902,25554,36,8.93,35838.51,0,608.0,18.81,1,1,credit_card,OWN,24,0.04000129910557761,1
3903,21604,60,17.49,79664.85,0,723.0,24.67,5,0,debt_consolidation,OWN,42,0.023098458204601463,0
3904,18923,36,9.43,59808.07,16,602.0,20.06,5,1,small_business,RENT,64,0.040713111246347446,0
3905,49591,36,8.71,66947.38,25,627.0,3.9,4,0,debt_consolidation,RENT,44,0.02006164270902266,0
3906,10547,36,10.86,76643.5,1,725.0,0.73,3,0,home_improvement,RENT,59,0.005032165505687452,0
3907,46283,36,9.76,66149.28,27,709.0,13.18,4,0,credit_card,OWN,57,0.017582021215792387,0
3908,35002,36,12.5,63945.69,10,706.0,25.55,6,0,other,RENT,44,0.027147170308268968,0
3909,16562,60,13.61,13549.32,1,656.0,18.21,7,0,credit_card,RENT,64,0.020315230111364588,0
3910,9480,60,14.22,94464.47,1,759.0,30.74,5,0,debt_consolidation,MORTGAGE,44,0.015925186681886614,0
3911,28672,60,11.66,98225.03,0,630.0,24.42,8,0,credit_card,MORTGAGE,73,0.03500067685222656,0
3912,6213,60,6.0,57336.11,1,564.0,7.47,4,0,major_purchase,MORTGAGE,19,0.012481594695726569,0
3913,12293,36,18.89,73925.16,15,581.0,26.16,3,1,credit_card,RENT,39,0.07804290127318579,0
3914,36441,60,10.52,94147.49,2,691.0,8.3,4,0,debt_consolidation,RENT,55,0.013800144012026644,0
3915,4100,36,10.31,75031.78,9,680.0,31.36,8,0,debt_consolidation,OWN,52,0.019877288131324094,0
3916,46617,36,11.64,46710.67,15,726.0,22.17,5,0,debt_consolidation,MORTGAGE,32,0.02521298159348988,0
3917,30172,36,10.95,29973.12,25,720.0,29.49,3,0,credit_card,OWN,37,0.023905286436499945,0
3918,22132,36,5.0,75861.51,9,679.0,22.41,5,2,debt_consolidation,OWN,63,0.03973564395241741,0
3919,20199,36,14.3,63477.98,9,599.0,17.92,9,0,debt_consolidation,RENT,67,0.031730871580076384,0
3920,38609,36,8.72,59864.61,26,648.0,19.18,3,0,credit_card,OTHER,26,0.025765390724133367,0
3921,44965,36,10.7,40956.13,4,652.0,11.08,7,1,debt_consolidation,RENT,26,0.03862369353580327,0
3922,10016,60,19.04,51476.33,2,777.0,19.71,2,0,debt_consolidation,OWN,59,0.011529156179219105,0
3923,41779,36,15.78,68418.44,23,674.0,18.96,6,0,debt_consolidation,OWN,40,0.03386177882671294,0
3924,39261,36,18.45,52640.36,0,742.0,22.48,3,0,debt_consolidation,RENT,43,0.027516159730869332,0
3925,33881,60,9.29,60819.19,2,693.0,16.26,6,0,home_improvement,OWN,71,0.017032044175566956,0
3926,19058,36,14.92,59223.29,6,676.0,11.07,8,0,other,MORTGAGE,31,0.0154277415998052,0
3927,26472,60,13.61,76433.06,5,652.0,17.95,4,2,debt_consolidation,MORTGAGE,45,0.0633247730928103,1
3928,43346,36,11.78,24090.33,14,711.0,11.26,7,1,debt_consolidation,MORTGAGE,70,0.028204057394439618,0
3929,36926,60,9.0,51099.56,0,619.0,10.78,4,0,credit_card,RENT,45,0.021789855525106757,0
3930,36832,36,16.34,32453.53,7,678.0,7.92,3,1,home_improvement,MORTGAGE,48,0.031751155703726594,0
3931,38021,36,9.94,63887.92,20,687.0,16.94,3,0,debt_consolidation,MORTGAGE,23,0.019705021946275488,0
3932,26087,36,12.55,39749.28,12,692.0,19.0,6,1,major_purchase,MORTGAGE,71,0.03128717307750646,0
3933,14828,36,15.65,83487.11,10,630.0,13.61,6,1,credit_card,RENT,54,0.03400864920160946,0
3934,33128,60,8.09,49720.6,3,657.0,20.96,4,1,credit_card,MORTGAGE,37,0.037451416796996734,0
3935,3401,36,7.65,45595.2,6,699.0,17.27,6,0,debt_consolidation,RENT,39,0.00863995850074043,0
3936,21643,36,22.06,39167.64,2,694.0,15.24,4,0,debt_consolidation,OWN,40,0.023464098168746672,0
3937,17193,36,8.56,66275.34,8,755.0,26.66,8,0,other,RENT,45,0.012595502187994963,0
3938,28853,60,18.47,28266.23,9,668.0,13.06,6,0,home_improvement,RENT,63,0.024721735339194986,0
3939,46864,36,11.79,57672.44,10,609.0,15.4,4,1,home_improvement,RENT,31,0.0617327638365173,0
3940,22307,60,10.3,57090.94,23,652.0,20.43,3,0,debt_consolidation,OWN,65,0.020761803307685275,0
3941,38982,36,10.69,46948.02,0,617.0,23.92,2,0,debt_consolidation,RENT,29,0.04065768851524325,0
3942,21611,36,11.75,65473.98,6,775.0,9.59,1,0,credit_card,RENT,46,0.006781987423920583,0
3943,45791,36,17.35,48425.19,9,728.0,18.97,4,0,home_improvement,RENT,65,0.02830839696789206,0
3944,13950,60,15.02,67113.5,9,702.0,17.48,5,1,small_business,OWN,57,0.024535325750831168,0
3945,12704,60,11.15,46376.67,0,704.0,23.54,8,1,debt_consolidation,MORTGAGE,54,0.02556035660407555,0
3946,45111,36,4.54,41404.73,2,676.0,13.01,5,0,credit_card,RENT,37,0.01620050016206041,0
3947,13867,36,12.08,66395.6,22,598.0,18.19,4,1,debt_consolidation,OWN,32,0.0395794962724572,0
3948,4745,60,12.53,80177.74,8,654.0,31.01,4,0,credit_card,OWN,74,0.024790301865579904,0
3949,5866,36,17.03,131417.4,6,536.0,14.67,4,0,credit_card,RENT,25,0.03323409742863563,0
3950,34245,36,6.12,,25,722.0,26.94,7,0,debt_consolidation,RENT,53,0.019011811039632405,0
3951,46724,36,10.03,79308.34,0,,15.17,3,0,credit_card,MORTGAGE,22,,0
3952,7818,36,9.9,48887.13,26,685.0,17.01,9,1,credit_card,RENT,40,0.019110160541449223,0
3953,32116,36,11.78,78908.6,0,637.0,14.93,3,0,debt_consolidation,MORTGAGE,35,0.023811663775720193,0
3954,17493,36,12.36,92552.89,9,674.0,9.9,3,0,credit_card,RENT,61,0.012126757711791208,0
3955,30038,36,13.75,63217.79,9,716.0,9.98,2,2,credit_card,RENT,54,0.034272447705102196,0
3956,22447,60,4.42,77785.74,10,704.0,23.23,8,0,debt_consolidation,OWN,49,0.01345497552358971,0
3957,32431,36,12.69,71123.41,0,,13.93,2,1,debt_consolidation,OWN,40,,0
3958,19908,60,12.98,60277.73,8,638.0,12.25,2,0,home_improvement,RENT,45,0.01762179298309078,0
3959,31336,36,12.3,49325.45,0,720.0,12.66,4,0,debt_consolidation,RENT,33,0.013628363828074763,0
3960,42992,36,11.29,51234.95,1,664.0,5.15,4,0,credit_card,RENT,30,0.016895634665393806,0
3961,6025,36,4.0,26932.59,2,789.0,12.97,6,0,credit_card,MORTGAGE,26,0.0037408297116942424,0
3962,22093,60,14.27,85940.97,10,622.0,16.36,9,0,debt_consolidation,OWN,29,0.027060679069263863,0
3963,8155,36,8.11,106783.66,6,668.0,10.32,5,0,small_business,OWN,19,0.00877878254656863,0
3964,48607,60,14.45,24754.61,0,658.0,20.45,8,0,credit_card,RENT,49,0.04288670084939971,0
3965,35487,36,17.0,85951.31,4,667.0,16.82,4,0,debt_consolidation,RENT,45,0.029902340250569374,0
3966,49658,36,5.3,58888.91,0,621.0,12.21,7,0,debt_consolidation,OWN,56,0.025100662056259458,0
3967,22963,60,14.33,44001.51,11,569.0,19.36,3,0,debt_consolidation,RENT,52,0.03977840151856386,0
3968,22936,36,7.06,63579.99,9,714.0,17.94,6,0,debt_consolidation,OWN,18,0.011604614324656773,0
3969,6426,36,11.83,39921.98,6,770.0,23.78,8,0,debt_consolidation,RENT,60,0.009768459674255237,0
3970,25303,60,11.5,65856.03,26,652.0,7.42,6,0,other,MORTGAGE,25,0.014426740464847557,0
3971,47280,36,15.03,,8,697.0,30.33,4,1,other,MORTGAGE,57,0.07715107715560178,0
3972,29606,36,14.43,51408.58,24,670.0,16.03,2,0,debt_consolidation,RENT,57,0.021984668978099735,0
3973,49832,60,13.05,89416.63,9,670.0,24.46,1,0,debt_consolidation,OWN,45,0.04178799322801222,1
3974,30151,36,5.43,16251.03,5,643.0,9.01,5,2,debt_consolidation,OWN,24,0.03478784106329936,0
3975,15767,60,4.0,45806.48,8,722.0,17.95,1,1,other,MORTGAGE,37,0.01288579754532175,0
3976,13308,36,15.65,10506.67,1,695.0,14.92,2,0,debt_consolidation,MORTGAGE,32,0.014000814804299112,0
3977,46245,60,14.99,63273.42,12,640.0,21.34,3,0,debt_consolidation,RENT,44,0.04600097752419466,0
3978,47671,36,8.01,47625.76,29,727.0,29.65,6,0,credit_card,OWN,33,0.0289704656240828,0
3979,26770,60,13.39,41961.41,3,766.0,18.47,4,0,debt_consolidation,RENT,19,0.01258853944954507,0
3980,30572,36,11.16,67070.8,4,751.0,13.82,1,0,major_purchase,RENT,68,0.010731738225603728,0
3981,43448,36,16.35,75291.27,6,671.0,18.41,3,0,home_improvement,RENT,43,0.034785826460702426,0
3982,4204,36,12.33,89566.09,7,629.0,0.32,8,0,home_improvement,RENT,62,0.008743870638049968,0
3983,29233,36,15.6,133269.51,14,628.0,14.63,0,0,credit_card,RENT,69,0.027434395406280922,0
3984,23729,60,9.55,45763.88,1,651.0,1.47,5,0,debt_consolidation,MORTGAGE,36,0.009999998516332553,0
3985,33131,60,13.14,43133.14,4,655.0,25.68,4,0,debt_consolidation,RENT,26,0.03580589788000174,0
3986,35870,36,10.35,60115.13,8,732.0,24.56,4,0,debt_consolidation,MORTGAGE,74,0.0201400358579193,0
3987,40011,60,9.53,62176.64,9,568.0,22.87,4,1,credit_card,RENT,64,0.08117562367664927,0
3988,41382,36,4.0,103336.82,8,676.0,11.43,6,0,major_purchase,RENT,38,0.013909720493068427,0
3989,43475,36,15.69,73040.79,6,649.0,7.32,2,1,credit_card,OWN,28,0.04003279996594735,0
3990,48681,36,19.0,36392.33,14,637.0,25.56,8,0,debt_consolidation,RENT,64,0.0726970171757022,0
3991,23607,36,6.45,34981.81,2,711.0,38.13,1,0,major_purchase,RENT,70,0.024455038056581283,0
3992,26968,36,14.77,77033.55,4,640.0,23.08,4,0,debt_consolidation,RENT,36,0.033929892373060336,0
3993,35398,60,14.61,54807.49,7,672.0,30.15,8,0,debt_consolidation,OWN,23,0.04489306412350289,0
3994,13908,36,9.94,95395.86,13,732.0,19.54,4,0,credit_card,OWN,25,0.010506074628616495,0
3995,28423,36,9.05,72887.35,0,663.0,15.67,2,0,debt_consolidation,RENT,63,0.016952535411213884,0
3996,45615,36,16.72,33885.95,0,755.0,31.64,8,0,small_business,RENT,24,0.03969216810525284,0
3997,11171,60,16.3,30603.26,18,632.0,17.53,6,0,debt_consolidation,OWN,49,0.023149057656317095,0
3998,14721,36,13.81,68627.16,3,508.0,25.88,7,2,credit_card,RENT,27,0.15343889173187322,0
3999,18616,36,9.92,51462.43,28,710.0,16.86,7,0,credit_card,OWN,26,0.012161067501907432,0
4000,44512,36,16.36,88487.16,28,699.0,15.6,4,1,debt_consolidation,OWN,57,0.044287274208203574,0
4001,40458,60,8.65,68484.53,13,741.0,16.39,3,2,home_improvement,RENT,52,0.03665929970403901,0
4002,48169,36,17.68,67988.14,14,706.0,21.36,9,1,home_improvement,RENT,35,0.0633152833964641,0
4003,9659,60,18.53,29269.12,11,770.0,14.67,4,0,credit_card,OWN,22,0.009722715859925313,0
4004,45369,36,16.73,48070.73,2,699.0,34.62,8,0,debt_consolidation,RENT,55,0.06092109524621432,0
4005,13704,60,13.37,58821.6,8,741.0,20.41,4,0,debt_consolidation,MORTGAGE,24,0.012164191323853716,0
4006,34793,36,4.0,13137.86,19,730.0,16.59,2,1,credit_card,RENT,71,0.01711494705278774,0
4007,48473,36,11.26,75577.81,18,645.0,12.59,4,0,credit_card,OTHER,64,0.0280875311837657,0
4008,33226,36,19.06,81339.47,25,653.0,22.64,5,1,credit_card,RENT,59,0.06946866263191813,0
4009,25852,36,15.75,46764.78,25,666.0,0.0,6,0,home_improvement,MORTGAGE,68,0.012352590047560175,0
4010,34082,36,13.74,91713.39,3,809.0,16.47,6,0,small_business,RENT,73,0.010808447409824633,0
4011,24794,60,9.28,90615.87,15,646.0,24.25,3,0,debt_consolidation,RENT,24,0.024937715847210943,0
4012,43420,60,16.1,73093.99,11,705.0,8.9,7,0,credit_card,MORTGAGE,73,0.020221106345261388,1
4013,15379,60,5.71,58479.9,24,686.0,21.11,4,0,credit_card,OWN,46,0.012266753894820633,0
4014,9006,36,11.32,84893.9,2,694.0,21.93,4,0,debt_consolidation,OWN,36,0.014054201386014459,0
4015,10682,36,18.96,22746.02,16,684.0,15.72,3,0,credit_card,RENT,20,0.017402939490478157,0
4016,35840,36,8.78,61871.36,6,658.0,19.17,5,0,credit_card,MORTGAGE,61,0.02353615442655425,0
4017,34430,36,14.44,38893.63,6,613.0,17.36,3,2,major_purchase,OWN,21,0.09170435965362604,0
4018,25091,60,4.97,43430.2,0,624.0,10.64,2,0,home_improvement,OWN,50,0.013412300334527049,0
4019,34983,36,9.39,71249.88,28,725.0,31.67,3,0,debt_consolidation,RENT,60,0.02572977053700276,0
4020,25989,60,12.72,39891.35,12,,21.41,4,0,debt_consolidation,OWN,53,,0
4021,11915,36,13.41,21741.99,9,693.0,17.13,3,0,debt_consolidation,RENT,43,0.013599894814523065,0
4022,44552,60,20.27,115509.8,3,788.0,17.74,3,0,home_improvement,RENT,48,0.021168195115252204,0
4023,20990,36,9.98,44889.42,11,827.0,25.09,5,0,home_improvement,MORTGAGE,33,0.008666379618904312,0
4024,26734,60,14.38,38901.71,27,624.0,3.81,1,0,major_purchase,RENT,68,0.016660398156480963,0
4025,16824,36,14.27,89858.91,1,765.0,16.61,3,1,debt_consolidation,RENT,58,0.016372889254706417,0
4026,38081,36,9.64,44949.47,30,608.0,7.95,3,0,debt_consolidation,MORTGAGE,48,0.02174513882668092,0
4027,13033,60,15.82,28256.64,6,654.0,24.03,7,0,debt_consolidation,MORTGAGE,59,0.026827340022280374,0
4028,44736,36,14.67,37112.66,29,690.0,24.07,15,0,credit_card,RENT,44,0.04113148785935069,0
4029,18241,36,10.91,49221.2,10,730.0,15.52,5,0,home_improvement,MORTGAGE,73,0.01046830163548217,0
4030,7939,36,12.78,33229.35,4,604.0,21.75,4,1,credit_card,MORTGAGE,66,0.04045690092183492,0
4031,49464,36,8.16,39175.08,5,685.0,21.25,4,0,debt_consolidation,OWN,31,0.027312457124564486,0
4032,49562,36,8.46,48815.02,4,687.0,31.18,1,2,credit_card,OWN,32,0.09970021220579038,0
4033,37063,36,11.91,84289.37,5,592.0,22.55,7,0,credit_card,MORTGAGE,35,0.047732203417875575,0
4034,36464,36,14.99,111805.87,10,706.0,8.94,5,1,credit_card,MORTGAGE,72,0.026606833392396417,0
4035,13185,36,10.67,87724.71,0,673.0,12.17,6,1,small_business,MORTGAGE,61,0.019002488100898034,0
4036,29045,36,9.53,54306.18,29,714.0,18.95,6,0,debt_consolidation,RENT,71,0.015388904099572479,0
4037,46769,36,11.08,24735.28,17,652.0,1.67,6,0,debt_consolidation,MORTGAGE,67,0.01719452824891514,0
4038,49118,60,15.31,77536.87,27,658.0,27.3,3,0,debt_consolidation,MORTGAGE,38,0.05582235053611118,0
4039,21167,60,6.59,34418.91,14,817.0,20.9,3,1,debt_consolidation,MORTGAGE,64,0.010632400085862255,0
4040,38412,36,15.45,50765.09,7,633.0,4.9,4,1,credit_card,OWN,28,0.03657040874528167,0
4041,23625,36,14.05,100397.6,2,669.0,17.72,1,0,credit_card,OWN,20,0.020428184755358906,1
4042,41188,36,6.57,102609.95,8,649.0,39.01,7,0,credit_card,OWN,18,0.054098089704207236,0
4043,29076,60,11.06,64456.16,14,688.0,13.87,6,0,debt_consolidation,RENT,55,0.015848889781787875,0
4044,46605,36,14.54,90672.07,22,698.0,6.39,5,0,debt_consolidation,MORTGAGE,64,0.018463923906256945,0
4045,21029,36,4.36,89789.16,4,753.0,13.62,3,1,debt_consolidation,OWN,26,0.010409009372773281,0
4046,24973,36,7.86,76435.04,8,647.0,4.18,1,1,home_improvement,MORTGAGE,69,0.016917574080220855,0
4047,41121,36,5.91,53215.18,10,665.0,20.18,5,1,debt_consolidation,RENT,45,0.036795861200481506,0
4048,33433,36,9.69,,9,695.0,9.69,7,0,home_improvement,OWN,19,0.013265425733241689,0
4049,45309,36,16.15,61111.76,0,572.0,23.24,6,0,credit_card,MORTGAGE,51,0.07736351708134959,0
4050,3932,36,15.19,27919.36,7,750.0,19.97,3,0,credit_card,RENT,46,0.010120100775417496,0
4051,46254,36,9.98,48070.97,20,485.0,12.72,4,0,other,MORTGAGE,27,0.06373766706020749,0
4052,3757,36,16.12,74958.15,19,723.0,6.21,10,0,home_improvement,RENT,48,0.007702637654960443,0
4053,32722,60,14.65,44250.5,8,850.0,20.48,1,1,credit_card,RENT,54,0.01576829598458615,0
4054,39853,36,17.1,98615.1,28,716.0,18.64,4,0,debt_consolidation,OWN,25,0.026381924744292625,0
4055,40405,36,11.65,66155.1,21,722.0,5.7,4,0,small_business,MORTGAGE,73,0.011851248780267512,0
4056,3116,36,14.16,79567.58,16,686.0,11.66,3,0,debt_consolidation,RENT,51,0.00995889836021154,0
4057,45527,36,25.49,54674.46,8,630.0,5.55,5,1,debt_consolidation,RENT,21,0.0708990739674734,0
4058,13691,36,10.76,75795.02,9,727.0,10.67,2,0,major_purchase,OWN,37,0.007741562917999198,0
4059,2492,36,11.74,31768.35,2,596.0,16.06,4,0,debt_consolidation,RENT,42,0.01786719831044074,0
4060,29882,60,11.36,70578.89,8,609.0,12.76,10,0,debt_consolidation,MORTGAGE,49,0.02588262274172429,0
4061,10811,36,11.64,72923.87,8,653.0,7.99,3,0,major_purchase,RENT,72,0.010769812188057526,0
4062,29808,36,14.23,92079.11,2,711.0,20.69,9,0,debt_consolidation,OWN,31,0.022080337831656072,0
4063,26272,36,12.23,9827.68,28,606.0,22.15,6,0,small_business,RENT,53,0.0354663623373731,0
4064,30399,36,6.54,43211.66,3,720.0,23.88,6,1,debt_consolidation,OWN,20,0.026088648201785105,0
4065,8474,60,12.07,15498.66,0,706.0,31.13,5,1,credit_card,MORTGAGE,18,0.031743163491629124,0
4066,28956,36,9.89,39011.05,7,685.0,21.24,5,0,debt_consolidation,MORTGAGE,71,0.020099029218975467,0
4067,49153,36,5.09,57321.87,13,580.0,9.9,3,1,major_purchase,RENT,33,0.04451299476032122,0
4068,44506,60,16.58,74751.04,2,735.0,13.04,3,1,debt_consolidation,OWN,38,0.03263217612850866,0
4069,15979,60,9.87,116169.61,2,665.0,20.82,4,1,debt_consolidation,OWN,24,0.027810962258723235,0
4070,46523,36,13.53,93761.63,3,676.0,21.02,8,0,credit_card,RENT,18,0.03632527624271474,0
4071,44565,36,4.0,47808.49,4,651.0,10.84,10,1,credit_card,OWN,32,0.028440177451758277,0
4072,30328,36,14.0,78019.14,3,586.0,24.93,2,0,debt_consolidation,OWN,41,0.050104554929624984,0
4073,49375,36,10.75,90629.18,7,621.0,8.62,4,0,debt_consolidation,RENT,74,0.02748620548208021,0
4074,14867,60,5.78,57503.89,0,737.0,5.72,7,0,debt_consolidation,MORTGAGE,33,0.0050321655056874475,0
4075,27851,36,9.79,58414.73,0,776.0,22.56,2,0,major_purchase,RENT,39,0.011692110270501115,0
4076,33279,36,9.25,54260.63,15,713.0,12.47,5,1,small_business,MORTGAGE,40,0.020813506323271287,0
4077,32527,36,15.0,72078.9,6,725.0,13.6,6,0,credit_card,OTHER,46,0.016375466224948097,0
4078,9866,36,12.36,70340.21,5,779.0,13.01,5,0,debt_consolidation,RENT,64,0.006443109870392248,0
4079,17449,36,5.91,63551.51,0,778.0,19.09,11,0,debt_consolidation,OWN,60,0.007392128319930455,0
4080,12685,60,13.75,103432.82,4,716.0,14.99,2,0,debt_consolidation,RENT,26,0.011148932256265535,0
4081,25544,36,4.0,85089.21,20,644.0,17.76,1,0,small_business,RENT,54,0.015027675638705253,0
4082,7451,36,7.5,,5,561.0,24.24,7,0,credit_card,RENT,74,0.027858046203421485,0
4083,23642,60,12.06,15035.79,28,684.0,13.88,4,0,credit_card,OTHER,26,0.01502412360945004,0
4084,43316,36,9.5,70434.23,6,690.0,21.65,6,0,credit_card,OWN,73,0.02601607964207273,0
4085,41954,60,16.77,57464.29,7,837.0,30.1,2,0,credit_card,RENT,39,0.020423782827520522,0
4086,40870,36,12.68,16250.22,19,720.0,8.94,8,2,credit_card,OWN,42,0.039887020281494545,0
4087,33030,36,14.5,12498.66,30,692.0,28.35,0,1,credit_card,MORTGAGE,49,0.0530304832255022,0
4088,32873,36,14.67,53769.55,5,627.0,10.36,5,0,small_business,MORTGAGE,74,0.025169270974656422,0
4089,2619,60,10.23,66422.69,0,685.0,11.79,8,0,home_improvement,RENT,56,0.00862421257141974,0
4090,35650,36,7.74,67347.06,8,755.0,5.7,3,0,debt_consolidation,RENT,42,0.0072318663023962036,0
4091,27372,36,11.8,44854.09,9,668.0,13.41,4,0,debt_consolidation,MORTGAGE,54,0.017222602877980966,0
4092,5642,60,15.47,46072.4,28,603.0,20.78,4,0,major_purchase,OWN,48,0.026327525237759882,0
4093,30001,36,11.07,47434.37,6,629.0,23.53,2,0,credit_card,OWN,65,0.0320066972079144,0
4094,36064,36,14.36,72326.66,0,599.0,25.46,5,0,debt_consolidation,MORTGAGE,41,0.055392776888230515,0
4095,31290,36,11.89,21766.03,11,639.0,1.15,6,0,debt_consolidation,MORTGAGE,28,0.013957258589638146,0
4096,16122,36,5.79,60485.3,0,612.0,4.42,10,0,debt_consolidation,MORTGAGE,58,0.01063134820212349,0
4097,26820,36,6.13,85481.71,6,713.0,20.15,3,0,debt_consolidation,RENT,73,0.01275367641437071,0
4098,4895,36,18.25,51209.64,6,721.0,22.05,1,0,debt_consolidation,MORTGAGE,40,0.015163267236209454,0
4099,7366,60,7.33,64009.11,3,771.0,25.83,5,0,debt_consolidation,RENT,40,0.008334519228127103,0
4100,10711,60,9.45,70392.14,28,677.0,20.58,6,1,home_improvement,OWN,20,0.02315584258052126,0
4101,21596,36,15.67,43549.34,6,676.0,8.19,0,0,small_business,MORTGAGE,68,0.013884779008186077,0
4102,20793,60,7.23,57460.7,24,701.0,10.26,2,0,debt_consolidation,RENT,45,0.008592465251358615,0
4103,10199,36,9.27,27496.38,8,,18.82,8,1,debt_consolidation,OWN,27,,0
4104,12717,36,11.15,72151.94,20,612.0,6.25,6,0,debt_consolidation,OWN,58,0.013384804758867394,0
4105,38191,36,10.63,64071.64,7,626.0,10.13,3,1,credit_card,OWN,30,0.03642201585458596,0
4106,12211,36,8.12,89154.6,30,716.0,17.09,6,0,home_improvement,OWN,51,0.009450614108802201,0
4107,47550,60,11.23,81946.25,10,735.0,15.89,8,0,debt_consolidation,RENT,27,0.01922936664369117,0
4108,25360,36,14.72,89536.79,1,823.0,17.77,6,1,debt_consolidation,OWN,30,0.01515729505747656,0
4109,23542,36,11.51,90715.86,0,618.0,20.25,7,0,debt_consolidation,OWN,24,0.028424707990332726,0
4110,33312,36,9.37,41900.4,26,616.0,6.44,7,1,debt_consolidation,OWN,69,0.0297807461067749,0
4111,47242,36,15.78,71988.7,13,566.0,18.43,4,0,debt_consolidation,OWN,56,0.06692206472487951,1
4112,38435,36,18.83,76862.39,0,689.0,7.55,8,0,debt_consolidation,OWN,45,0.02205746105874956,0
4113,30247,36,15.82,44408.98,16,712.0,17.1,3,1,debt_consolidation,OWN,30,0.03192067846898582,0
4114,24357,36,7.51,90829.86,2,642.0,22.77,12,0,credit_card,RENT,49,0.02392629587866292,0
4115,43045,60,7.61,57281.49,20,588.0,21.04,6,0,home_improvement,OWN,71,0.04168640545402418,0
4116,29691,36,13.75,75991.02,10,800.0,9.92,9,0,debt_consolidation,OWN,70,0.008310584711899592,0
4117,14424,36,12.68,87585.9,1,702.0,9.05,7,0,debt_consolidation,RENT,21,0.00987798147335846,0
4118,20852,36,7.1,70697.04,0,606.0,29.64,4,1,credit_card,OWN,22,0.05273197853080703,0
4119,24601,60,13.15,105349.18,7,658.0,23.81,9,0,credit_card,RENT,36,0.029139730555452832,0
4120,20020,36,12.4,120456.99,27,818.0,16.34,7,0,debt_consolidation,OWN,50,0.007289529844202112,0
4121,10155,60,17.91,60449.85,9,737.0,27.33,8,0,credit_card,OWN,54,0.019836416773954355,0
4122,5583,60,10.26,83932.71,17,660.0,16.77,4,0,debt_consolidation,RENT,60,0.01243729958825137,0
4123,17515,60,17.55,119213.21,7,623.0,36.25,4,1,credit_card,OTHER,20,0.0936212395977094,0
4124,38777,60,17.72,44559.94,5,762.0,15.92,2,0,small_business,OWN,45,0.017921678374109525,0
4125,21710,60,9.31,8000.0,20,594.0,37.73,5,1,debt_consolidation,RENT,48,0.08666125007591709,0
4126,45178,36,13.42,84091.52,7,710.0,19.35,9,1,credit_card,RENT,29,0.044300820475210424,0
4127,26532,60,11.15,50344.72,1,709.0,8.27,6,0,other,RENT,42,0.010717945461989793,0
4128,20601,36,10.99,29935.21,3,746.0,18.27,7,0,home_improvement,RENT,55,0.011388695444319618,0
4129,6967,60,12.98,42185.58,9,714.0,23.62,4,1,small_business,MORTGAGE,51,0.02273482817619302,0
4130,20753,36,8.84,20991.41,6,717.0,18.12,4,0,debt_consolidation,OWN,45,0.011772577147763186,0
4131,22022,36,5.62,102468.88,5,700.0,13.32,1,0,credit_card,OWN,48,0.009141384541816098,0
4132,45463,36,9.87,96346.03,12,698.0,20.11,3,0,debt_consolidation,OWN,33,0.024107251598552402,0
4133,11135,36,16.72,54255.1,10,792.0,23.02,3,0,credit_card,RENT,32,0.011068738966160941,0
4134,7722,36,11.19,56386.79,4,681.0,12.4,5,0,major_purchase,RENT,61,0.010190465570535986,0
4135,29413,36,11.91,64887.17,5,732.0,17.52,8,0,debt_consolidation,RENT,23,0.015106029834153909,0
4136,29236,60,15.17,101812.36,16,656.0,9.99,5,0,home_improvement,OWN,58,0.019973367229133333,0
4137,17514,36,5.61,33491.75,26,618.0,20.9,6,0,credit_card,OTHER,63,0.01924219536392323,0
4138,45896,36,13.76,55856.44,4,651.0,10.5,2,1,debt_consolidation,OWN,19,0.04269337444667462,0
4139,39212,60,18.68,91195.8,4,665.0,19.87,9,0,home_improvement,MORTGAGE,59,0.04160817639966205,0
4140,42386,36,12.37,51633.13,3,617.0,27.1,4,0,credit_card,MORTGAGE,65,0.05407557866715116,0
4141,22331,36,4.31,39114.62,1,591.0,23.38,2,0,debt_consolidation,OTHER,18,0.024634124524813297,0
4142,20060,36,11.69,64158.22,5,752.0,16.0,4,0,debt_consolidation,MORTGAGE,67,0.009988323270030419,0
4143,3196,60,14.44,15426.16,8,644.0,7.51,2,0,debt_consolidation,RENT,70,0.010903802637221025,0
4144,14297,36,12.45,69287.61,8,663.0,18.17,3,0,credit_card,OWN,55,0.01691059032198816,0
4145,4787,36,13.09,53693.41,13,646.0,15.03,4,1,credit_card,RENT,43,0.023326553688051352,0
4146,25816,36,13.57,75899.0,0,541.0,18.21,5,0,small_business,OWN,59,0.04640729409818642,0
4147,42695,36,8.27,42638.38,9,778.0,18.89,3,0,debt_consolidation,OWN,51,0.012555022394782544,1
4148,21702,36,8.77,71314.61,3,625.0,14.79,4,1,debt_consolidation,MORTGAGE,36,0.029430256091410766,0
4149,27242,60,10.52,65269.46,3,741.0,12.51,3,0,major_purchase,RENT,35,0.010003563144571037,0
4150,4176,60,13.57,30478.29,19,,21.39,5,0,debt_consolidation,OWN,51,,0
4151,22127,36,7.24,36391.42,1,694.0,30.29,5,1,debt_consolidation,MORTGAGE,29,0.03396531114501768,0
4152,43560,36,20.23,90736.32,4,,19.51,7,1,debt_consolidation,RENT,35,,0
4153,29228,60,4.0,83944.32,10,609.0,17.44,1,0,debt_consolidation,OWN,22,0.01961136142864008,0
4154,22208,36,5.17,16748.55,10,655.0,26.23,9,0,major_purchase,OWN,41,0.021079694584090893,0
4155,30482,36,14.21,49114.58,0,643.0,15.95,5,0,debt_consolidation,OWN,64,0.026600618360188934,0
4156,11171,36,13.87,67890.68,0,653.0,28.34,3,0,credit_card,OWN,67,0.026923059623666333,0
4157,37219,36,11.71,73322.37,11,726.0,24.39,7,0,home_improvement,RENT,32,0.023418772152666675,0
4158,35396,60,14.7,66869.9,28,763.0,0.0,1,0,small_business,MORTGAGE,18,0.007576639705424365,0
4159,44589,36,14.27,69476.68,30,659.0,21.24,6,0,credit_card,OTHER,51,0.03957721555787832,0
4160,42546,36,12.0,51004.91,30,696.0,13.14,6,1,debt_consolidation,OWN,42,0.03262586325517455,0
4161,5696,36,13.07,64350.75,5,601.0,24.32,4,1,credit_card,RENT,70,0.04411743541124722,0
4162,22058,60,4.0,35514.3,3,828.0,5.07,4,0,credit_card,RENT,20,0.002917693249316569,0
4163,22313,36,11.47,50823.29,0,710.0,17.45,7,0,debt_consolidation,RENT,27,0.014453780762085306,0
4164,21149,36,11.81,8000.0,4,730.0,16.65,4,0,home_improvement,RENT,64,0.012003036083958555,0
4165,47740,36,19.65,33575.2,3,651.0,14.87,9,0,credit_card,MORTGAGE,55,0.04591766812536669,0
4166,43075,36,8.7,37999.5,9,744.0,26.06,9,0,debt_consolidation,MORTGAGE,41,0.022202450029681152,1
4167,6956,36,11.86,39244.03,5,688.0,40.5,4,1,small_business,MORTGAGE,64,0.04806785946161313,0
4168,12195,36,17.69,78226.18,3,738.0,20.01,8,1,credit_card,RENT,39,0.024862932583969138,0
4169,19076,36,14.24,20688.96,10,625.0,28.59,4,0,other,RENT,67,0.03831372842408218,0
4170,3105,36,12.1,44029.76,4,691.0,,9,0,credit_card,RENT,74,0.01057218830290946,0
4171,17417,60,15.85,76106.02,5,558.0,37.39,4,0,credit_card,MORTGAGE,69,0.08154334448387988,0
4172,26729,36,8.83,26879.01,10,717.0,24.2,2,1,debt_consolidation,MORTGAGE,43,0.026911534811053385,0
4173,48956,36,18.9,91720.47,0,713.0,24.6,6,1,debt_consolidation,RENT,71,0.07176553568220329,0
4174,32099,36,14.57,64465.28,18,569.0,17.07,7,0,debt_consolidation,MORTGAGE,33,0.04561981270220302,0
4175,34598,36,5.5,77229.31,29,612.0,10.39,4,0,debt_consolidation,RENT,38,0.017996103747919528,0
4176,31961,36,9.58,36387.8,7,631.0,27.1,7,0,credit_card,RENT,71,0.03683486718943636,0
4177,14602,60,4.0,41001.1,9,710.0,13.66,4,1,debt_consolidation,OWN,66,0.011756068339136,0
4178,11256,60,15.18,56434.7,5,511.0,2.0,3,0,credit_card,OWN,55,0.023617187605494618,0
4179,22584,36,14.25,80293.69,28,797.0,30.22,4,0,major_purchase,RENT,45,0.016000270402495295,0
4180,48980,36,10.16,79542.05,1,635.0,16.57,5,2,credit_card,OWN,59,0.08630573209780809,0
4181,36681,36,16.8,69930.74,20,850.0,20.8,4,1,credit_card,RENT,52,0.01975530822233336,0
4182,27792,36,11.67,,11,681.0,9.22,3,0,other,RENT,65,0.013415211776500659,0
4183,23904,36,22.49,40763.54,19,539.0,24.93,7,0,debt_consolidation,OWN,46,0.08995209419285902,1
4184,45361,36,7.2,86277.04,28,585.0,15.9,1,0,home_improvement,OTHER,68,0.03400076558869874,0
4185,36540,60,14.57,51154.38,8,681.0,19.44,5,0,major_purchase,MORTGAGE,70,0.02794701277910308,0
4186,28536,36,10.41,21480.13,4,598.0,,8,0,major_purchase,OTHER,69,0.02747070591618039,0
4187,21164,36,9.29,35977.94,18,620.0,17.57,4,0,debt_consolidation,RENT,59,0.021053297533004986,0
4188,14996,60,11.31,42409.82,22,532.0,12.31,5,0,credit_card,RENT,56,0.02835519643774932,0
4189,4871,36,13.47,51438.59,13,653.0,18.11,6,0,debt_consolidation,RENT,52,0.016100395927613524,0
4190,48002,36,12.23,58178.69,22,769.0,15.06,5,1,debt_consolidation,MORTGAGE,59,0.02557929276988409,0
4191,24626,36,14.71,25796.01,15,637.0,0.0,6,0,small_business,OWN,30,0.013600163115886594,0
4192,12521,36,14.43,47884.72,28,712.0,18.37,6,0,home_improvement,RENT,57,0.013990602931285017,0
4193,45410,60,17.81,51063.48,9,615.0,25.03,5,0,major_purchase,MORTGAGE,21,0.06977829166915156,0
4194,3132,60,7.2,54954.97,5,741.0,3.49,3,1,debt_consolidation,RENT,19,0.006037196718224538,0
4195,35467,60,5.77,40546.03,12,650.0,23.19,0,0,credit_card,RENT,34,0.023555467206208856,1
4196,16534,60,11.73,121808.72,0,695.0,23.21,1,1,debt_consolidation,OWN,34,0.027533826192977656,0
4197,25854,36,8.83,51098.35,8,633.0,27.68,5,0,home_improvement,RENT,45,0.03130354369496687,0
4198,44998,60,15.5,45117.98,18,659.0,20.33,2,0,debt_consolidation,OWN,62,0.03932257141930068,0
4199,41065,60,7.73,32550.03,1,600.0,16.19,4,0,credit_card,RENT,19,0.030631973233595858,0
4200,47607,36,9.8,79065.82,6,776.0,18.05,2,2,debt_consolidation,RENT,57,0.03835132882997633,0
4201,9812,36,10.67,13624.63,5,683.0,16.93,1,1,small_business,RENT,57,0.01924521510552414,0
4202,6557,36,19.06,15529.0,5,632.0,8.66,0,0,credit_card,RENT,68,0.016119733572617003,0
4203,4179,36,20.43,59161.5,11,664.0,15.02,3,0,debt_consolidation,OWN,31,0.018019445957975125,0
4204,45798,36,7.43,71630.84,8,705.0,21.94,3,0,debt_consolidation,RENT,42,0.022205923815435135,0
4205,11065,60,4.0,57778.02,19,720.0,17.32,6,0,credit_card,OWN,20,0.00742168349649177,0
4206,10275,60,9.7,110732.41,0,645.0,14.37,7,0,credit_card,RENT,31,0.013590507554708397,0
4207,49857,36,11.85,47005.92,7,722.0,18.68,6,1,credit_card,OWN,53,0.039728013310354915,0
4208,37948,36,11.83,52422.49,0,679.0,12.13,2,0,credit_card,RENT,41,0.018554029047158752,0
4209,22700,60,11.66,58988.87,2,631.0,19.32,5,0,home_improvement,RENT,53,0.02469378249084811,0
4210,41464,36,15.26,61045.3,18,657.0,21.53,5,3,debt_consolidation,RENT,28,0.15597057369264186,0
4211,44351,36,10.39,56916.4,0,642.0,19.2,5,0,debt_consolidation,RENT,43,0.033006731777549904,0
4212,29794,60,12.85,55656.39,0,793.0,9.89,3,1,debt_consolidation,OWN,22,0.01281779737177,0
4213,30783,60,14.58,27346.05,6,687.0,24.85,6,0,major_purchase,MORTGAGE,24,0.030080382045320108,0
4214,18998,60,12.88,77214.54,18,725.0,11.66,7,0,other,RENT,29,0.010564450397069167,0
4215,15869,36,14.7,84478.71,10,752.0,18.26,6,0,debt_consolidation,OWN,72,0.011900299925968836,0
4216,46525,36,5.17,48210.5,18,685.0,28.9,4,0,debt_consolidation,RENT,71,0.030031988389288174,0
4217,30152,60,12.46,58895.63,0,737.0,4.42,3,1,other,RENT,74,0.01421472721257903,0
4218,22954,36,12.92,98878.43,9,682.0,11.28,5,0,debt_consolidation,OWN,49,0.014263011433265584,0
4219,33555,60,11.34,41168.47,7,674.0,18.5,4,0,credit_card,RENT,62,0.02240305784544957,0
4220,18654,36,9.61,65136.6,25,661.0,14.13,0,0,debt_consolidation,MORTGAGE,18,0.013423684970961546,0
4221,47026,36,13.84,62482.44,16,653.0,6.09,9,0,major_purchase,MORTGAGE,57,0.024082796568547248,0
4222,37236,36,12.49,100107.2,6,712.0,18.37,6,1,home_improvement,OWN,21,0.03363481857008409,0
4223,48976,36,11.79,106439.64,9,616.0,0.4,0,0,debt_consolidation,RENT,18,0.020613503114369082,0
4224,17042,60,10.69,79905.22,6,610.0,35.43,3,0,credit_card,MORTGAGE,42,0.04362749148995868,0
4225,27966,36,10.84,148563.51,7,733.0,,4,0,credit_card,OWN,73,0.012048659941544785,0
4226,46314,60,8.94,60715.69,10,750.0,11.06,4,1,home_improvement,OTHER,19,0.019951064583946347,0
4227,47095,60,10.1,8000.0,2,781.0,15.54,7,0,home_improvement,RENT,59,0.01341997729902128,0
4228,16270,36,8.24,47217.14,4,656.0,5.25,4,0,credit_card,MORTGAGE,52,0.009025812135079012,0
4229,32908,60,10.45,48724.49,3,576.0,28.88,6,2,home_improvement,RENT,18,0.1406212063193234,0
4230,17523,36,13.46,98757.19,19,566.0,19.17,5,1,small_business,MORTGAGE,36,0.05701478412153541,0
4231,49068,60,15.28,55332.7,27,760.0,7.09,4,0,home_improvement,MORTGAGE,41,0.014188407440319087,0
4232,21991,36,11.8,93156.07,6,732.0,15.04,2,0,credit_card,MORTGAGE,58,0.011089775453868743,0
4233,12775,36,11.68,80111.14,0,708.0,23.73,6,0,small_business,MORTGAGE,19,0.015530455431954132,0
4234,14265,36,12.58,67356.68,0,718.0,22.48,4,0,debt_consolidation,RENT,60,0.014708673595509456,0
4235,21459,36,15.93,70083.53,6,721.0,22.54,4,1,major_purchase,RENT,32,0.032024051826077475,0
4236,18673,60,11.1,67105.99,6,794.0,19.02,8,0,credit_card,RENT,33,0.008622331810926191,0
4237,29056,36,13.85,88442.31,1,615.0,0.0,2,0,major_purchase,OWN,66,0.015575163286529265,0
4238,8614,36,13.48,53744.29,20,627.0,37.59,4,0,home_improvement,OWN,63,0.04220399225428992,0
4239,38020,36,9.51,50452.91,8,709.0,15.23,4,0,debt_consolidation,RENT,22,0.0160021598236405,0
4240,9415,60,14.83,70260.63,0,726.0,20.77,8,1,other,OWN,42,0.022634176919427065,0
4241,25155,36,4.0,64876.2,0,608.0,31.3,2,1,debt_consolidation,RENT,31,0.05103307468979028,0
4242,45884,36,16.25,54787.92,7,730.0,19.85,5,0,credit_card,RENT,54,0.027765035364800038,0
4243,18964,36,7.22,114633.76,0,653.0,29.76,3,1,debt_consolidation,RENT,68,0.03889118557219585,0
4244,39726,36,11.44,77856.87,9,711.0,27.25,3,0,credit_card,MORTGAGE,53,0.02848497442426246,0
4245,39044,60,15.32,46030.39,5,602.0,30.72,3,1,credit_card,MORTGAGE,51,0.11341533643993013,0
4246,39544,60,10.29,74985.03,26,564.0,22.93,10,0,debt_consolidation,MORTGAGE,34,0.0567101713142928,0
4247,34252,60,12.94,36463.43,6,714.0,15.49,5,0,credit_card,OWN,56,0.017423471471047548,0
4248,5832,36,15.38,31352.16,10,800.0,14.11,3,0,major_purchase,OWN,70,0.006243445923227278,0
4249,27275,60,19.39,80039.43,20,682.0,32.53,4,0,small_business,OWN,56,0.04807152018119077,0
4250,16901,36,11.94,38530.62,4,790.0,16.6,2,0,debt_consolidation,RENT,49,0.0076075308898367975,0
4251,40213,60,12.72,61031.26,8,597.0,25.72,3,0,debt_consolidation,RENT,53,0.05556989942445546,0
4252,36148,36,12.16,34002.8,0,627.0,13.19,7,1,debt_consolidation,MORTGAGE,25,0.04379553056766505,0
4253,44633,36,11.11,52753.77,6,710.0,14.92,5,1,debt_consolidation,RENT,63,0.03182871959700664,0
4254,24918,36,6.62,49197.81,5,712.0,19.41,6,0,home_improvement,OWN,69,0.012664088581661816,0
4255,48694,36,7.52,57635.28,6,650.0,14.52,6,1,other,OWN,31,0.040725610860553686,0
4256,21540,36,11.94,117682.61,0,715.0,12.99,5,1,debt_consolidation,OWN,73,0.019028603633706932,0
4257,13580,60,13.36,92051.74,6,648.0,15.65,6,1,debt_consolidation,RENT,23,0.02896146500393955,0
4258,40402,36,17.05,57178.88,23,687.0,23.94,2,0,home_improvement,MORTGAGE,63,0.03791120624264244,0
4259,40578,60,11.16,54840.58,27,701.0,14.03,6,0,credit_card,OTHER,40,0.018610563687711305,0
4260,26917,36,18.11,42365.64,3,791.0,18.26,6,0,debt_consolidation,OWN,20,0.013901493148753176,0
4261,24318,36,7.18,34062.87,4,627.0,31.63,6,1,debt_consolidation,RENT,21,0.05512548491679428,0
4262,12179,60,12.84,56278.37,0,716.0,,3,0,credit_card,RENT,73,0.010661261792424484,0
4263,14251,36,10.93,93319.53,0,731.0,28.62,3,0,home_improvement,RENT,36,0.01583329962860258,0
4264,47899,36,6.75,8000.0,5,817.0,20.24,6,1,debt_consolidation,MORTGAGE,37,0.018218700638056043,0
4265,21493,60,5.23,85538.57,13,771.0,17.07,1,0,major_purchase,RENT,43,0.006747318015576911,0
4266,22466,36,10.26,,4,721.0,30.25,3,0,credit_card,RENT,60,0.020358663009451522,0
4267,32206,36,10.56,8000.0,0,563.0,7.35,3,0,credit_card,MORTGAGE,25,0.025783972380383224,0
4268,47475,60,8.45,60924.93,15,709.0,24.92,3,0,home_improvement,OWN,18,0.02646269858661858,0
4269,21624,36,15.05,49091.54,7,747.0,28.37,6,1,small_business,OWN,34,0.03382254258832004,0
4270,28564,60,10.38,55833.12,8,615.0,5.97,2,1,debt_consolidation,MORTGAGE,25,0.026833084299671826,0
4271,24412,36,8.05,65358.77,4,628.0,12.89,2,0,credit_card,OWN,30,0.016436786623403147,0
4272,29990,36,11.06,,10,789.0,19.98,4,0,debt_consolidation,OWN,64,0.0110742134153535,0
4273,37517,36,9.47,25732.2,24,755.0,21.81,6,1,debt_consolidation,OWN,31,0.025988727263784372,0
4274,15156,60,18.59,100673.33,9,589.0,26.87,8,0,debt_consolidation,RENT,53,0.05232288505858258,0
4275,25064,36,10.74,48110.8,9,682.0,9.07,6,0,other,OWN,70,0.012359179784598879,0
4276,27711,60,8.33,125757.14,5,679.0,12.37,5,0,debt_consolidation,RENT,35,0.013275377399267974,0
4277,32106,36,18.58,36442.55,0,775.0,30.78,2,0,debt_consolidation,MORTGAGE,35,0.027180995834464504,0
4278,18589,36,14.9,33561.1,6,780.0,24.73,3,0,small_business,OWN,61,0.01346613019071404,0
4279,25736,60,12.43,68092.9,26,698.0,22.9,9,0,debt_consolidation,OWN,66,0.02197177187151065,0
4280,22975,36,8.81,82464.39,12,620.0,18.03,5,2,debt_consolidation,RENT,45,0.057389056093863355,0
4281,38218,36,15.07,91841.27,7,654.0,17.62,5,0,major_purchase,OWN,58,0.03225361262775116,0
4282,9214,36,6.15,35300.72,10,571.0,,6,1,credit_card,OWN,66,0.028630899039778942,0
4283,32581,36,14.77,51658.19,9,587.0,24.64,5,1,credit_card,RENT,33,0.08736191240810608,0
4284,22195,36,13.0,106649.07,26,842.0,18.83,6,0,debt_consolidation,MORTGAGE,34,0.007429053728404578,0
4285,46582,36,15.96,50777.81,2,662.0,7.8,6,1,credit_card,MORTGAGE,18,0.04227519375937048,0
4286,29127,36,4.0,82257.73,24,662.0,7.33,6,0,major_purchase,RENT,21,0.010088094386572249,0
4287,7141,36,8.32,12648.31,13,672.0,24.54,1,1,credit_card,OWN,52,0.02339454184224988,0
4288,30884,36,8.0,19682.2,1,,21.25,5,1,home_improvement,RENT,46,,0
4289,26885,36,7.53,84153.18,5,705.0,15.75,7,1,debt_consolidation,MORTGAGE,40,0.020516418642445047,0
4290,4708,60,13.7,56293.15,6,624.0,6.14,5,0,other,RENT,22,0.01190006475460882,0
4291,20375,60,10.82,78901.62,0,771.0,28.69,6,0,home_improvement,OTHER,32,0.014487151655560313,0
4292,17088,36,8.51,44308.06,9,641.0,13.09,10,0,debt_consolidation,OWN,34,0.014699401385398155,0
4293,46602,36,7.59,18594.07,3,577.0,14.99,7,0,debt_consolidation,RENT,19,0.03802077989878962,0
4294,47046,60,8.16,62316.87,7,597.0,16.76,6,0,small_business,RENT,31,0.03723070464136939,0
4295,12014,36,15.46,25077.66,7,679.0,8.46,2,0,debt_consolidation,OWN,33,0.011517310114076093,0
4296,5273,36,11.73,63129.65,8,735.0,7.15,7,0,debt_consolidation,RENT,53,0.005987713187663064,0
4297,49135,36,15.33,35857.83,22,728.0,19.54,4,0,credit_card,RENT,71,0.027998674455740308,0
4298,39306,60,22.66,76310.93,18,757.0,28.35,2,0,debt_consolidation,MORTGAGE,55,0.038461384056074195,0
4299,32881,36,11.93,53247.55,23,604.0,37.65,4,1,home_improvement,MORTGAGE,37,0.11166158834350588,0
4300,33486,60,6.33,52450.11,9,759.0,22.68,5,0,debt_consolidation,OWN,41,0.012609937100114625,0
4301,14541,60,11.45,68543.26,10,710.0,32.84,5,0,debt_consolidation,OWN,61,0.022246345573094618,0
4302,10712,36,19.52,83222.4,6,,23.02,5,0,debt_consolidation,RENT,33,,0
4303,11168,60,16.35,64561.69,14,635.0,27.68,8,0,other,OWN,54,0.03449156622704003,0
4304,5551,36,9.42,,2,625.0,17.87,7,0,credit_card,OWN,32,0.015778852826952548,0
4305,14297,36,10.78,103527.12,7,712.0,20.71,6,0,debt_consolidation,MORTGAGE,41,0.013273019760312353,0
4306,45733,36,15.1,42455.78,14,684.0,21.4,7,0,credit_card,MORTGAGE,31,0.0370283548724136,0
4307,29128,36,13.92,32066.71,18,571.0,18.91,4,2,small_business,MORTGAGE,63,0.10899577978903087,0
4308,4832,36,15.14,29440.9,3,662.0,15.44,7,0,home_improvement,RENT,29,0.015056714847928955,0
4309,30483,36,11.04,105063.01,2,654.0,24.08,8,0,home_improvement,RENT,38,0.030203161511226696,0
4310,24063,36,13.55,29548.04,4,751.0,14.96,4,0,credit_card,MORTGAGE,43,0.011443318039915034,0
4311,24963,36,10.78,50286.77,26,701.0,21.47,8,0,home_improvement,RENT,42,0.018361987260632314,0
4312,15422,36,17.57,60277.57,1,655.0,16.21,3,0,credit_card,OWN,19,0.0215697000152753,0
4313,34920,60,5.89,104273.2,28,633.0,30.49,6,1,debt_consolidation,OTHER,59,0.058662558267256734,0
4314,13156,36,5.91,27238.43,30,696.0,27.91,5,0,debt_consolidation,RENT,38,0.01475977382984685,0
4315,13108,36,9.14,87176.01,18,642.0,13.46,3,1,credit_card,MORTGAGE,62,0.021574343482575586,0
4316,33845,36,9.29,60352.41,17,593.0,15.89,5,0,debt_consolidation,OWN,25,0.029857699963686053,0
4317,4800,36,5.89,56807.11,28,701.0,15.47,6,0,debt_consolidation,OWN,32,0.007489764278790837,0
4318,40078,36,5.17,59335.77,4,675.0,19.31,3,1,home_improvement,OWN,27,0.03114262360171959,0
4319,44712,36,16.27,42403.45,1,669.0,1.24,9,0,credit_card,MORTGAGE,64,0.01951890272969605,0
4320,4610,36,11.33,49610.87,20,684.0,21.67,5,0,debt_consolidation,RENT,58,0.013673874696270214,0
4321,14067,36,11.03,41897.67,1,713.0,6.97,4,0,credit_card,RENT,53,0.0075670211495093625,0
4322,35872,60,12.23,27215.22,0,601.0,13.41,4,0,debt_consolidation,RENT,71,0.03074918284134301,0
4323,12728,60,18.39,30569.84,2,,23.03,8,0,debt_consolidation,RENT,48,,0
4324,31566,36,12.47,89568.36,6,769.0,31.94,7,0,debt_consolidation,RENT,71,0.02271883674388444,0
4325,31783,60,11.56,51244.65,8,747.0,16.9,8,0,debt_consolidation,RENT,73,0.013893544609814842,0
4326,22583,36,9.45,76778.8,0,802.0,21.46,5,0,credit_card,RENT,52,0.008754104119159611,0
4327,22238,36,14.4,55560.25,7,728.0,8.93,4,0,credit_card,RENT,43,0.010394392597199266,0
4328,9263,60,11.74,55132.11,10,722.0,15.14,2,1,credit_card,OWN,64,0.015006671487630923,0
4329,3914,36,18.61,58101.14,27,675.0,11.57,4,1,debt_consolidation,OWN,34,0.022130488703034665,1
4330,25749,36,11.36,78262.65,2,590.0,19.77,3,0,credit_card,RENT,36,0.03272891038775791,0
4331,21456,36,16.03,42846.61,2,721.0,9.54,5,0,home_improvement,RENT,69,0.011964437303727928,0
4332,27582,36,9.16,56145.4,6,675.0,27.25,5,1,other,RENT,21,0.0410770955410745,0
4333,2406,36,9.12,82604.83,30,578.0,12.47,7,0,small_business,MORTGAGE,60,0.015595108194919704,0
4334,15689,36,4.69,87095.37,5,715.0,16.07,2,0,major_purchase,RENT,73,0.007931735938894022,0
4335,34934,36,15.18,97131.37,0,747.0,12.12,5,0,debt_consolidation,RENT,39,0.014209683533938209,0
4336,35276,36,11.85,35939.52,3,632.0,7.87,6,1,major_purchase,OTHER,42,0.033272674542420035,0
4337,38432,60,14.56,44007.85,9,658.0,4.98,4,0,debt_consolidation,RENT,42,0.018666900941934104,0
4338,21873,36,18.78,55033.92,6,702.0,0.0,5,0,debt_consolidation,OWN,20,0.010607393164972091,0
4339,15050,60,8.61,27121.66,18,627.0,16.96,15,1,debt_consolidation,OWN,74,0.03070629454362699,0
4340,2680,36,8.01,81810.74,10,671.0,25.98,5,0,debt_consolidation,OWN,29,0.014305533703331387,0
4341,20908,60,8.85,67211.72,9,694.0,14.0,4,0,credit_card,MORTGAGE,28,0.011505703543168086,0
4342,20504,60,4.0,56132.03,4,728.0,7.68,5,1,credit_card,OWN,50,0.00946429140008003,0
4343,23644,36,11.23,85742.54,9,679.0,11.49,4,0,credit_card,RENT,50,0.013519372911385084,0
4344,39125,36,15.54,41118.74,10,712.0,15.57,9,0,home_improvement,OWN,51,0.022984105697026573,0
4345,3363,36,12.2,88217.42,2,668.0,12.05,3,0,major_purchase,MORTGAGE,24,0.010264564974367495,0
4346,44291,60,5.72,103548.74,15,689.0,25.49,2,1,debt_consolidation,RENT,45,0.04021072515713107,0
4347,37060,36,10.57,67695.14,6,701.0,28.32,6,1,major_purchase,MORTGAGE,18,0.04772038680900734,0
4348,3538,36,12.5,59821.51,16,532.0,15.87,4,1,home_improvement,RENT,23,0.044300820475210445,0
4349,38176,36,15.85,64208.83,2,,5.02,2,0,home_improvement,MORTGAGE,50,,0
4350,43520,60,15.19,25271.96,11,748.0,9.88,7,0,debt_consolidation,OWN,69,0.015628610704124343,0
4351,27675,36,10.62,55088.31,0,558.0,16.85,8,0,debt_consolidation,OWN,48,0.0369870146619526,0
4352,20287,36,10.61,111450.94,1,704.0,7.03,8,0,debt_consolidation,MORTGAGE,74,0.009225093915084174,0
4353,2174,36,14.38,113122.03,24,763.0,17.94,5,0,small_business,OWN,51,0.008179427954616191,0
4354,28732,60,9.63,62284.58,7,748.0,21.17,2,0,credit_card,RENT,71,0.013189460518045506,1
4355,36998,36,15.42,46383.08,8,730.0,16.36,1,0,debt_consolidation,RENT,30,0.018805155446944,0
4356,39055,36,9.36,85721.2,25,784.0,17.84,5,1,debt_consolidation,MORTGAGE,68,0.019052885283340582,0
4357,14112,36,18.2,59105.26,7,753.0,10.32,4,0,debt_consolidation,OTHER,74,0.009728109123940967,0
4358,41874,36,12.94,83660.22,11,657.0,12.01,3,0,small_business,OWN,52,0.024194923767643407,0
4359,11689,60,4.16,41424.25,2,723.0,17.49,6,0,home_improvement,OWN,41,0.00749035899563964,0
4360,46814,36,14.56,67641.93,0,597.0,13.67,7,1,credit_card,MORTGAGE,62,0.0723647032505449,1
4361,21555,36,13.02,50970.26,5,738.0,18.07,8,0,credit_card,RENT,52,0.01347835767305528,0
4362,35919,60,13.94,59859.66,19,676.0,9.0,5,1,credit_card,OWN,69,0.029868709093111685,0
4363,9619,60,21.01,45730.51,7,745.0,6.01,3,0,debt_consolidation,OTHER,48,0.008953472831976587,0
4364,8033,36,10.95,,1,696.0,16.04,7,0,debt_consolidation,OWN,57,0.010919343850193247,0
4365,43328,36,5.79,67571.79,9,740.0,27.11,7,1,credit_card,OWN,61,0.03294104537938074,0
4366,6946,60,17.07,77394.48,3,689.0,5.19,11,0,debt_consolidation,OWN,48,0.010211467128994988,0
4367,26618,36,4.88,55985.48,27,665.0,29.07,2,0,debt_consolidation,RENT,38,0.022295120988925395,0
4368,36675,60,9.01,96253.88,9,699.0,29.69,5,1,debt_consolidation,OWN,54,0.0464241133867626,0
4369,38258,60,12.17,27829.36,30,588.0,2.83,4,0,credit_card,OWN,62,0.022951791494650813,0
4370,20919,36,8.41,22594.94,0,674.0,28.06,8,0,debt_consolidation,OWN,50,0.022916386677223954,0
4371,6173,60,11.74,45160.85,0,653.0,6.91,5,0,major_purchase,MORTGAGE,39,0.009649622516884782,0
4372,45833,36,11.46,60267.14,7,597.0,21.54,2,1,credit_card,RENT,60,0.07865669278205989,0
4373,28400,36,18.14,100594.24,23,638.0,30.47,5,0,home_improvement,RENT,53,0.055503809266508115,0
4374,6769,36,4.0,55354.03,8,602.0,21.01,9,0,credit_card,OTHER,69,0.01636322916747298,0
4375,39564,60,12.35,36346.41,23,587.0,22.28,11,0,credit_card,RENT,42,0.054063303642395935,0
4376,47814,36,8.32,43947.6,1,646.0,24.46,5,0,home_improvement,RENT,50,0.03822392591306969,0
4377,16211,36,9.75,62024.16,13,710.0,42.75,6,0,debt_consolidation,RENT,42,0.03142323968788739,0
4378,25255,60,14.72,33084.47,11,590.0,13.17,2,0,credit_card,RENT,35,0.0292525384256858,0
4379,29962,36,14.07,108248.16,9,677.0,27.93,4,0,debt_consolidation,OWN,50,0.033827771550841004,0
4380,21356,36,13.37,8000.0,6,692.0,7.84,9,2,debt_consolidation,OWN,68,0.03220869571289204,0
4381,22306,60,6.97,40923.23,10,673.0,8.3,0,0,credit_card,RENT,62,0.009364877686645626,0
4382,6997,60,16.74,45960.11,9,730.0,20.89,6,0,credit_card,RENT,27,0.0139605619638071,0
4383,19376,60,8.5,35626.76,3,850.0,25.68,12,0,other,RENT,41,0.00746319861698271,0
4384,42880,60,17.55,76824.13,0,779.0,22.89,4,1,home_improvement,OWN,41,0.037931636939097166,0
4385,40055,36,9.4,43589.47,6,642.0,14.79,5,1,credit_card,OWN,67,0.039570374170162355,0
4386,12578,36,16.12,75511.08,8,622.0,14.95,6,0,small_business,OWN,26,0.022611181591977655,0
4387,20624,36,12.41,99491.39,8,652.0,11.23,4,0,major_purchase,RENT,33,0.015676065282654812,0
4388,41194,36,5.3,90930.35,6,711.0,,2,1,credit_card,RENT,30,0.021729402903532057,0
4389,46367,36,10.58,63991.79,4,683.0,22.15,5,0,debt_consolidation,RENT,52,0.03060051361387316,0
4390,2389,60,18.81,60045.36,5,683.0,26.99,3,0,credit_card,RENT,69,0.022974676134982,0
4391,35767,36,15.29,82099.66,3,686.0,,2,0,credit_card,OWN,51,0.022617370395684153,0
4392,47580,36,10.26,52841.96,9,685.0,47.27,3,0,debt_consolidation,RENT,33,0.07765810864745225,0
4393,3855,36,17.21,47812.1,22,696.0,9.0,6,0,debt_consolidation,RENT,63,0.010268019678828493,0
4394,42893,36,13.13,35235.36,24,736.0,10.18,5,0,credit_card,OWN,31,0.014855180435701222,0
4395,15794,36,18.57,67713.78,30,701.0,16.73,9,0,debt_consolidation,RENT,67,0.018846161612942117,0
4396,37531,36,11.68,33601.23,0,614.0,18.0,8,2,debt_consolidation,MORTGAGE,50,0.09117432216499004,0
4397,6986,36,10.83,42310.24,2,736.0,22.96,12,0,credit_card,MORTGAGE,27,0.01158513159499008,0
4398,34298,36,15.95,112601.02,15,745.0,23.15,6,0,debt_consolidation,MORTGAGE,37,0.022965250350618024,0
4399,3481,60,13.01,76847.24,10,671.0,23.21,6,0,debt_consolidation,RENT,60,0.0168323007647228,0
4400,5731,60,14.23,70088.62,1,699.0,29.97,7,0,debt_consolidation,OWN,55,0.020855122811365794,0
4401,18835,36,8.55,41987.05,10,652.0,25.95,6,1,debt_consolidation,MORTGAGE,28,0.036976330453488415,0
4402,29798,60,16.68,79283.48,6,633.0,7.71,3,1,debt_consolidation,MORTGAGE,65,0.036276299992615085,0
4403,28113,36,15.93,34581.42,28,641.0,14.92,5,0,major_purchase,RENT,35,0.026845621420409062,0
4404,21477,36,17.41,21868.83,22,645.0,13.17,4,1,home_improvement,RENT,29,0.03721350306462203,0
4405,19266,36,6.56,,0,767.0,16.48,5,0,credit_card,MORTGAGE,18,0.007178360612030818,0
4406,22792,36,7.35,30507.34,0,676.0,28.13,7,1,debt_consolidation,OWN,22,0.03600389941126844,0
4407,22452,60,9.01,71627.2,6,631.0,24.12,9,0,debt_consolidation,RENT,67,0.027075953730004716,0
4408,45526,36,11.04,69147.92,0,666.0,17.1,7,0,debt_consolidation,MORTGAGE,33,0.02848497442426246,0
4409,43334,60,6.67,65703.08,0,720.0,27.55,3,0,debt_consolidation,RENT,71,0.023252398280530027,0
4410,13889,36,14.55,74591.06,27,767.0,25.99,6,0,small_business,RENT,72,0.014103616604205832,0
4411,26335,36,10.25,73502.49,19,713.0,7.01,6,0,other,RENT,26,0.00948606551731694,0
4412,13254,60,17.02,43076.66,12,679.0,10.57,3,0,debt_consolidation,MORTGAGE,18,0.013992810281480925,0
4413,23074,36,20.4,71998.64,21,784.0,21.27,5,0,debt_consolidation,RENT,19,0.016762276671636666,0
4414,13442,36,9.62,67843.99,3,667.0,16.89,5,1,debt_consolidation,RENT,24,0.022388607634725093,0
4415,48289,36,8.93,44599.12,15,663.0,24.13,3,0,major_purchase,OWN,39,0.03487390228709576,0
4416,39327,36,14.99,51057.24,10,611.0,14.73,5,0,credit_card,RENT,40,0.037660336880900334,0
4417,18199,36,12.39,81308.55,22,643.0,24.59,4,0,debt_consolidation,RENT,73,0.026573185521656863,0
4418,9291,36,13.48,27114.56,4,610.0,17.95,4,0,credit_card,MORTGAGE,45,0.022049265594094692,0
4419,42928,36,17.32,68337.03,17,602.0,22.77,3,0,credit_card,OWN,70,0.06317191334755626,0
4420,2112,36,10.91,57291.83,22,675.0,21.13,9,0,credit_card,RENT,45,0.013693309439028967,0
4421,23515,36,7.74,59297.0,9,650.0,15.73,11,0,small_business,OWN,41,0.017065224962956378,0
4422,21581,36,7.08,52904.86,6,752.0,31.65,3,0,debt_consolidation,MORTGAGE,29,0.015062351290406674,0
4423,28500,36,11.29,70528.65,28,698.0,15.86,7,0,debt_consolidation,OWN,67,0.016316938711408775,0
4424,34026,36,10.59,20578.27,1,722.0,35.81,5,0,credit_card,OWN,45,0.03262270726104998,0
4425,18523,36,15.46,66303.07,0,708.0,3.46,10,1,debt_consolidation,MORTGAGE,71,0.01604567713827062,0
4426,3424,36,17.57,33783.99,2,615.0,9.35,7,0,debt_consolidation,RENT,19,0.017140535308237045,1
4427,21552,36,17.55,85790.48,12,668.0,19.9,6,1,credit_card,RENT,43,0.043377831067002985,0
4428,12808,36,9.2,27678.82,18,705.0,5.68,6,1,credit_card,OTHER,23,0.01124369909895695,0
4429,40811,36,8.79,8000.0,14,575.0,13.74,4,0,debt_consolidation,MORTGAGE,47,0.03374224541096461,0
4430,8989,36,4.75,17543.26,6,574.0,24.68,6,0,debt_consolidation,RENT,54,0.023441653388791048,0
4431,25620,36,12.01,58585.64,29,691.0,16.56,5,0,credit_card,OWN,73,0.01677909588921992,0
4432,41029,36,15.54,21176.57,7,665.0,23.89,10,1,debt_consolidation,RENT,23,0.06999149477862884,0
4433,2887,36,9.17,27337.92,29,471.0,29.33,3,0,credit_card,MORTGAGE,72,0.05434321139755925,0
4434,33802,36,6.08,42557.25,26,572.0,21.98,7,1,other,MORTGAGE,51,0.05993096486462364,0
4435,21488,36,19.54,73222.33,6,621.0,9.83,5,0,credit_card,MORTGAGE,20,0.02593107524156713,0
4436,32013,36,9.18,40813.34,1,710.0,16.97,2,0,debt_consolidation,RENT,55,0.014601239066535002,0
4437,18402,36,11.55,54752.18,0,650.0,17.56,4,0,debt_consolidation,MORTGAGE,69,0.01866873287488467,0
4438,23205,60,10.13,54342.2,8,749.0,19.14,4,0,debt_consolidation,MORTGAGE,40,0.011342401651437493,0
4439,28049,36,6.67,23864.14,17,637.0,14.66,7,0,credit_card,RENT,48,0.017616946483408617,0
4440,14253,60,15.61,,2,647.0,18.81,4,0,debt_consolidation,OWN,65,0.02244383021219517,0
4441,20990,60,5.0,116288.06,4,819.0,25.11,7,1,debt_consolidation,MORTGAGE,27,0.011893481820334019,0
4442,9846,36,16.5,16788.84,10,731.0,0.0,6,0,credit_card,OTHER,72,0.006342749369313699,0
4443,27027,36,13.07,37934.89,7,743.0,22.85,6,0,other,MORTGAGE,66,0.017293836347162896,0
4444,41200,36,10.93,28185.57,10,635.0,12.55,9,1,other,OWN,41,0.043210495360593064,0
4445,48220,36,10.99,55045.96,12,666.0,2.97,5,0,debt_consolidation,OWN,24,0.016901615367468464,0
4446,48163,36,13.82,23723.82,5,682.0,4.62,3,0,credit_card,RENT,57,0.01847044932005772,0
4447,5765,60,9.43,91324.61,18,666.0,21.28,7,0,debt_consolidation,RENT,22,0.014230991071358978,0
4448,17950,60,12.71,95343.71,14,690.0,15.75,2,1,debt_consolidation,RENT,32,0.023078609406792808,0
4449,47270,36,8.45,77305.47,13,689.0,30.18,9,0,home_improvement,OWN,68,0.03846064442078179,0
4450,11741,36,4.0,83394.39,1,669.0,29.28,9,2,credit_card,RENT,35,0.04444754203945816,0
4451,24742,36,14.47,62883.66,7,665.0,8.48,2,1,credit_card,RENT,40,0.025026866680540917,0
4452,26703,60,21.75,86994.19,9,763.0,17.34,3,0,credit_card,RENT,74,0.01829182233027761,0
4453,40709,60,14.26,52413.99,2,628.0,29.2,6,0,debt_consolidation,RENT,36,0.059366694902096444,0
4454,39623,60,11.81,46588.41,17,,11.17,6,0,credit_card,MORTGAGE,62,,0
4455,24931,36,10.41,76600.21,0,594.0,32.06,6,0,debt_consolidation,OWN,20,0.04961943063575928,0
4456,25580,36,10.54,50364.27,1,625.0,17.1,9,0,credit_card,MORTGAGE,24,0.02442547282769707,0
4457,17166,36,10.41,113454.24,6,651.0,20.88,7,0,debt_consolidation,RENT,55,0.020095090585370727,0
4458,31240,36,12.8,86351.82,1,687.0,18.57,1,0,debt_consolidation,MORTGAGE,47,0.020746763886280804,0
4459,27991,60,4.0,46062.49,0,730.0,19.61,7,1,debt_consolidation,OWN,64,0.017709602126155796,0
4460,40556,60,4.0,55786.15,6,731.0,24.52,7,1,credit_card,OWN,46,0.02727634991976693,0
4461,34969,36,13.8,56482.14,10,761.0,11.19,3,0,debt_consolidation,OTHER,31,0.011554940122782823,0
4462,12561,36,11.2,41232.54,8,620.0,19.27,2,0,debt_consolidation,RENT,23,0.020472656223949105,0
4463,18901,36,8.06,82212.05,0,629.0,19.1,4,1,major_purchase,OWN,32,0.03109920414880722,0
4464,42505,60,7.95,38181.63,3,614.0,20.33,5,0,major_purchase,MORTGAGE,47,0.0347838119705689,0
4465,32020,36,9.77,57664.55,8,787.0,27.27,9,0,debt_consolidation,MORTGAGE,68,0.01533294179005219,0
4466,27917,36,10.33,40739.47,16,713.0,18.06,5,2,debt_consolidation,OWN,48,0.039896212347518493,0
4467,3988,36,17.69,46323.11,19,733.0,21.65,1,0,debt_consolidation,RENT,30,0.01328507425630089,0
4468,46505,36,7.72,79217.3,8,611.0,31.24,4,0,debt_consolidation,RENT,28,0.05677011449200969,0
4469,16256,60,15.06,76952.66,10,,24.28,5,1,home_improvement,RENT,26,,0
4470,24192,36,14.36,51257.95,25,713.0,18.58,2,1,debt_consolidation,RENT,70,0.02757294571402624,1
4471,30230,36,11.16,88429.32,0,595.0,14.64,8,0,debt_consolidation,MORTGAGE,19,0.029546448229853278,0
4472,41930,36,15.06,74324.24,0,650.0,28.37,7,0,small_business,RENT,20,0.05449552669141596,0
4473,47833,36,13.77,62930.35,7,706.0,8.5,7,1,debt_consolidation,OWN,53,0.031345417384219226,1
4474,24625,36,6.98,82705.46,10,550.0,22.03,4,1,debt_consolidation,OWN,45,0.058014330718684844,0
4475,34088,36,9.63,95473.37,0,769.0,19.48,7,1,credit_card,RENT,56,0.020804948317970254,0
4476,16114,36,13.55,71000.82,7,720.0,21.29,7,0,debt_consolidation,MORTGAGE,37,0.015540855554824994,0
4477,43167,60,9.61,66826.18,1,611.0,25.32,4,0,major_purchase,RENT,57,0.046558876605882954,0
4478,40401,36,14.44,11985.8,10,677.0,13.93,5,1,small_business,OWN,35,0.04012590458041642,0
4479,7755,36,16.65,66558.17,3,709.0,11.7,3,0,home_improvement,MORTGAGE,26,0.0107887925172147,0
4480,12825,36,11.89,71624.92,25,688.0,7.46,7,0,credit_card,MORTGAGE,38,0.009390703446834623,0
4481,24693,36,9.58,67860.63,0,676.0,18.38,4,0,credit_card,RENT,68,0.01699090786444039,0
4482,6117,36,9.12,37472.71,20,673.0,26.18,6,1,small_business,MORTGAGE,35,0.026533379292289258,0
4483,26729,60,10.54,42831.73,6,727.0,11.99,9,1,major_purchase,RENT,61,0.01832813125611406,0
4484,34182,36,10.26,78061.1,22,729.0,4.77,7,1,small_business,OWN,43,0.015268757597201399,0
4485,30890,36,15.46,50298.72,20,722.0,11.64,3,0,small_business,RENT,45,0.014838213961094648,0
4486,31340,36,9.65,64439.26,3,722.0,21.95,5,1,credit_card,RENT,19,0.02806679167051287,0
4487,3518,36,11.3,8000.0,0,709.0,17.93,3,0,debt_consolidation,OWN,41,0.00974276292030876,0
4488,32949,36,15.12,59609.0,13,716.0,22.48,6,0,debt_consolidation,RENT,67,0.024799490306978797,0
4489,24547,36,10.68,80157.42,2,781.0,24.18,6,1,other,MORTGAGE,42,0.020156619449941127,0
4490,18346,36,10.22,67552.05,27,673.0,26.11,5,0,credit_card,MORTGAGE,25,0.021548183979924803,0
4491,4600,36,15.49,56518.29,0,578.0,11.76,12,1,debt_consolidation,RENT,71,0.03693006650182837,0
4492,48005,36,16.64,,4,755.0,32.1,3,1,major_purchase,MORTGAGE,72,0.06453113759464325,0
4493,31267,36,12.15,15185.19,0,707.0,18.06,8,0,small_business,RENT,48,0.018766078099933567,0
4494,38322,36,18.64,40465.6,4,712.0,,2,0,home_improvement,RENT,38,0.024043343392251768,0
4495,28990,36,12.66,86001.58,8,628.0,18.38,3,0,debt_consolidation,MORTGAGE,64,0.02819528797014257,0
4496,18193,36,15.51,58645.5,11,580.0,22.89,7,0,debt_consolidation,RENT,51,0.04289983794909004,0
4497,32109,60,19.82,77267.08,15,697.0,13.95,3,0,debt_consolidation,OWN,67,0.023873572975244402,0
4498,21233,36,9.49,95864.91,21,664.0,12.83,5,1,small_business,MORTGAGE,34,0.022496546858548756,0
4499,18194,36,9.91,63107.12,0,679.0,20.59,7,0,debt_consolidation,MORTGAGE,29,0.016773817486962224,0
4500,36510,36,15.2,81139.77,17,649.0,25.78,3,1,major_purchase,MORTGAGE,38,0.06961619289540416,0
4501,3306,60,11.36,88380.58,3,683.0,28.59,8,0,small_business,RENT,53,0.018158698246082315,0
4502,5849,60,8.24,25018.42,1,640.0,14.97,1,1,debt_consolidation,MORTGAGE,55,0.018849860165605418,0
4503,14360,36,10.6,40954.82,3,770.0,25.13,2,0,small_business,OWN,29,0.010691047104483714,0
4504,47536,36,6.34,17900.8,22,668.0,20.71,6,0,credit_card,MORTGAGE,47,0.02654836443521272,0
4505,31231,60,12.1,14510.48,10,732.0,18.51,6,0,credit_card,MORTGAGE,64,0.016111488505771515,0
4506,47800,36,12.65,47533.72,10,708.0,19.58,1,1,debt_consolidation,OWN,57,0.042439880868647126,0
4507,38963,36,16.34,53612.22,9,758.0,17.76,6,0,debt_consolidation,OWN,20,0.019239930862573387,0
4508,20689,60,16.72,13196.11,6,691.0,21.86,6,0,home_improvement,MORTGAGE,34,0.02385028044188747,0
4509,31084,36,10.73,71364.18,6,735.0,4.44,8,1,debt_consolidation,OWN,56,0.014143997119418491,0
4510,42387,36,20.43,47839.69,1,723.0,5.83,3,0,credit_card,OWN,34,0.018788187559962248,0
4511,11280,60,7.7,95876.72,4,773.0,12.36,6,0,debt_consolidation,RENT,72,0.005362222998689995,0
4512,4642,36,6.4,64594.7,8,723.0,24.26,5,0,credit_card,RENT,46,0.009426492496910006,0
4513,44137,36,7.03,64410.91,10,633.0,21.29,4,0,debt_consolidation,RENT,39,0.03161004201249208,0
4514,16296,36,7.31,54881.92,0,669.0,19.08,7,2,credit_card,OWN,53,0.037710382813252515,0
4515,17438,36,15.03,57018.86,5,607.0,28.25,2,0,credit_card,OTHER,46,0.04141798174541315,0
4516,39525,36,18.73,69259.13,5,661.0,14.41,4,0,debt_consolidation,OWN,25,0.03316284359788896,0
4517,4994,36,18.89,82645.73,8,597.0,21.42,10,1,credit_card,RENT,44,0.05568126590902412,0
4518,49994,36,4.46,26679.13,14,725.0,15.09,3,1,credit_card,RENT,44,0.02312329264141313,0
4519,36039,60,15.43,39068.53,10,572.0,15.6,11,0,debt_consolidation,OWN,21,0.04946686360959621,0
4520,3813,36,18.11,67341.03,9,616.0,30.31,4,0,debt_consolidation,RENT,68,0.0387225857081941,0
4521,29491,60,15.99,59028.31,4,699.0,,5,0,debt_consolidation,RENT,62,0.01974949954844655,0
4522,20845,60,9.47,79799.54,21,728.0,19.9,5,1,small_business,RENT,30,0.02020130363463076,0
4523,43243,36,12.67,43187.9,18,559.0,17.86,3,0,credit_card,MORTGAGE,71,0.05410320708102725,0
4524,39164,36,8.19,91598.82,2,702.0,17.67,4,0,home_improvement,RENT,64,0.017594462019952548,0
4525,44051,60,14.99,47071.16,11,719.0,22.0,7,0,home_improvement,RENT,55,0.02978594744058719,0
4526,15318,36,6.15,52068.86,25,579.0,9.55,8,1,other,OWN,34,0.025378668976630627,0
4527,19200,36,14.74,87371.18,6,572.0,9.3,4,1,debt_consolidation,RENT,70,0.04113069907281843,0
4528,2082,36,9.16,74279.42,26,681.0,17.35,2,0,home_improvement,RENT,59,0.009733890908365435,0
4529,3920,60,13.45,109553.0,0,708.0,16.22,5,1,home_improvement,RENT,59,0.01715266917705679,0
4530,42585,36,10.99,83721.52,8,652.0,23.61,6,1,major_purchase,RENT,68,0.059726218215068815,0
4531,13683,36,10.56,92249.35,3,692.0,25.86,4,0,credit_card,OWN,61,0.017533722385486956,0
4532,13336,36,15.79,52577.82,3,680.0,9.38,4,0,debt_consolidation,RENT,54,0.012634863242487011,0
4533,17596,60,18.11,92585.67,24,800.0,9.6,3,0,debt_consolidation,OWN,71,0.0075503676917533956,0
4534,4093,36,8.54,61722.98,4,546.0,15.48,9,0,debt_consolidation,RENT,23,0.021711978804443033,0
4535,14905,36,12.75,8000.0,0,652.0,14.57,3,0,debt_consolidation,MORTGAGE,38,0.016085828534540023,0
4536,26351,36,7.65,71858.62,8,657.0,18.6,5,0,debt_consolidation,RENT,62,0.01819081822339035,0
4537,32981,36,10.16,74005.1,29,577.0,25.58,3,0,debt_consolidation,MORTGAGE,36,0.04782592561380625,0
4538,10367,36,9.09,32706.08,0,701.0,20.62,4,0,home_improvement,OWN,38,0.011781655111537948,0
4539,7285,36,6.96,68990.69,4,646.0,23.34,4,1,credit_card,RENT,18,0.0251187766793007,0
4540,45664,36,16.24,62887.97,7,626.0,14.39,8,0,home_improvement,OWN,48,0.04208289021932457,0
4541,39705,60,12.41,90322.37,21,605.0,12.0,1,0,debt_consolidation,OWN,66,0.030020338552238728,0
4542,18753,36,9.81,70958.09,3,686.0,12.86,3,0,major_purchase,RENT,72,0.011475036039941017,0
4543,20485,36,11.77,60011.44,5,709.0,15.49,8,0,credit_card,RENT,43,0.01330527660962984,0
4544,14977,60,16.79,26723.58,5,669.0,19.24,4,1,debt_consolidation,MORTGAGE,62,0.0350479935288708,1
4545,21874,36,16.11,10839.92,5,735.0,17.57,1,0,debt_consolidation,MORTGAGE,38,0.014712731998929801,0
4546,9674,36,14.23,91640.11,2,702.0,13.49,2,0,debt_consolidation,RENT,21,0.01101501290266823,0
4547,31038,60,9.32,69853.05,26,789.0,17.97,0,1,debt_consolidation,OWN,24,0.015091159208373103,0
4548,31315,36,12.48,53993.18,19,615.0,13.75,9,1,debt_consolidation,MORTGAGE,66,0.04523042710658733,0
4549,5676,36,7.64,73864.28,29,595.0,8.31,8,1,debt_consolidation,RENT,51,0.019606747539189073,0
4550,4426,36,11.65,54071.77,5,716.0,23.33,8,0,debt_consolidation,RENT,60,0.012595004723473177,0
4551,26473,36,15.91,9972.77,0,664.0,17.56,4,0,home_improvement,MORTGAGE,51,0.024925074740647254,0
4552,4962,36,16.65,85328.08,0,600.0,18.59,3,0,credit_card,MORTGAGE,31,0.025464887676151658,0
4553,31943,60,9.43,88519.2,5,621.0,19.98,2,0,home_improvement,OWN,68,0.028019365085908268,0
4554,2859,36,15.33,51782.94,25,725.0,16.74,2,0,credit_card,MORTGAGE,31,0.010083501712276323,0
4555,46816,36,14.51,58960.16,29,737.0,20.38,2,0,debt_consolidation,RENT,59,0.024723182014717425,0
4556,6138,36,11.04,44672.83,20,726.0,33.57,5,0,major_purchase,RENT,32,0.01731968734395642,0
4557,37192,60,14.98,106114.59,3,686.0,27.1,5,0,debt_consolidation,RENT,65,0.037718367053412305,0
4558,27640,60,16.91,90102.18,11,666.0,12.26,7,0,major_purchase,RENT,52,0.02215473929754731,0
4559,12409,36,15.4,39695.29,10,669.0,3.92,5,0,home_improvement,RENT,57,0.010570933126572667,0
4560,6017,60,7.79,,20,695.0,25.87,3,2,other,RENT,31,0.034047435956731605,0
4561,12451,60,10.89,38073.1,8,690.0,21.86,3,0,debt_consolidation,MORTGAGE,54,0.014889757437864913,0
4562,30327,36,13.6,39678.35,4,621.0,22.27,3,0,debt_consolidation,RENT,56,0.036662125040400895,0
4563,12278,36,8.79,48928.1,0,741.0,13.45,6,0,credit_card,MORTGAGE,56,0.007297204427866881,0
4564,26944,36,18.23,44803.35,19,683.0,13.12,9,1,credit_card,MORTGAGE,70,0.03616528993662021,1
4565,45764,60,13.25,21022.05,8,547.0,19.25,5,2,major_purchase,RENT,73,0.16325308333704663,0
4566,3134,60,10.19,93161.17,8,605.0,20.8,11,1,debt_consolidation,OWN,60,0.03338092062083044,1
4567,32131,36,9.94,65280.7,28,655.0,34.38,2,1,credit_card,MORTGAGE,33,0.06628670978168218,0
4568,39887,36,9.22,98847.09,7,693.0,24.52,7,0,credit_card,RENT,60,0.026636892631016727,0
4569,40462,36,14.82,55843.89,4,680.0,20.03,5,0,debt_consolidation,RENT,50,0.03141471877638465,0
4570,24520,60,15.3,,5,638.0,0.0,7,0,debt_consolidation,RENT,70,0.014027621366607389,0
4571,23869,60,9.34,85635.02,0,754.0,20.03,4,0,debt_consolidation,MORTGAGE,33,0.011113488758433453,0
4572,38932,36,17.88,66536.16,0,725.0,19.17,4,0,debt_consolidation,RENT,21,0.026069852851395722,0
4573,7039,36,10.45,53363.34,0,678.0,9.0,7,0,credit_card,OWN,21,0.008795156888567659,0
4574,23281,36,8.81,90124.65,3,586.0,22.94,4,2,other,RENT,70,0.08299900024638117,0
4575,49399,60,13.91,26420.66,0,662.0,28.5,4,0,credit_card,OTHER,23,0.054242574882020986,0
4576,12442,36,7.2,84525.1,4,657.0,33.51,4,0,small_business,MORTGAGE,42,0.024062122750603328,0
4577,10252,36,6.54,77951.01,1,579.0,19.07,7,1,debt_consolidation,OWN,52,0.03359648551891964,0
4578,29586,60,8.19,65783.88,26,711.0,13.7,7,0,debt_consolidation,MORTGAGE,49,0.012167075555232993,0
4579,19568,36,8.86,23050.59,27,691.0,27.86,8,1,credit_card,RENT,73,0.03333513234643516,0
4580,22810,60,15.0,83451.18,10,622.0,11.85,4,0,credit_card,RENT,48,0.02271395266467733,0
4581,3551,36,6.82,78604.43,19,695.0,19.45,4,1,credit_card,MORTGAGE,39,0.014920591748796171,0
4582,14625,36,13.48,66651.02,12,739.0,8.65,5,0,debt_consolidation,RENT,60,0.007990336298933325,0
4583,36397,60,15.37,58635.5,20,711.0,27.06,8,1,debt_consolidation,OWN,34,0.054312385625049385,0
4584,28249,36,17.78,31785.56,10,645.0,13.27,7,0,home_improvement,OWN,58,0.02751241371577006,0
4585,3361,36,10.03,31999.33,6,824.0,25.12,5,0,credit_card,RENT,63,0.006240220429497223,0
4586,28149,36,10.35,40618.71,23,706.0,18.6,9,0,major_purchase,OWN,35,0.01676557325078245,0
4587,6370,36,20.15,20617.15,6,642.0,22.64,6,1,debt_consolidation,RENT,38,0.0473581541724721,0
4588,7283,36,17.41,21449.49,6,778.0,15.68,7,1,home_improvement,RENT,32,0.014706644807357895,0
4589,9610,60,10.9,48905.67,10,572.0,20.64,2,0,credit_card,OWN,72,0.026617713097515136,0
4590,45326,60,16.59,26666.08,27,610.0,25.62,9,0,debt_consolidation,OWN,36,0.071812180333191,0
4591,16924,60,12.99,54188.84,7,650.0,14.18,4,0,small_business,OWN,63,0.017043097387881845,0
4592,49607,36,12.07,61638.6,9,738.0,21.07,3,0,credit_card,OWN,35,0.02390295316521602,0
4593,46717,60,21.93,23778.67,8,640.0,28.03,3,1,credit_card,RENT,22,0.1292102090376523,0
4594,12626,60,16.3,80691.05,25,672.0,11.05,6,1,credit_card,RENT,27,0.023834919516338586,0
4595,36761,36,19.55,85272.04,12,625.0,12.74,11,0,home_improvement,OWN,64,0.04040026152859884,0
4596,2869,36,7.75,8000.0,6,722.0,12.32,5,0,credit_card,RENT,19,0.0060941087471990205,0
4597,33552,36,19.19,93812.95,10,709.0,16.23,9,0,other,OWN,35,0.025724256207509174,1
4598,3014,60,11.37,73983.92,1,593.0,6.37,8,0,debt_consolidation,RENT,33,0.012812736957398057,0
4599,12103,36,11.32,62344.35,5,,18.83,9,0,other,RENT,50,,0
4600,18986,60,13.56,96561.17,15,695.0,32.07,2,0,credit_card,OWN,29,0.027666407395780503,0
4601,46781,36,14.05,62656.79,9,669.0,19.01,1,0,debt_consolidation,RENT,59,0.03371617217280629,0
4602,32471,60,16.22,40492.62,4,676.0,34.71,6,0,debt_consolidation,OTHER,32,0.05229314192821152,0
4603,35458,36,15.53,22686.21,5,639.0,5.64,8,1,credit_card,MORTGAGE,32,0.035821091470622735,0
4604,27069,36,9.39,57060.7,20,730.0,8.44,5,1,debt_consolidation,OTHER,48,0.014322182287809874,0
4605,18873,36,8.01,56973.53,8,634.0,4.55,7,1,credit_card,OWN,28,0.01756648235907153,0
4606,25248,36,11.23,17407.23,3,737.0,0.0,7,0,credit_card,RENT,22,0.006460673985765909,0
4607,25624,60,11.95,51055.44,4,680.0,18.79,8,0,credit_card,OTHER,30,0.02006675473192461,0
4608,45516,60,12.36,98384.38,7,650.0,8.95,3,0,credit_card,RENT,29,0.023346610634608543,0
4609,31061,36,17.47,72610.99,17,676.0,0.57,1,0,small_business,OWN,60,0.013674144436890787,0
4610,26170,36,12.74,26308.42,30,685.0,15.28,3,0,debt_consolidation,RENT,23,0.01698322655146146,0
4611,10024,36,22.55,67610.91,2,659.0,18.21,2,0,small_business,MORTGAGE,31,0.02589119644599983,0
4612,18678,36,17.78,77548.94,17,657.0,20.6,6,0,debt_consolidation,OWN,49,0.02804661222402533,0
4613,40256,36,10.79,85756.75,10,620.0,16.73,3,1,credit_card,RENT,71,0.05087446227054039,0
4614,22411,60,4.9,74605.26,8,766.0,22.56,3,1,home_improvement,RENT,67,0.014480300160842065,0
4615,45803,60,21.55,89040.69,29,631.0,10.5,5,0,debt_consolidation,MORTGAGE,28,0.044258501505676257,0
4616,21296,36,10.87,78888.04,4,607.0,9.92,5,0,small_business,RENT,71,0.018419032480628632,0
4617,28293,36,15.72,53900.97,2,706.0,28.02,9,0,debt_consolidation,OWN,56,0.03157394116985951,0
4618,29172,36,9.33,68260.04,24,567.0,31.16,2,0,small_business,MORTGAGE,45,0.05542732113899148,0
4619,23128,36,18.39,54277.48,0,682.0,7.3,1,0,debt_consolidation,RENT,54,0.015398907675368194,0
4620,20257,36,15.39,70086.02,20,613.0,19.84,4,0,credit_card,RENT,43,0.03168359068931218,0
4621,14855,36,7.65,78378.06,9,707.0,10.81,5,0,debt_consolidation,RENT,66,0.00792324212423499,0
4622,21642,36,4.18,58104.05,1,668.0,9.94,6,0,major_purchase,RENT,37,0.009391075554862379,0
4623,37585,36,12.75,67588.88,2,627.0,19.85,6,0,debt_consolidation,OWN,59,0.036657180839218054,0
4624,22025,36,13.99,47925.86,1,670.0,20.14,1,1,credit_card,MORTGAGE,36,0.03508047487096211,0
4625,6458,36,15.05,52366.97,14,706.0,14.47,10,1,small_business,OWN,23,0.019349681167933595,0
4626,7307,36,8.89,58274.96,1,653.0,15.06,3,1,debt_consolidation,OWN,59,0.018984600624145323,0
4627,43701,60,9.42,45991.34,12,658.0,9.09,6,1,other,OWN,61,0.03138977753714134,0
4628,20425,60,4.44,93183.81,1,736.0,26.97,4,0,debt_consolidation,MORTGAGE,66,0.011929968283306325,0
4629,45427,60,9.79,74913.15,19,705.0,17.33,3,0,debt_consolidation,MORTGAGE,68,0.02065836950672342,0
4630,30273,36,5.48,78505.81,26,652.0,10.58,3,0,other,RENT,36,0.01300488543604438,0
4631,40506,36,9.15,73998.92,9,685.0,17.6,3,0,credit_card,OWN,24,0.020666058915740252,0
4632,7668,36,13.31,64245.95,29,,15.43,1,0,debt_consolidation,RENT,71,,0
4633,27934,36,13.25,29566.95,6,742.0,11.68,5,1,home_improvement,OWN,69,0.018640174794666627,0
4634,49195,60,9.3,88052.34,3,578.0,10.95,8,0,debt_consolidation,MORTGAGE,74,0.03728738050483274,0
4635,9697,36,13.09,,2,713.0,10.04,4,0,credit_card,OWN,19,0.008680480666699193,0
4636,26417,36,17.91,76538.98,7,709.0,9.15,5,0,credit_card,RENT,60,0.015304885103307147,0
4637,18446,36,10.89,40327.42,1,636.0,18.4,5,0,credit_card,OWN,72,0.020500750016998727,0
4638,42597,36,6.88,74852.9,23,626.0,15.24,3,0,credit_card,MORTGAGE,38,0.02483240245893001,0
4639,12751,60,15.14,40008.25,18,749.0,34.36,11,0,debt_consolidation,OWN,40,0.023031760244523275,0
4640,48218,36,16.37,48083.85,9,667.0,23.19,7,0,major_purchase,RENT,48,0.04872828845164812,0
4641,9352,36,9.21,8000.0,15,766.0,20.14,6,0,major_purchase,RENT,21,0.007900792805285868,0
4642,15516,36,9.24,94247.36,0,619.0,15.5,6,0,debt_consolidation,RENT,18,0.01778106682535896,1
4643,25299,60,4.07,67922.54,2,675.0,15.45,4,0,home_improvement,MORTGAGE,60,0.01174492041651302,0
4644,33957,36,10.16,74324.07,10,646.0,6.32,3,0,major_purchase,OWN,61,0.01542743780822161,0
4645,30927,36,8.31,79736.5,7,655.0,8.47,6,0,major_purchase,RENT,40,0.014103060426831595,0
4646,43094,36,5.91,71936.6,10,701.0,9.28,5,0,debt_consolidation,MORTGAGE,64,0.012401975288441681,0
4647,38412,60,10.54,84421.61,0,635.0,5.11,3,0,debt_consolidation,RENT,62,0.017457744326400283,0
4648,31493,36,11.98,94136.16,11,669.0,17.33,6,0,debt_consolidation,MORTGAGE,34,0.022271155731068616,0
4649,28711,36,11.25,59106.01,19,634.0,5.05,5,2,debt_consolidation,RENT,72,0.040493407620648465,0
4650,10003,60,10.7,18471.1,9,716.0,20.43,3,1,credit_card,RENT,56,0.018637979795218005,0
4651,33707,60,18.1,38911.15,5,795.0,16.56,3,2,debt_consolidation,OTHER,27,0.037382264520212975,0
4652,5278,36,13.23,75472.26,1,758.0,,5,0,credit_card,OTHER,22,0.007532703899728413,0
4653,9296,60,14.6,34319.99,3,622.0,20.18,5,0,credit_card,OTHER,52,0.023918823792013013,0
4654,27398,36,19.24,58427.14,8,651.0,8.98,4,0,debt_consolidation,RENT,45,0.023048417083618516,0
4655,37842,60,15.95,122521.03,3,677.0,7.15,8,0,credit_card,RENT,51,0.020003142084723265,0
4656,15261,36,10.91,86117.12,18,557.0,,4,1,credit_card,OWN,65,0.043054487063168216,0
4657,13173,36,4.59,9711.51,1,677.0,10.84,3,0,debt_consolidation,RENT,45,0.007725754793745037,0
4658,32449,60,10.51,118276.33,8,709.0,12.65,5,0,debt_consolidation,OWN,30,0.01374120237955497,0
4659,43080,60,17.82,94178.01,8,679.0,14.9,6,0,debt_consolidation,MORTGAGE,44,0.031817627831756866,0
4660,3637,36,15.92,76581.89,1,674.0,17.6,4,1,credit_card,RENT,54,0.024572210099890662,0
4661,33781,60,10.53,63362.73,30,641.0,30.01,4,0,debt_consolidation,RENT,39,0.04095437528091594,0
4662,15652,36,11.68,25516.47,20,659.0,19.3,4,1,credit_card,RENT,42,0.029455974686334117,0
4663,7103,60,12.51,50671.48,6,651.0,18.56,6,0,home_improvement,RENT,18,0.01652789036636748,0
4664,27500,36,9.54,10418.62,13,618.0,17.32,5,1,major_purchase,MORTGAGE,24,0.03961220036539024,0
4665,36800,36,9.78,83787.71,14,,18.51,6,1,debt_consolidation,RENT,34,,0
4666,37529,36,9.4,64637.13,11,775.0,24.47,1,0,debt_consolidation,RENT,51,0.014911187969206216,0
4667,49963,36,13.97,41413.69,6,643.0,13.86,4,0,home_improvement,RENT,23,0.03503176372809438,0
4668,20452,36,7.78,85251.83,24,619.0,13.97,5,0,debt_consolidation,RENT,67,0.01700394050298152,0
4669,33174,36,17.77,68312.9,17,635.0,25.78,5,0,credit_card,MORTGAGE,23,0.05084356795099884,0
4670,37436,36,11.98,100980.24,8,621.0,13.53,3,0,home_improvement,MORTGAGE,62,0.027731042981209483,0
4671,49406,60,7.58,48903.87,0,652.0,12.77,5,0,debt_consolidation,OWN,41,0.023337491754785538,0
4672,17954,36,16.1,94826.52,2,696.0,27.83,5,0,home_improvement,RENT,43,0.026630152344780108,0
4673,19186,36,18.0,65621.81,8,752.0,15.57,3,0,other,RENT,24,0.01305452471377023,0
4674,14356,36,24.56,40636.84,25,585.0,17.07,8,0,debt_consolidation,OWN,39,0.048242036266510094,1
4675,34963,36,17.48,74844.78,10,737.0,15.22,6,1,debt_consolidation,RENT,74,0.03137275550727077,0
4676,4187,36,8.5,61866.63,6,680.0,13.71,5,0,debt_consolidation,OWN,29,0.008811386824136474,0
4677,13707,36,12.84,71395.31,0,552.0,15.53,8,0,debt_consolidation,RENT,41,0.03092850922124163,0
4678,37098,36,22.11,35340.67,10,604.0,15.77,6,0,credit_card,RENT,42,0.05542313287729587,0
4679,28935,36,8.89,8000.0,5,710.0,25.13,6,0,debt_consolidation,MORTGAGE,33,0.01942458548977856,0
4680,23225,36,6.92,47631.38,8,629.0,10.84,3,0,credit_card,MORTGAGE,34,0.014065013694770534,0
4681,5606,36,10.44,74295.32,17,657.0,33.63,4,1,debt_consolidation,MORTGAGE,37,0.04020686595230248,0
4682,34828,60,7.94,73555.24,19,672.0,12.68,8,1,credit_card,MORTGAGE,54,0.026564909319117338,0
4683,28489,36,9.57,48652.36,23,751.0,24.95,6,1,major_purchase,MORTGAGE,57,0.02533961761386064,0
4684,16387,60,9.36,65848.27,10,603.0,6.58,4,0,credit_card,RENT,51,0.013801777271320021,0
4685,5927,36,14.86,50195.68,25,719.0,12.67,5,1,debt_consolidation,OWN,45,0.01558620659365591,0
4686,8296,60,6.81,56649.57,13,756.0,16.23,4,0,major_purchase,RENT,29,0.006118019710852269,0
4687,32444,36,12.52,91553.02,18,621.0,11.06,4,1,credit_card,RENT,36,0.03846730163001061,0
4688,48390,36,8.94,26654.92,13,727.0,22.63,3,0,credit_card,RENT,53,0.022709513482640244,0
4689,48893,60,14.2,107167.81,23,649.0,22.51,5,0,credit_card,RENT,71,0.047167231753197876,0
4690,4591,36,14.64,64347.94,2,638.0,12.33,6,0,home_improvement,MORTGAGE,43,0.014759773829846862,0
4691,46895,36,15.57,110468.39,17,660.0,3.48,4,0,credit_card,RENT,73,0.0215751878543817,0
4692,28147,36,15.57,106533.2,0,694.0,23.01,7,0,other,MORTGAGE,70,0.027062785420854277,0
4693,40889,60,9.52,8000.0,0,635.0,18.64,10,0,debt_consolidation,OWN,26,0.03165721673604056,0
4694,3200,36,11.98,64594.4,8,735.0,14.12,4,0,debt_consolidation,RENT,71,0.00744898965971758,0
4695,17721,36,17.88,35467.38,4,654.0,13.37,5,0,debt_consolidation,MORTGAGE,67,0.021025286106629123,0
4696,21238,60,13.77,56617.57,9,558.0,12.37,4,0,debt_consolidation,OWN,71,0.030770648735724465,0
4697,13087,36,15.55,71435.21,12,676.0,24.78,8,0,small_business,RENT,23,0.024231781984311206,0
4698,32816,60,7.13,96427.9,2,603.0,15.31,6,0,debt_consolidation,RENT,53,0.024535804422253806,0
4699,25408,36,15.81,32876.12,13,664.0,29.04,9,1,debt_consolidation,OTHER,26,0.06393966682780455,0
4700,41740,60,4.46,123229.08,30,702.0,36.97,5,0,credit_card,MORTGAGE,64,0.03307318425980889,0
4701,2136,36,5.88,45475.92,17,641.0,23.3,6,0,credit_card,OWN,63,0.01382602634388464,0
4702,19413,36,8.4,26419.36,1,577.0,36.06,10,0,home_improvement,MORTGAGE,53,0.054098089704207236,0
4703,20978,36,13.7,87374.22,10,620.0,23.63,7,1,small_business,MORTGAGE,23,0.05466891263677488,0
4704,2661,36,14.39,63187.83,0,758.0,15.1,6,1,home_improvement,RENT,40,0.012601224424389977,0
4705,37240,36,8.74,115281.58,7,,31.11,4,0,debt_consolidation,RENT,50,,0
4706,29253,36,4.3,35398.78,8,731.0,16.73,2,0,major_purchase,OWN,34,0.009501675717316565,0
4707,28884,36,15.81,64607.31,29,,37.45,5,0,credit_card,RENT,47,,0
4708,34854,36,14.35,91753.63,16,804.0,13.93,5,0,home_improvement,RENT,28,0.010433760031924283,0
4709,12704,36,13.71,38858.36,14,693.0,25.45,10,0,debt_consolidation,OWN,18,0.020827777322612113,0
4710,40987,36,19.71,92041.61,8,663.0,18.04,7,2,credit_card,OWN,64,0.10610491926158966,0
4711,26527,36,12.6,69943.29,8,642.0,9.45,5,1,credit_card,RENT,58,0.028931669823026755,0
4712,18322,36,8.03,34862.21,30,,10.85,7,0,major_purchase,MORTGAGE,69,,0
4713,49517,36,17.32,91581.2,0,,0.0,8,1,debt_consolidation,RENT,45,,0
4714,8968,36,10.37,55090.35,4,722.0,17.47,3,0,small_business,MORTGAGE,53,0.009421078210036146,0
4715,29518,60,11.58,89711.89,1,619.0,22.17,6,0,major_purchase,RENT,61,0.03396596738450994,0
4716,48364,36,9.85,42428.55,4,620.0,0.68,4,1,debt_consolidation,RENT,55,0.030977701028277203,0
4717,29886,36,8.67,23697.02,7,666.0,0.0,3,0,credit_card,RENT,61,0.00915026547644081,0
4718,3700,36,10.31,48996.97,5,680.0,10.84,4,0,major_purchase,RENT,61,0.008434956399772884,0
4719,30246,60,18.08,56944.75,28,777.0,18.81,4,1,debt_consolidation,MORTGAGE,54,0.02632188626034527,0
4720,37468,36,7.73,64874.22,12,538.0,10.02,4,1,credit_card,OWN,32,0.05208736183425694,0
4721,25199,60,16.28,73345.91,15,644.0,19.24,7,0,credit_card,RENT,46,0.030577976921921636,0
4722,46589,36,4.6,108990.56,16,731.0,13.31,3,1,other,OWN,36,0.01961174596745326,0
4723,34115,60,18.4,57414.22,25,620.0,6.82,7,1,debt_consolidation,RENT,46,0.046313566510125484,0
4724,7520,36,18.82,104544.59,17,679.0,23.77,5,0,credit_card,RENT,45,0.023389515977052248,0
4725,46278,36,7.9,85621.68,0,738.0,20.47,4,0,debt_consolidation,OWN,73,0.018010246996044022,0
4726,38455,36,12.32,57975.69,3,720.0,14.98,6,0,debt_consolidation,RENT,34,0.017537857174073697,0
4727,22929,60,14.58,67666.3,30,721.0,2.97,9,2,home_improvement,RENT,49,0.02461154896685881,0
4728,43605,60,9.58,69896.38,11,668.0,13.63,4,0,debt_consolidation,MORTGAGE,38,0.021421624054475782,0
4729,16955,36,19.53,85642.29,0,687.0,10.73,6,0,credit_card,OWN,33,0.016836935104494653,0
4730,46049,36,12.09,89456.05,7,690.0,13.51,7,0,debt_consolidation,RENT,70,0.02288505988977796,0
4731,15917,36,9.92,24996.49,29,,11.05,6,0,credit_card,OWN,18,,0
4732,6757,36,12.32,84465.69,30,730.0,15.19,4,0,credit_card,RENT,30,0.008738325235902266,0
4733,15045,36,9.06,70194.83,6,602.0,15.16,7,1,small_business,MORTGAGE,33,0.03131931582719011,0
4734,43680,36,12.08,69816.24,24,640.0,24.9,7,0,debt_consolidation,MORTGAGE,72,0.04537315046504257,0
4735,6733,60,10.2,56676.81,9,730.0,,1,0,credit_card,MORTGAGE,44,0.007574684954800827,0
4736,32954,36,8.88,77592.09,8,562.0,18.64,2,0,debt_consolidation,MORTGAGE,22,0.03720777090375624,0
4737,33135,36,15.19,82210.17,6,689.0,10.6,1,1,small_business,MORTGAGE,44,0.028531502886121288,0
4738,9081,36,5.23,62803.94,24,746.0,12.13,4,0,major_purchase,RENT,74,0.005180395572166419,0
4739,43458,60,19.05,85543.64,10,634.0,12.72,5,0,debt_consolidation,OWN,50,0.04017369143674453,0
4740,25501,60,12.92,44224.92,5,705.0,25.17,8,0,other,OWN,44,0.023266938219960766,0
4741,23113,36,19.39,60294.97,8,687.0,14.92,6,2,major_purchase,MORTGAGE,69,0.05822563481383565,0
4742,36441,60,15.85,69023.05,7,719.0,16.5,5,0,major_purchase,RENT,23,0.021192658655945152,0
4743,49086,60,6.63,52263.43,7,681.0,14.06,6,0,debt_consolidation,OWN,19,0.019832917348415385,0
4744,26690,36,12.28,51725.83,4,749.0,16.78,4,0,small_business,RENT,71,0.012309476505650542,0
4745,45939,36,4.82,36753.82,10,702.0,16.53,8,1,credit_card,RENT,60,0.02762501001112185,0
4746,31345,60,8.39,70791.43,0,732.0,13.58,4,0,debt_consolidation,RENT,43,0.010853015202129586,0
4747,48313,36,11.45,108622.22,24,729.0,2.36,8,0,debt_consolidation,RENT,18,0.011999241808274544,0
4748,46571,36,9.18,75054.47,6,761.0,13.15,4,0,other,RENT,65,0.01262239409707954,0
4749,28829,36,10.09,55806.16,19,622.0,18.88,4,0,other,MORTGAGE,72,0.02644930542427612,1
4750,37062,36,9.33,92892.42,15,606.0,23.4,4,0,credit_card,OWN,73,0.03908076351894161,0
4751,5630,60,20.92,59145.97,7,743.0,5.7,5,0,other,MORTGAGE,42,0.008397402398602859,0
4752,49861,36,12.48,78754.99,2,690.0,,4,0,major_purchase,RENT,61,0.025861956353166307,0
4753,33870,36,14.49,74003.71,9,792.0,13.03,3,1,debt_consolidation,OWN,65,0.017142557033862665,0
4754,49221,60,11.79,22679.94,28,548.0,14.17,2,0,home_improvement,RENT,42,0.0532881898655378,0
4755,46942,36,13.35,62506.4,2,676.0,0.0,2,0,small_business,OWN,54,0.015073036564105035,0
4756,5453,36,4.0,113581.06,3,679.0,17.79,8,0,credit_card,OWN,72,0.008807195614163306,0
4757,39275,60,18.68,46450.99,30,734.0,25.41,7,1,major_purchase,RENT,39,0.054779613770075286,0
4758,45370,36,9.11,99831.3,24,797.0,11.62,5,0,debt_consolidation,MORTGAGE,30,0.009430788777868002,0
4759,40396,36,16.58,85313.51,9,680.0,16.34,8,0,small_business,RENT,29,0.030487399630061557,0
4760,10328,36,16.74,48769.46,13,,20.07,2,0,major_purchase,OWN,26,,0
4761,17534,36,4.81,62635.03,7,573.0,16.39,11,0,debt_consolidation,OWN,68,0.021222965390366146,0
4762,21744,60,12.22,36051.58,6,,12.57,2,0,debt_consolidation,MORTGAGE,19,,0
4763,21389,36,13.62,83760.38,7,698.0,12.9,5,0,debt_consolidation,OTHER,65,0.01388149331347532,0
4764,38320,36,12.44,36371.44,6,646.0,17.32,5,0,credit_card,OWN,61,0.02946054916196177,0
4765,37010,36,12.0,72573.71,12,698.0,23.06,5,2,debt_consolidation,OTHER,23,0.06752150184298056,0
4766,16665,36,10.26,108209.98,4,695.0,17.66,7,0,debt_consolidation,OWN,36,0.013422625533029663,0
4767,39865,60,9.14,46329.82,1,777.0,24.6,9,3,debt_consolidation,OWN,44,0.07019485662787951,0
4768,10640,60,16.23,71136.06,14,634.0,16.11,4,1,debt_consolidation,OWN,53,0.03404940930438392,0
4769,36716,60,13.59,25120.84,0,627.0,16.32,3,0,debt_consolidation,OWN,22,0.031818243942853715,0
4770,27521,36,12.74,63551.26,14,629.0,27.24,6,0,home_improvement,RENT,24,0.039658638993175115,0
4771,32049,60,5.6,37176.45,3,654.0,10.42,3,1,small_business,OTHER,65,0.02174854265317935,0
4772,7618,36,10.97,68619.11,2,584.0,23.38,3,1,debt_consolidation,RENT,29,0.04360746829253219,1
4773,39004,60,11.78,49111.35,5,664.0,19.56,3,0,home_improvement,RENT,30,0.027854254977462103,0
4774,3920,60,15.36,37733.6,0,682.0,12.8,5,0,debt_consolidation,OWN,60,0.011732391488986542,0
4775,45937,36,5.03,59063.18,5,770.0,8.84,3,0,debt_consolidation,RENT,36,0.008032775160051192,0
4776,6188,36,7.62,8000.0,0,673.0,17.55,4,0,debt_consolidation,RENT,71,0.010547738938869261,0
4777,14207,36,19.19,36130.58,7,756.0,18.8,3,0,home_improvement,RENT,32,0.013920697753369704,0
4778,2238,36,8.81,121771.79,2,730.0,28.71,4,0,credit_card,MORTGAGE,37,0.01147163353075339,0
4779,34972,60,4.59,56757.64,1,688.0,18.91,6,1,debt_consolidation,OWN,39,0.02576438668176496,0
4780,12799,36,9.21,50588.94,9,671.0,4.9,4,1,debt_consolidation,RENT,73,0.013079801674373946,0
4781,7552,36,8.82,71814.81,10,712.0,19.6,2,1,debt_consolidation,MORTGAGE,20,0.015891371450054526,0
4782,30916,36,14.6,88980.39,0,719.0,27.69,8,0,credit_card,RENT,45,0.02852374302281653,0
4783,6927,60,14.56,103751.65,6,648.0,18.4,3,0,debt_consolidation,OWN,21,0.017890024964343644,0
4784,29964,36,8.12,61277.36,0,715.0,20.25,1,0,debt_consolidation,MORTGAGE,68,0.014561294234940073,0
4785,13164,36,10.48,57759.31,16,675.0,2.46,6,1,credit_card,MORTGAGE,54,0.012688118180542692,0
4786,39158,36,14.15,72553.41,12,713.0,25.49,4,0,other,MORTGAGE,56,0.029952274700969034,0
4787,21071,36,14.28,64409.23,0,778.0,11.01,6,0,home_improvement,MORTGAGE,32,0.00830811262090033,0
4788,8160,36,7.86,58776.38,27,658.0,7.55,4,0,credit_card,OWN,31,0.008164190501162754,0
4789,17810,60,8.3,78006.95,28,561.0,12.52,9,1,debt_consolidation,MORTGAGE,65,0.037183418688477556,0
4790,7126,36,20.47,77631.31,5,677.0,18.42,5,0,small_business,OWN,50,0.020649873944668527,0
4791,32009,36,10.96,64434.66,1,616.0,11.61,2,0,credit_card,RENT,31,0.022457437105466434,0
4792,35584,36,17.97,123239.54,0,696.0,22.86,4,0,debt_consolidation,OWN,42,0.033523185672034383,1
4793,48182,36,12.91,110604.83,21,620.0,7.11,8,0,debt_consolidation,OWN,21,0.029413122459795257,0
4794,27396,36,16.38,76833.9,7,673.0,18.49,6,0,debt_consolidation,OWN,24,0.02604650403512006,0
4795,2192,36,14.5,91900.43,0,778.0,10.41,4,1,credit_card,MORTGAGE,31,0.009078197174861852,0
4796,38413,36,12.68,46082.36,26,790.0,15.21,6,0,debt_consolidation,RENT,42,0.01189888896667867,0
4797,14816,36,12.64,63694.66,9,702.0,27.75,9,0,debt_consolidation,MORTGAGE,53,0.021171925055198146,0
4798,41082,36,7.04,81210.06,13,626.0,19.68,3,1,debt_consolidation,OTHER,33,0.046745674899791465,0
4799,34130,60,11.33,97819.01,20,732.0,18.37,3,0,debt_consolidation,RENT,66,0.015857938990056247,0
4800,42142,36,9.91,37082.27,20,652.0,9.48,2,1,other,RENT,22,0.031539712860183644,0
4801,38468,60,10.69,46507.47,0,591.0,15.23,1,0,home_improvement,MORTGAGE,60,0.033151943884450134,0
4802,32698,60,10.52,64929.45,9,797.0,12.5,8,1,credit_card,OWN,41,0.01376127434591346,0
4803,12655,36,12.65,101086.41,13,679.0,0.87,5,0,credit_card,OWN,47,0.007739873142156671,0
4804,49897,60,14.55,64882.64,0,713.0,20.1,5,0,small_business,RENT,42,0.030811832262984642,0
4805,32075,36,11.45,91766.29,2,660.0,7.32,3,0,credit_card,RENT,26,0.015169241731816939,0
4806,11359,36,15.82,58968.09,6,712.0,14.8,6,0,credit_card,MORTGAGE,55,0.012719474189194335,0
4807,38661,36,10.34,81210.15,24,630.0,18.93,2,0,debt_consolidation,RENT,67,0.030395903329109072,0
4808,41579,36,12.35,35715.78,22,673.0,11.86,9,1,credit_card,RENT,62,0.036455722487135016,0
4809,44056,36,22.09,,18,735.0,8.66,5,0,debt_consolidation,RENT,67,0.02235754865620354,0
4810,35272,36,7.19,56670.92,30,669.0,21.59,2,2,other,RENT,19,0.05649444167970839,0
4811,44581,36,10.31,33002.4,3,629.0,5.3,3,0,home_improvement,OWN,37,0.020334743754098272,0
4812,16671,36,4.74,31560.48,7,735.0,10.46,2,0,debt_consolidation,MORTGAGE,64,0.005759204893847174,0
4813,29048,36,12.91,51636.76,7,658.0,17.57,4,0,debt_consolidation,RENT,72,0.023459515898632047,0
4814,12738,36,12.07,25068.64,12,657.0,16.07,4,0,debt_consolidation,OWN,27,0.015505400957069874,0
4815,27963,36,12.5,58370.15,22,612.0,14.71,4,0,debt_consolidation,OWN,32,0.026356250987196447,0
4816,45954,36,8.35,68378.5,8,773.0,28.4,4,0,credit_card,OWN,45,0.020323989069376564,0
4817,8773,36,8.95,40296.49,8,744.0,21.6,3,0,credit_card,RENT,52,0.009039776008539963,0
4818,38584,36,12.22,52382.17,10,665.0,23.21,6,0,debt_consolidation,RENT,52,0.033281038614300075,0
4819,31894,60,6.39,51689.59,16,628.0,11.64,4,0,credit_card,MORTGAGE,62,0.017039747185449837,0
4820,2717,60,15.53,99719.23,2,721.0,29.73,3,0,credit_card,RENT,51,0.017533377862992083,0
4821,13676,36,6.44,64011.09,28,704.0,,4,0,home_improvement,OWN,68,0.008676007142164077,0
4822,6434,60,11.4,116427.08,0,655.0,19.95,9,1,major_purchase,RENT,23,0.02677048405087198,0
4823,39825,36,10.26,49685.07,0,674.0,19.59,9,0,credit_card,RENT,45,0.026316248458074707,0
4824,31100,36,10.0,49626.66,5,715.0,12.18,3,0,debt_consolidation,OWN,66,0.012118853655512251,0
4825,6994,60,5.58,88752.19,13,694.0,7.59,7,0,debt_consolidation,OWN,69,0.005931552982443528,0
4826,6234,36,11.82,8000.0,29,702.0,15.38,7,0,home_improvement,MORTGAGE,24,0.010342267700221458,0
4827,5764,60,7.17,79512.71,27,696.0,13.18,3,1,debt_consolidation,OWN,50,0.012188247234050487,0
4828,45949,36,12.56,57681.03,13,724.0,7.0,4,0,credit_card,RENT,38,0.014385848083385317,0
4829,39405,36,8.96,62830.44,6,647.0,11.95,7,1,home_improvement,MORTGAGE,59,0.03396399870273224,0
4830,36872,36,11.8,51611.93,9,690.0,23.0,9,0,credit_card,RENT,56,0.0278531718620995,0
4831,44215,36,4.75,74748.29,29,637.0,10.89,5,1,small_business,MORTGAGE,49,0.03033642634458946,0
4832,25185,36,15.65,13837.76,3,641.0,,2,0,other,RENT,68,0.024368348769457773,0
4833,45442,36,16.39,,7,794.0,20.75,4,1,debt_consolidation,RENT,45,0.03180961943738152,0
4834,43153,60,9.79,108982.96,13,595.0,19.81,2,1,credit_card,MORTGAGE,51,0.06567905047746475,1
4835,13999,36,23.21,61600.55,0,720.0,34.16,6,0,debt_consolidation,OWN,33,0.039048480344276604,0
4836,38487,36,15.04,30438.51,5,843.0,11.46,2,0,debt_consolidation,OWN,34,0.0080991824137862,0
4837,4581,36,10.97,61548.14,9,786.0,20.25,5,0,debt_consolidation,RENT,50,0.006923543166582399,0
4838,4763,60,10.04,78680.92,25,714.0,16.77,8,0,credit_card,RENT,64,0.00913975427832821,0
4839,29374,36,8.87,62421.37,30,795.0,17.02,0,0,other,MORTGAGE,46,0.008096290835033736,0
4840,40759,36,9.64,57183.51,9,704.0,,4,0,home_improvement,OWN,27,0.017347280854003413,0
4841,12531,60,11.56,45241.0,27,662.0,,3,0,debt_consolidation,RENT,36,0.013879303276225715,0
4842,27307,36,11.82,28356.67,0,681.0,13.05,8,1,debt_consolidation,OWN,31,0.026678407854731804,0
4843,32835,36,6.38,13238.22,13,734.0,16.9,6,0,credit_card,MORTGAGE,56,0.011631944554353674,0
4844,13064,60,17.42,39217.54,6,805.0,5.63,7,0,major_purchase,OWN,48,0.005751537084404996,0
4845,13312,60,15.15,92832.58,16,744.0,15.51,5,0,debt_consolidation,MORTGAGE,44,0.010773221945305129,0
4846,39548,36,19.39,49383.07,23,675.0,9.97,1,0,debt_consolidation,RENT,49,0.025812623707797064,0
4847,38945,36,13.47,55929.69,0,642.0,8.99,4,0,debt_consolidation,RENT,44,0.022977369910025625,0
4848,49937,60,16.19,21935.06,27,564.0,2.1,3,0,credit_card,RENT,58,0.03872556366985096,0
4849,8476,36,7.0,60161.1,0,672.0,5.0,4,0,credit_card,OWN,58,0.006545047902847421,0
4850,26565,60,14.41,49912.64,16,618.0,13.5,6,0,credit_card,RENT,71,0.026436948358287925,0
4851,4382,36,4.83,51667.68,0,736.0,24.17,11,0,debt_consolidation,MORTGAGE,45,0.008492357622496,0
4852,24463,36,8.11,45142.03,23,665.0,15.96,5,0,debt_consolidation,MORTGAGE,67,0.015415594528249003,0
4853,47276,36,22.03,45492.83,2,738.0,16.74,4,0,credit_card,RENT,46,0.03163392719845452,0
4854,35402,60,10.6,53916.9,6,830.0,20.36,4,0,credit_card,MORTGAGE,27,0.009588462484874603,0
4855,28345,60,11.92,59212.91,27,672.0,9.71,0,0,credit_card,RENT,56,0.014333762886255113,0
4856,46764,36,14.81,8000.0,19,690.0,7.59,8,1,home_improvement,MORTGAGE,54,0.03453555175396371,0
4857,28946,60,11.84,17976.47,18,,19.85,5,1,debt_consolidation,OWN,22,,0
4858,16162,36,7.91,46812.62,17,663.0,15.27,5,0,credit_card,MORTGAGE,23,0.012761737180643419,0
4859,48773,36,8.01,83056.75,9,687.0,22.04,5,0,credit_card,RENT,72,0.027533290683745694,0
4860,10397,60,15.21,24591.48,28,659.0,11.25,4,0,debt_consolidation,MORTGAGE,72,0.01412532439345261,0
4861,24335,60,13.19,74513.27,21,761.0,23.94,5,0,credit_card,OWN,42,0.015334451647497343,0
4862,47095,60,15.35,101416.6,7,667.0,9.28,1,0,small_business,RENT,19,0.02505274426072475,0
4863,16394,60,14.35,53334.29,16,605.0,18.08,3,0,home_improvement,RENT,53,0.02708227673079646,0
4864,29197,36,12.24,48783.72,30,610.0,21.84,4,1,debt_consolidation,OWN,24,0.05729932342724972,0
4865,24010,36,12.05,73441.94,23,,9.86,2,0,debt_consolidation,OWN,44,,0
4866,26123,60,12.39,62726.75,0,653.0,5.92,5,0,small_business,OWN,35,0.014213606242644259,0
4867,24387,36,10.55,44438.71,16,733.0,10.47,7,0,small_business,OWN,40,0.009527875100513115,0
4868,4890,36,10.59,66815.25,25,729.0,15.67,7,0,debt_consolidation,OWN,45,0.008163380787338585,0
4869,29769,36,14.01,42853.93,4,734.0,14.49,4,0,major_purchase,RENT,23,0.014223698109343146,0
4870,45626,36,17.76,94401.39,29,681.0,27.26,3,0,debt_consolidation,OWN,26,0.05141311949431573,0
4871,10026,60,5.3,54633.11,6,740.0,,10,0,credit_card,MORTGAGE,71,0.006532056308209773,0
4872,5306,36,21.55,70587.26,6,665.0,25.45,8,0,credit_card,MORTGAGE,51,0.03051993013751612,0
4873,35665,60,14.77,101617.07,1,570.0,24.57,5,1,credit_card,RENT,53,0.10106925690599862,0
4874,11277,36,13.74,55482.68,0,737.0,15.56,9,0,small_business,RENT,59,0.010487171305822083,0
4875,44239,36,7.97,41219.4,8,639.0,2.99,7,0,major_purchase,OWN,66,0.01612512682169768,0
4876,49664,36,9.15,45690.47,10,667.0,10.33,8,0,debt_consolidation,RENT,37,0.021710279623957295,0
4877,16683,36,14.45,59913.27,5,658.0,23.4,2,0,credit_card,OWN,24,0.02446267345496266,0
4878,2670,36,13.0,56417.03,10,711.0,15.44,4,1,credit_card,OWN,18,0.015443546878976921,0
4879,25675,36,6.83,55542.61,6,690.0,26.02,4,0,small_business,RENT,34,0.018813275835601478,0
4880,19889,36,8.55,68743.27,23,666.0,,6,1,debt_consolidation,RENT,63,0.022737938897844374,0
4881,46535,36,9.04,63047.75,28,776.0,7.89,8,0,debt_consolidation,RENT,45,0.009682552415859042,0
4882,15006,36,8.7,48444.3,9,675.0,18.08,4,0,debt_consolidation,MORTGAGE,32,0.01336474700787106,0
4883,28531,36,13.09,60268.64,22,666.0,32.25,3,1,debt_consolidation,OTHER,74,0.06292144923586453,0
4884,23639,36,7.9,42750.64,22,728.0,12.05,4,0,home_improvement,MORTGAGE,66,0.008764696979490595,0
4885,18633,36,15.12,47902.44,14,,29.06,6,0,debt_consolidation,RENT,56,,0
4886,36660,60,6.06,8000.0,2,733.0,37.81,4,1,credit_card,OTHER,68,0.044813379120677566,0
4887,5439,36,15.9,39170.17,1,644.0,10.69,4,1,debt_consolidation,OWN,62,0.023143631114470913,0
4888,34172,60,24.24,80392.29,26,702.0,4.28,4,0,home_improvement,RENT,59,0.02072726917471792,0
4889,37622,60,15.12,75721.28,3,685.0,9.28,5,1,credit_card,OWN,57,0.03135999484665346,0
4890,13577,36,9.82,78274.72,3,668.0,9.38,7,1,debt_consolidation,OWN,18,0.01711965785687372,0
4891,13763,60,10.0,70636.67,1,624.0,12.36,5,0,debt_consolidation,OWN,25,0.015152220526546432,0
4892,22176,36,7.51,,8,693.0,18.43,8,2,debt_consolidation,OWN,18,0.036552091992473806,0
4893,46386,60,16.31,28371.92,12,745.0,1.77,3,0,credit_card,OWN,22,0.012419625037475209,0
4894,26255,60,12.65,52070.99,12,778.0,16.27,5,0,credit_card,MORTGAGE,54,0.010357836949003038,0
4895,43003,36,4.76,8000.0,3,749.0,21.51,4,0,debt_consolidation,MORTGAGE,47,0.014125602912151192,0
4896,21996,36,6.19,88556.18,0,653.0,17.74,7,0,debt_consolidation,OWN,22,0.015689032031240308,0
4897,37386,36,4.97,65123.98,4,624.0,22.98,6,2,credit_card,MORTGAGE,26,0.0745658742315894,0
4898,23062,36,15.05,81364.41,8,590.0,21.33,5,0,other,OWN,37,0.04019220421012348,0
4899,37931,36,7.99,47162.55,10,743.0,29.54,6,1,debt_consolidation,RENT,28,0.0352882263304544,0
4900,37710,36,15.34,19848.17,3,729.0,10.79,3,0,small_business,OWN,56,0.01565478565839248,0
4901,36693,36,9.77,64606.78,2,647.0,36.75,9,1,credit_card,OWN,72,0.08709439141088857,0
4902,37740,36,15.17,64304.75,21,635.0,10.88,3,0,debt_consolidation,OWN,73,0.02708016890438243,0
4903,13705,60,10.97,56562.68,22,756.0,9.48,8,1,major_purchase,RENT,27,0.010941398074617083,0
4904,45408,60,15.8,67130.72,3,738.0,16.56,4,0,debt_consolidation,OWN,29,0.02236935485293677,0
4905,30047,36,8.83,48059.33,9,758.0,18.82,5,0,small_business,OTHER,41,0.011512301939435804,0
4906,12966,36,9.06,64978.45,7,714.0,19.77,3,0,credit_card,OWN,46,0.010977384462235283,0
4907,19374,36,10.18,71719.2,1,719.0,27.96,2,3,small_business,RENT,48,0.07384180652829567,0
4908,13138,36,15.34,101889.43,27,556.0,34.48,3,0,major_purchase,OWN,71,0.06617168203418983,0
4909,17935,60,7.67,79143.96,0,658.0,20.06,2,0,debt_consolidation,OWN,37,0.01577543661715185,0
4910,47913,36,9.69,29020.18,2,801.0,32.14,5,2,major_purchase,RENT,22,0.058544496315551926,0
4911,2489,36,11.0,50257.3,5,646.0,26.8,5,0,credit_card,OWN,67,0.019758406866187007,0
4912,46516,60,13.6,38613.44,22,693.0,1.83,9,1,debt_consolidation,MORTGAGE,71,0.025718743028633133,0
4913,24260,60,10.42,94273.95,18,773.0,22.64,5,1,home_improvement,OWN,53,0.0193371614611404,0
4914,28069,36,14.31,47745.84,9,732.0,0.15,9,0,debt_consolidation,MORTGAGE,35,0.008416408994138315,0
4915,21275,36,9.01,53401.03,13,622.0,26.4,2,0,debt_consolidation,RENT,34,0.028470587690097266,0
4916,38284,36,15.96,57201.94,5,610.0,22.47,6,1,debt_consolidation,RENT,23,0.08412932284067465,0
4917,41178,36,15.03,70069.2,27,777.0,25.53,2,0,debt_consolidation,RENT,71,0.021972631448471117,0
4918,34821,60,9.71,30260.03,0,724.0,6.61,7,0,debt_consolidation,RENT,71,0.010174138205360544,0
4919,18999,36,14.88,59730.76,0,701.0,22.41,6,1,credit_card,RENT,52,0.03306614952574918,0
4920,40712,36,7.63,83465.53,26,710.0,20.02,4,0,credit_card,RENT,33,0.018461024448466843,0
4921,42172,60,12.65,51782.41,27,658.0,12.82,2,0,small_business,OWN,72,0.02438119031485001,0
4922,35722,60,8.84,105714.77,7,627.0,20.18,3,1,debt_consolidation,OWN,33,0.04660328788769861,0
4923,12625,60,13.25,37893.08,9,706.0,11.09,4,0,credit_card,OWN,27,0.010076716332241406,0
4924,3629,36,11.32,47385.17,25,644.0,13.17,6,0,home_improvement,OWN,29,0.01226554232584952,0
4925,12973,36,8.96,79359.78,22,645.0,25.37,10,1,small_business,MORTGAGE,20,0.03564880199088992,0
4926,8859,36,5.71,60817.93,23,658.0,16.75,4,0,debt_consolidation,RENT,32,0.010715189014174403,0
4927,43609,36,11.14,54280.88,5,727.0,19.99,6,0,other,RENT,27,0.021389783860531534,0
4928,45307,36,16.77,32015.44,21,638.0,18.28,8,1,home_improvement,RENT,65,0.07431920939835719,0
4929,47450,36,13.14,45420.56,0,633.0,20.81,2,0,credit_card,RENT,30,0.043538288996832424,0
4930,38046,36,5.74,105767.46,7,623.0,18.36,1,1,credit_card,OWN,24,0.039328616073916904,0
4931,23839,60,11.07,67984.83,3,671.0,0.76,5,0,major_purchase,MORTGAGE,74,0.009328396179921764,0
4932,29216,36,16.75,74410.92,0,741.0,10.8,2,0,debt_consolidation,RENT,33,0.013097110650844682,0
4933,20945,60,10.76,44409.87,10,671.0,13.01,3,0,debt_consolidation,RENT,40,0.013806678192839617,0
4934,8539,36,8.11,64869.01,0,680.0,2.72,5,0,debt_consolidation,MORTGAGE,52,0.0060904756416039,0
4935,35625,60,18.99,53100.14,0,691.0,18.29,9,0,debt_consolidation,RENT,27,0.031910173546336906,0
4936,6886,36,7.68,28820.38,0,660.0,11.03,7,0,debt_consolidation,RENT,71,0.009220342332199394,0
4937,47713,60,11.09,41642.83,29,625.0,9.85,7,0,debt_consolidation,OWN,31,0.02854702876038183,1
4938,9485,36,9.54,47004.49,0,654.0,1.88,9,1,debt_consolidation,OTHER,64,0.012842114833375148,0
4939,33455,36,14.61,112378.41,3,646.0,14.24,9,0,credit_card,MORTGAGE,69,0.02747017159990537,0
4940,48448,60,13.93,106769.04,11,675.0,19.63,3,0,home_improvement,OWN,41,0.03491364019419438,0
4941,18767,36,8.42,18155.83,20,653.0,18.22,6,0,credit_card,OWN,73,0.01657965992247174,0
4942,49165,36,9.2,39346.31,10,694.0,22.47,3,0,debt_consolidation,RENT,67,0.028143274016561824,0
4943,30453,60,12.56,55448.35,29,673.0,14.13,3,0,debt_consolidation,RENT,55,0.018784869512891957,0
4944,12744,60,12.87,60659.11,5,643.0,25.23,3,2,debt_consolidation,OWN,46,0.06474153292922578,0
4945,39102,36,11.08,56710.88,7,767.0,22.97,3,1,small_business,OWN,61,0.027460555633730333,0
4946,14226,36,10.77,106249.27,20,709.0,15.71,6,0,home_improvement,MORTGAGE,62,0.011067863302653835,0
4947,29869,36,7.09,48193.39,12,668.0,15.4,3,0,debt_consolidation,RENT,49,0.015365889886167241,0
4948,24588,36,19.4,105397.35,2,648.0,33.09,11,0,debt_consolidation,RENT,73,0.060503663642609555,0
4949,15440,60,14.55,84042.85,8,735.0,13.81,4,2,credit_card,RENT,43,0.028434651706168948,0
4950,33709,36,12.02,58431.35,29,628.0,31.57,7,0,debt_consolidation,OWN,33,0.05166045562423987,0
4951,49788,36,15.9,43885.19,23,764.0,23.49,8,1,debt_consolidation,RENT,35,0.04636925079568134,0
4952,24495,60,11.18,43509.25,2,594.0,10.64,2,0,debt_consolidation,RENT,33,0.02146779066717899,0
4953,39019,36,8.74,108566.44,2,846.0,17.51,5,1,other,OWN,66,0.012639355110993743,0
4954,46948,36,13.38,78028.27,21,655.0,13.65,5,0,debt_consolidation,MORTGAGE,52,0.030001707921317657,0
4955,2922,36,12.56,67369.84,2,602.0,11.54,5,0,debt_consolidation,RENT,63,0.01530789952463122,0
4956,29526,36,18.73,8000.0,7,640.0,17.37,4,1,debt_consolidation,OWN,60,0.055820242324939665,0
4957,9957,36,9.05,47637.85,2,661.0,,0,0,credit_card,OWN,57,0.011381041872276313,0
4958,35998,36,8.15,50759.74,0,646.0,11.07,4,0,home_improvement,OWN,37,0.017710297978464566,0
4959,45395,36,20.4,65441.5,23,701.0,18.25,5,1,credit_card,RENT,57,0.06019404477072693,0
4960,26031,36,16.74,56579.41,18,697.0,,4,0,small_business,RENT,47,0.01918265056444446,0
4961,12006,36,14.55,50405.21,7,850.0,14.74,7,0,home_improvement,RENT,28,0.00536339648968882,0
4962,39701,36,9.27,68049.6,1,685.0,19.25,3,0,credit_card,RENT,64,0.021828255672649233,0
4963,49063,36,13.67,82486.8,19,600.0,,7,0,debt_consolidation,RENT,25,0.046742110187708845,0
4964,27939,36,6.84,45081.42,5,670.0,10.6,4,0,credit_card,OWN,72,0.012066051423316185,0
4965,22324,36,9.95,35247.78,11,688.0,28.54,4,0,debt_consolidation,RENT,33,0.022923105006504692,0
4966,24867,36,7.35,45934.62,4,649.0,14.66,2,0,other,OTHER,65,0.01517581635401397,0
4967,2203,36,8.99,35995.3,6,719.0,12.16,10,0,credit_card,OWN,60,0.006799793618011027,0
4968,18544,36,7.23,53349.31,8,726.0,27.78,11,1,home_improvement,MORTGAGE,56,0.025273019697317503,0
4969,17899,60,14.78,110089.61,17,642.0,20.54,7,0,other,OWN,72,0.026251753745567277,0
4970,31063,36,19.15,51502.19,21,659.0,25.05,2,1,home_improvement,RENT,24,0.06893019032351842,0
4971,27344,60,15.91,32486.85,7,566.0,10.1,7,1,debt_consolidation,MORTGAGE,61,0.05574439659666805,0
4972,5748,60,15.0,48944.5,3,628.0,33.02,4,0,debt_consolidation,MORTGAGE,30,0.035838364449577394,0
4973,41486,36,10.66,99031.28,1,664.0,7.68,4,0,debt_consolidation,MORTGAGE,57,0.01756579205635038,0
4974,3093,36,12.77,53040.62,5,,24.34,3,0,debt_consolidation,RENT,71,,0
4975,17228,60,7.71,39788.51,19,672.0,23.12,5,1,small_business,RENT,51,0.027195278262961343,0
4976,22884,36,6.8,16723.09,3,629.0,16.61,4,0,debt_consolidation,OTHER,29,0.01760310655332094,0
4977,27183,60,6.19,51654.67,0,746.0,24.75,6,0,debt_consolidation,OWN,64,0.013088582511335588,0
4978,18034,36,7.12,23788.31,9,740.0,6.2,4,0,other,MORTGAGE,50,0.005566980160559524,0
4979,7710,36,14.75,65405.65,0,746.0,17.7,4,0,debt_consolidation,MORTGAGE,56,0.010087694941410487,0
4980,44500,36,15.19,49469.42,24,773.0,24.72,8,0,credit_card,OTHER,64,0.02485081307985079,0
4981,21259,36,8.39,8000.0,12,621.0,26.53,5,0,debt_consolidation,OWN,26,0.02874514547362371,0
4982,37959,36,13.17,101583.7,3,706.0,24.71,3,0,home_improvement,MORTGAGE,63,0.027924745298374288,0
4983,35457,36,16.57,113440.62,7,735.0,0.5,3,0,debt_consolidation,MORTGAGE,23,0.010227853780291622,0
4984,22143,60,11.39,66418.06,16,816.0,24.38,5,0,credit_card,MORTGAGE,36,0.009868987555061898,0
4985,4103,60,9.03,98407.95,26,770.0,19.89,5,1,credit_card,RENT,71,0.011086924450287958,0
4986,2365,36,10.33,65730.39,23,665.0,28.78,6,1,debt_consolidation,MORTGAGE,59,0.03032466210380798,1
4987,48778,60,17.72,11327.65,0,585.0,17.51,5,0,credit_card,MORTGAGE,68,0.06610991584472817,0
4988,46535,60,11.72,53622.68,0,607.0,2.8,9,0,home_improvement,MORTGAGE,30,0.024763722445059335,0
4989,18103,60,20.54,44196.29,10,720.0,17.69,6,0,credit_card,RENT,73,0.01958254206688731,0
4990,34510,36,9.33,22575.93,8,684.0,6.06,1,0,debt_consolidation,OWN,65,0.01160209120737308,0
4991,26476,60,9.98,60041.66,4,638.0,19.5,6,0,debt_consolidation,RENT,18,0.023904819764469232,0
4992,14742,36,6.38,41364.74,29,561.0,9.62,8,0,other,MORTGAGE,36,0.01733807822227312,1
4993,14391,36,16.29,64696.13,16,733.0,28.69,8,1,small_business,RENT,65,0.03495612037651792,0
4994,38940,60,12.38,78331.89,13,611.0,18.76,2,0,home_improvement,OWN,32,0.037406021761435426,0
4995,30901,36,8.4,102459.13,2,765.0,1.5,1,0,home_improvement,RENT,26,0.0053145405605457266,0
4996,34001,36,10.57,59173.35,4,620.0,28.83,2,0,small_business,OWN,34,0.04359329050130517,0
4997,17623,60,13.94,31947.33,10,653.0,36.74,4,0,credit_card,MORTGAGE,67,0.04273999128561837,0
4998,4378,36,8.69,46570.65,19,640.0,,3,1,credit_card,RENT,59,0.019115784841499305,0
4999,23372,60,13.37,49494.75,27,718.0,7.65,7,0,debt_consolidation,RENT,19,0.010497553577756015,0
5000,46799,60,15.6,117471.39,13,640.0,8.18,4,1,credit_card,RENT,68,0.04711871760149277,0
5001,40437,36,10.27,57322.51,6,667.0,0.79,7,0,major_purchase,MORTGAGE,47,0.013020040338015687,0
5002,37503,36,4.55,72724.88,13,659.0,21.76,3,0,small_business,OWN,32,0.021330834486396732,0
5003,32746,60,10.92,87202.07,0,627.0,12.35,10,0,credit_card,MORTGAGE,64,0.023728126266058323,0
5004,29923,36,9.98,94404.75,10,681.0,11.82,3,0,home_improvement,RENT,72,0.014262730244438507,0
5005,11867,60,7.02,65144.17,24,696.0,15.23,4,0,debt_consolidation,MORTGAGE,25,0.009116960812865229,0
5006,43258,60,14.35,51258.58,10,722.0,28.48,5,0,home_improvement,RENT,72,0.03522496111347537,0
5007,35724,36,14.5,47719.39,0,717.0,15.16,3,0,home_improvement,OWN,26,0.018412886364651836,0
5008,11306,36,12.87,27929.65,13,723.0,13.8,6,0,debt_consolidation,RENT,44,0.00988913736931468,0
5009,41391,60,10.27,82200.59,15,574.0,9.63,3,0,debt_consolidation,OWN,45,0.031144434018284477,0
5010,16908,36,12.54,128491.66,8,679.0,21.56,4,0,debt_consolidation,RENT,66,0.018771971459402376,0
5011,29081,36,9.4,93795.3,20,626.0,9.9,4,0,home_improvement,OWN,41,0.017664429268826443,0
5012,39228,60,14.74,60525.61,2,681.0,13.88,10,0,small_business,OTHER,21,0.025105556644894642,0
5013,25386,60,10.25,27872.84,6,688.0,26.51,6,1,debt_consolidation,OWN,39,0.03778302657363296,0
5014,48754,36,10.99,46139.27,20,692.0,6.7,1,0,small_business,OWN,66,0.016311803283515655,0
5015,47406,36,11.32,70065.82,10,584.0,3.88,6,0,credit_card,MORTGAGE,51,0.028618108674832988,0
5016,30302,36,25.07,51487.84,30,824.0,13.08,8,0,other,MORTGAGE,29,0.014325853186255837,0
5017,21212,60,7.92,56832.2,0,818.0,16.82,6,0,credit_card,OWN,33,0.006030000086161575,0
5018,37618,60,10.12,69626.2,3,643.0,21.0,2,2,debt_consolidation,RENT,54,0.07658765338581805,0
5019,48067,60,5.59,65320.52,2,613.0,,11,0,home_improvement,MORTGAGE,19,0.029969131274911038,0
5020,12698,36,13.02,118100.05,29,850.0,18.18,10,0,debt_consolidation,OWN,40,0.0059532911219402984,0
5021,6594,60,18.92,116919.32,23,746.0,30.78,5,0,credit_card,MORTGAGE,38,0.020493923770395377,0
5022,27525,60,11.08,52267.99,1,725.0,21.68,6,0,debt_consolidation,OWN,30,0.01681873598079568,0
5023,16282,36,9.43,85795.44,5,607.0,14.81,5,0,home_improvement,OWN,49,0.018845421987824927,0
5024,16334,36,11.76,25208.99,0,777.0,17.3,3,0,debt_consolidation,RENT,22,0.008364823828658757,0
5025,31179,60,16.14,83520.75,10,628.0,15.92,3,0,credit_card,MORTGAGE,66,0.03165721673604058,0
5026,8644,36,17.53,72096.61,4,669.0,24.23,7,0,debt_consolidation,MORTGAGE,51,0.024712574976685695,0
5027,37618,36,7.81,37453.87,3,763.0,28.82,2,1,small_business,OWN,34,0.028963152413542078,0
5028,49701,36,14.63,88833.12,8,655.0,16.83,4,0,debt_consolidation,RENT,28,0.03764149555242192,0
5029,34933,36,11.59,34373.31,19,694.0,7.83,3,0,debt_consolidation,RENT,44,0.013484475520233179,0
5030,45469,36,17.77,56678.72,6,750.0,27.35,7,1,debt_consolidation,OWN,57,0.057969535048528226,0
5031,35687,36,21.18,63645.35,17,607.0,10.82,8,0,home_improvement,MORTGAGE,19,0.04284157137124977,0
5032,43073,60,19.28,17758.65,7,750.0,18.72,4,1,debt_consolidation,RENT,42,0.04165685347768619,0
5033,19375,60,8.06,63986.93,2,776.0,0.0,4,0,debt_consolidation,MORTGAGE,53,0.003775273615623368,0
5034,32926,60,8.63,37456.14,7,676.0,12.39,4,1,credit_card,OWN,66,0.024593311133304326,0
5035,38607,36,18.78,49676.18,8,754.0,23.81,7,0,debt_consolidation,RENT,25,0.028182686560945774,0
5036,19642,60,11.58,57565.23,7,633.0,23.03,4,0,home_improvement,RENT,51,0.026212416050311365,0
5037,25993,60,8.92,17610.66,3,588.0,9.8,4,0,debt_consolidation,RENT,33,0.020230221974978126,0
5038,46386,36,6.55,47303.7,2,561.0,20.81,4,0,credit_card,MORTGAGE,31,0.04795359526940717,0
5039,48287,36,12.56,55626.81,27,711.0,0.0,1,0,credit_card,OWN,53,0.01198241899944695,0
5040,23188,36,10.35,50835.36,4,707.0,8.87,6,1,debt_consolidation,RENT,57,0.016367736510511877,0
5041,34596,60,13.56,36164.1,14,645.0,10.73,4,0,credit_card,RENT,45,0.022294249083643268,0
5042,29772,36,12.76,26135.02,5,750.0,25.57,5,1,credit_card,RENT,19,0.03095549535488815,0
5043,32857,60,7.14,34522.68,29,641.0,15.39,4,0,debt_consolidation,OWN,62,0.01933602369981465,0
5044,12776,36,8.73,11560.11,30,605.0,21.45,5,0,major_purchase,RENT,71,0.022313875014183686,0
5045,34835,36,15.78,38835.04,21,623.0,23.48,5,0,debt_consolidation,RENT,37,0.04683755532097056,0
5046,11788,60,16.13,90709.96,9,765.0,,6,1,credit_card,RENT,37,0.015708192714667706,0
5047,7660,36,10.51,21382.97,8,730.0,28.17,6,0,other,OTHER,53,0.013863982550872716,0
5048,6478,36,12.7,82736.48,4,670.0,11.04,3,0,credit_card,OWN,32,0.010625249306237589,0
5049,10210,60,7.84,26440.48,0,664.0,19.47,6,1,debt_consolidation,RENT,65,0.021902683653085456,0
5050,12922,60,11.79,72588.85,0,646.0,1.22,11,0,major_purchase,RENT,30,0.009763817708952975,0
5051,38289,36,16.42,125751.99,7,534.0,23.08,5,1,debt_consolidation,RENT,39,0.13078679069468765,1
5052,35340,36,18.67,74755.2,29,584.0,22.46,4,0,credit_card,OWN,25,0.06444667548348043,0
5053,41850,36,11.5,55198.08,3,672.0,14.55,8,0,major_purchase,OWN,41,0.023939377509717325,0
5054,40163,60,10.74,55953.03,6,715.0,13.08,2,0,small_business,OWN,36,0.015420148576453137,0
5055,20642,36,6.25,82199.03,10,660.0,26.51,10,0,debt_consolidation,OWN,50,0.021368025141548532,0
5056,13094,36,9.61,69841.55,5,587.0,13.44,5,0,credit_card,OWN,28,0.019039433233674408,0
5057,24423,36,11.73,66649.12,0,778.0,25.63,7,1,debt_consolidation,MORTGAGE,34,0.02302591063242803,0
5058,35418,60,11.3,48276.18,6,598.0,13.81,6,0,credit_card,RENT,67,0.030702127938861686,0
5059,7741,60,9.73,68252.69,19,681.0,21.58,6,0,debt_consolidation,OWN,71,0.013768876680720157,0
5060,48049,60,16.75,15198.84,27,690.0,7.58,8,1,credit_card,OWN,62,0.038853824141737235,0
5061,8838,36,13.66,45049.35,3,821.0,13.36,3,1,credit_card,RENT,42,0.008561852355436174,0
5062,5262,60,11.34,104723.07,26,623.0,18.83,4,0,home_improvement,RENT,39,0.017592042297807083,0
5063,6996,36,14.73,81799.64,23,683.0,33.55,4,0,small_business,OWN,52,0.02686809800830093,0
5064,46594,36,11.9,56770.98,6,691.0,27.64,4,0,debt_consolidation,MORTGAGE,20,0.038290154087164845,0
5065,24164,60,18.21,32696.88,0,612.0,15.18,1,0,credit_card,MORTGAGE,56,0.03195283193718151,0
5066,37595,36,8.82,110353.67,22,698.0,28.35,6,0,credit_card,RENT,68,0.027892732089408408,0
5067,32257,36,13.31,44432.61,4,654.0,16.23,4,0,other,OWN,32,0.02474296151816982,0
5068,16211,60,4.0,36050.89,17,661.0,23.68,5,0,home_improvement,RENT,63,0.014853131744285274,0
5069,32453,36,10.43,64347.55,9,637.0,16.26,6,0,debt_consolidation,RENT,41,0.024338885729928934,0
5070,7232,36,12.61,46490.17,2,751.0,11.73,6,0,debt_consolidation,RENT,48,0.007022003005006893,0
5071,4217,36,10.72,9665.13,10,672.0,13.93,5,1,credit_card,RENT,48,0.017049129383445476,0
5072,26229,36,7.58,23973.3,17,632.0,3.28,4,0,debt_consolidation,MORTGAGE,40,0.011348907471057861,0
5073,16232,60,9.22,55050.3,7,550.0,13.87,6,0,debt_consolidation,MORTGAGE,31,0.025343569517405053,0
5074,27613,36,7.97,31782.17,16,793.0,8.43,5,0,credit_card,RENT,45,0.005652212336198354,0
5075,16026,60,11.52,21188.78,6,685.0,20.53,3,0,small_business,RENT,29,0.016106733623523887,0
5076,30554,36,15.14,23364.62,29,757.0,24.41,7,1,debt_consolidation,OWN,58,0.033005455109900494,0
5077,32908,36,10.61,55354.15,3,754.0,14.48,7,0,major_purchase,RENT,53,0.011702977338325643,0
5078,21610,36,19.24,56776.09,18,702.0,7.02,5,0,credit_card,RENT,21,0.014245026358061172,0
5079,48646,60,12.91,81011.44,16,735.0,26.09,6,0,small_business,OWN,37,0.0311293503255114,1
5080,41605,36,4.0,29941.61,8,756.0,14.91,9,0,debt_consolidation,OWN,49,0.010277170040018537,0
5081,9031,60,13.33,55378.81,5,618.0,27.15,4,0,credit_card,RENT,72,0.029745515820627358,0
5082,49574,36,11.8,43228.43,7,734.0,20.3,5,0,credit_card,RENT,35,0.02388056506157367,0
5083,27515,60,17.51,73783.91,10,697.0,32.94,5,0,small_business,RENT,47,0.04154282736613526,0
5084,38484,60,11.93,60427.85,8,627.0,16.36,4,1,credit_card,MORTGAGE,45,0.04966944128963649,0
5085,38182,60,10.99,68577.79,17,732.0,1.58,6,0,major_purchase,RENT,74,0.008962883436048143,0
5086,2570,60,20.29,90801.99,5,622.0,19.11,4,0,other,MORTGAGE,72,0.026295757261424975,0
5087,34254,36,4.0,64956.06,0,713.0,10.27,2,2,debt_consolidation,OWN,34,0.023843297006118747,0
5088,21288,60,10.62,87404.59,8,697.0,10.16,4,0,other,MORTGAGE,37,0.01067793989059059,0
5089,15288,36,13.06,27251.99,3,641.0,28.33,2,0,debt_consolidation,OWN,70,0.029769768404197396,0
5090,31877,36,10.4,23508.2,10,793.0,20.2,10,0,credit_card,MORTGAGE,54,0.011630105235292714,0
5091,20889,36,4.0,93103.54,8,732.0,12.31,6,0,credit_card,RENT,64,0.006882821445276814,0
5092,2917,36,13.62,67003.03,18,632.0,18.26,9,0,debt_consolidation,OWN,39,0.018302240435015934,0
5093,12066,36,10.17,74901.9,9,755.0,18.21,2,1,debt_consolidation,OWN,57,0.01362970815661071,0
5094,31504,36,11.46,89236.81,6,659.0,2.89,8,0,credit_card,MORTGAGE,28,0.013316834415669504,0
5095,8982,36,17.04,41068.31,0,656.0,24.87,6,0,debt_consolidation,MORTGAGE,60,0.026608387371123064,1
5096,41104,36,13.22,44604.48,0,737.0,23.91,8,0,debt_consolidation,OWN,25,0.02527055638484236,0
5097,20062,36,9.52,80524.11,10,719.0,15.07,8,0,home_improvement,RENT,71,0.01094399558361667,0
5098,18999,60,13.57,51364.82,24,665.0,19.82,3,2,debt_consolidation,OWN,58,0.05423231573308307,0
5099,11941,60,10.3,46089.7,6,774.0,8.18,3,0,major_purchase,RENT,51,0.00505162941134353,0
5100,25470,60,10.79,28250.58,8,633.0,33.28,4,1,debt_consolidation,MORTGAGE,36,0.06736426605603707,0
5101,47148,36,15.03,82344.37,9,,25.39,7,0,home_improvement,OWN,53,,0
5102,23133,36,9.43,46407.48,7,635.0,13.79,6,1,major_purchase,OTHER,56,0.028909764062965672,0
5103,46435,60,14.25,82014.48,0,702.0,9.19,5,0,major_purchase,MORTGAGE,40,0.019778171918782513,0
5104,6529,60,11.08,72363.0,9,659.0,14.07,3,1,home_improvement,MORTGAGE,30,0.019329198509833192,0
5105,19519,60,9.97,94833.43,1,728.0,11.87,4,0,debt_consolidation,MORTGAGE,28,0.008886286748723691,0
5106,14192,36,9.98,17739.11,9,558.0,21.29,5,2,credit_card,RENT,59,0.0821445059775472,0
5107,10566,36,9.54,8000.0,18,617.0,14.16,6,1,debt_consolidation,MORTGAGE,50,0.025648675712931376,0
5108,9226,60,12.36,103851.56,0,715.0,3.75,9,0,credit_card,RENT,55,0.006709624870481573,0
5109,39930,36,10.9,85289.9,6,733.0,14.51,4,0,home_improvement,MORTGAGE,18,0.015008741034129618,0
5110,23259,36,17.48,34386.62,16,642.0,12.13,5,1,major_purchase,OWN,32,0.03813946108710481,0
5111,36087,60,8.45,39453.72,8,745.0,24.54,4,0,credit_card,RENT,34,0.017054157648900507,0
5112,3141,60,14.17,61171.62,3,638.0,34.14,5,0,debt_consolidation,RENT,21,0.032575402734164136,0
5113,6627,36,16.57,54947.47,13,711.0,17.18,1,0,debt_consolidation,RENT,61,0.012645097014980532,0
5114,49269,36,18.92,43397.19,18,672.0,18.79,5,1,debt_consolidation,OWN,54,0.07249235022686498,0
5115,4690,60,8.75,38821.1,5,590.0,11.58,5,0,small_business,RENT,51,0.014126159965787624,0
5116,42091,36,16.1,48013.12,4,786.0,23.33,4,0,credit_card,OTHER,67,0.020918519505477424,0
5117,5255,60,12.82,72337.36,9,646.0,16.23,7,0,major_purchase,MORTGAGE,43,0.01535711708033948,0
5118,7213,60,16.21,60405.38,5,636.0,18.29,5,0,credit_card,OWN,30,0.021255810860857247,0
5119,38876,60,9.42,47728.45,21,657.0,24.65,2,1,small_business,RENT,22,0.05033158855527457,0
5120,21404,60,11.53,43305.39,18,654.0,22.89,5,0,debt_consolidation,OWN,33,0.024037243179311715,0
5121,27380,36,10.55,113592.17,4,692.0,15.76,6,0,major_purchase,RENT,35,0.015727376424737958,0
5122,27520,36,10.2,45579.59,7,652.0,24.31,4,1,debt_consolidation,OWN,39,0.04355494912104903,0
5123,21173,36,12.16,73023.61,24,649.0,31.59,2,0,home_improvement,OWN,20,0.034591611562106474,0
5124,25989,36,21.98,121587.79,1,709.0,20.47,6,0,credit_card,OTHER,19,0.029130113288933692,0
5125,44570,36,14.68,77276.93,16,680.0,22.18,12,0,debt_consolidation,RENT,27,0.03926368271340934,0
5126,26519,36,10.6,71849.46,4,708.0,22.74,3,2,major_purchase,OWN,66,0.0475154031621146,0
5127,24439,60,10.83,90883.67,0,663.0,9.64,8,0,major_purchase,MORTGAGE,32,0.014313714521198366,0
5128,13413,36,14.25,94787.98,0,698.0,21.86,8,1,major_purchase,MORTGAGE,36,0.029231532091974495,0
5129,16995,36,11.26,59320.69,3,589.0,16.89,6,0,debt_consolidation,RENT,71,0.025444050184574584,0
5130,25559,36,11.27,26788.7,9,746.0,28.05,7,0,debt_consolidation,RENT,69,0.018718996512447853,0
5131,47351,36,7.56,56127.76,25,655.0,19.13,7,0,credit_card,RENT,28,0.028754639407822535,0
5132,25513,36,11.81,74500.29,4,667.0,13.96,7,0,major_purchase,RENT,26,0.01758720383393368,0
5133,7021,36,4.0,51386.05,2,713.0,15.44,1,1,home_improvement,RENT,62,0.010353942463851632,0
5134,34464,36,4.93,54204.78,7,695.0,31.81,3,0,credit_card,RENT,71,0.0245587913595501,0
5135,23119,60,10.6,100460.8,1,718.0,42.02,6,0,other,OWN,27,0.034729463226997236,0
5136,31299,60,14.64,79640.72,3,762.0,21.21,6,0,credit_card,RENT,40,0.017029700460531746,0
5137,41350,60,18.45,74764.91,30,665.0,12.43,2,0,small_business,OWN,24,0.03008154908936308,0
5138,48223,36,13.61,34111.63,9,678.0,7.07,6,0,credit_card,RENT,53,0.021243332044908657,0
5139,27517,36,14.14,53861.04,18,841.0,14.16,2,0,home_improvement,OWN,47,0.007017820625537717,0
5140,15117,36,12.45,69567.28,2,652.0,18.47,3,0,credit_card,OWN,40,0.018553664855124465,0
5141,24250,36,15.35,76304.75,8,640.0,13.87,5,2,debt_consolidation,MORTGAGE,38,0.06107115724405353,0
5142,20950,36,12.85,99700.58,8,727.0,8.31,8,0,debt_consolidation,RENT,61,0.00958333571978965,0
5143,19359,36,13.49,76734.04,20,736.0,21.02,2,0,major_purchase,RENT,27,0.014153761200901536,0
5144,25596,60,5.75,46515.7,0,731.0,15.28,2,1,debt_consolidation,MORTGAGE,59,0.014695925791268482,0
5145,27530,36,13.05,107026.29,23,640.0,16.0,4,0,debt_consolidation,RENT,25,0.02396509388601936,0
5146,3262,36,12.09,53060.49,0,672.0,20.91,7,0,debt_consolidation,OWN,66,0.01468897703142033,0
5147,42150,36,10.34,82909.27,26,680.0,15.44,5,1,debt_consolidation,MORTGAGE,43,0.03548894687045172,0
5148,24615,36,10.63,45593.66,1,662.0,46.99,6,0,debt_consolidation,RENT,56,0.05960278802605964,0
5149,5327,60,6.66,40572.84,8,690.0,22.62,7,1,small_business,MORTGAGE,21,0.01842120217861904,0
5150,31768,36,14.16,26132.98,0,661.0,6.58,5,0,debt_consolidation,OWN,67,0.016965872682093958,0
5151,30850,36,12.94,27902.22,7,772.0,24.15,4,0,credit_card,RENT,44,0.016111171470670854,0
5152,44788,36,12.28,48133.8,4,621.0,23.01,7,0,home_improvement,OWN,40,0.048529353263480506,0
5153,18848,36,12.92,92698.28,6,785.0,20.93,5,0,credit_card,RENT,51,0.01045836193976532,0
5154,48830,36,7.02,66570.77,9,605.0,29.41,6,0,debt_consolidation,OWN,72,0.056465665049550126,0
5155,41542,60,19.05,15573.77,7,799.0,21.55,2,0,small_business,MORTGAGE,59,0.020259577834959127,0
5156,17160,60,15.77,80763.89,0,736.0,10.33,3,0,small_business,RENT,32,0.010039875005494437,0
5157,35998,60,14.48,59889.15,23,638.0,10.57,2,1,major_purchase,OWN,48,0.03949671114580779,0
5158,29230,36,17.94,97913.77,0,680.0,15.16,4,0,credit_card,OWN,50,0.024079976391753747,0
5159,11076,36,12.84,47705.6,29,722.0,25.09,4,0,credit_card,OWN,49,0.015144164415376093,0
5160,5805,36,10.87,37377.26,22,723.0,11.4,5,1,debt_consolidation,OWN,34,0.011862965295375975,1
5161,33085,60,13.1,103324.1,9,673.0,9.01,4,0,major_purchase,OTHER,68,0.01677579669651263,0
5162,16715,60,18.11,85086.9,3,619.0,39.33,2,0,debt_consolidation,OWN,56,0.06716976547298154,0
5163,7750,60,8.42,17252.93,0,743.0,18.13,4,1,debt_consolidation,OWN,54,0.01253272665425312,0
5164,15232,36,18.06,69024.52,12,697.0,13.0,2,0,other,MORTGAGE,27,0.015003419910896825,0
5165,37903,36,6.59,17311.76,2,764.0,0.0,1,1,debt_consolidation,MORTGAGE,34,0.00869357023702593,0
5166,8953,36,14.13,83886.44,15,673.0,10.83,10,1,other,RENT,18,0.02044740404129162,0
5167,34093,36,16.04,32166.91,21,692.0,11.59,4,0,small_business,MORTGAGE,29,0.019559516464596277,0
5168,27500,36,14.58,28653.97,30,765.0,17.81,5,0,small_business,OWN,52,0.013405421221795897,0
5169,24418,36,16.19,94687.06,8,694.0,16.5,7,0,small_business,RENT,59,0.020111637928417296,0
5170,36314,60,11.49,70342.75,29,602.0,21.35,5,0,credit_card,RENT,39,0.04080773080761975,0
5171,24449,36,6.91,78396.76,1,593.0,7.82,6,1,debt_consolidation,RENT,70,0.026578359421798807,0
5172,19478,36,16.2,47898.72,21,577.0,29.01,3,1,major_purchase,RENT,57,0.08931399277360436,1
5173,37179,36,19.39,57978.65,5,627.0,27.58,8,0,other,MORTGAGE,59,0.06813353480849069,0
5174,48881,36,11.34,99195.81,5,655.0,10.67,6,0,home_improvement,MORTGAGE,49,0.025367788028570856,0
5175,27338,60,14.73,68017.67,3,733.0,32.72,11,0,credit_card,MORTGAGE,49,0.030890168168116593,0
5176,28899,36,8.69,118253.23,1,741.0,7.68,3,0,debt_consolidation,RENT,37,0.007795984140170717,0
5177,6145,36,8.39,55105.15,7,554.0,10.45,1,1,small_business,OWN,40,0.02650394971080419,0
5178,34101,60,12.43,83990.68,30,717.0,10.73,4,1,debt_consolidation,RENT,72,0.022329151297845296,0
5179,4775,36,9.09,87735.34,4,658.0,12.96,4,0,debt_consolidation,OWN,63,0.010054794581566107,0
5180,47961,36,12.38,64924.81,7,701.0,10.38,4,0,debt_consolidation,OWN,22,0.019405927952749365,0
5181,33647,60,24.12,94057.14,3,796.0,14.37,6,0,major_purchase,RENT,62,0.017770940015696693,0
5182,47619,60,9.18,46618.3,5,631.0,23.82,6,0,debt_consolidation,RENT,46,0.04262231607531848,0
5183,47838,36,13.37,81562.53,0,710.0,15.62,7,1,debt_consolidation,OWN,73,0.03954605841805437,0
5184,21539,36,4.97,34015.84,28,744.0,43.51,5,1,debt_consolidation,OWN,55,0.03753152738042985,0
5185,38738,36,14.09,28403.82,8,685.0,29.35,3,0,debt_consolidation,OWN,63,0.04005048158725056,0
5186,28616,60,9.18,60983.91,15,643.0,28.3,9,0,credit_card,RENT,64,0.03374224541096459,0
5187,16119,36,13.17,56781.6,8,642.0,10.51,6,0,major_purchase,RENT,74,0.01566218404067383,0
5188,27159,60,13.06,32313.34,17,651.0,15.28,5,0,debt_consolidation,OWN,28,0.02191082585555695,0
5189,39099,60,12.56,79125.35,8,694.0,14.21,6,0,debt_consolidation,RENT,44,0.02032000726647735,0
5190,12295,60,8.21,99038.54,13,639.0,9.31,3,1,debt_consolidation,RENT,56,0.017546474393005048,0
5191,36710,36,10.86,51905.46,13,715.0,34.48,0,1,debt_consolidation,OWN,62,0.052970253636388895,0
5192,26685,36,12.94,86023.02,8,705.0,26.67,5,0,debt_consolidation,MORTGAGE,53,0.0245425067781371,1
5193,27479,36,11.03,44129.95,3,577.0,16.49,6,1,home_improvement,RENT,29,0.052584318229827204,0
5194,48172,60,17.61,55012.64,2,747.0,21.36,4,0,debt_consolidation,OWN,69,0.029493162245309793,0
5195,35629,36,12.16,,23,813.0,18.76,5,0,home_improvement,RENT,26,0.010910922975851394,0
5196,44043,36,8.03,80845.93,0,651.0,10.16,6,2,debt_consolidation,MORTGAGE,52,0.051796822296843015,0
5197,19033,36,13.73,57958.9,9,735.0,24.26,4,0,debt_consolidation,MORTGAGE,31,0.016586509318464455,0
5198,38902,36,4.0,10049.47,8,761.0,18.8,5,1,debt_consolidation,OWN,32,0.01736194680398448,0
5199,46571,36,19.85,89990.83,19,723.0,13.82,5,0,debt_consolidation,MORTGAGE,59,0.027618026782927213,0
5200,17408,36,5.12,62845.14,1,714.0,8.74,3,1,debt_consolidation,OWN,66,0.010454223156421093,0
5201,19420,36,15.59,8000.0,13,578.0,22.76,1,1,debt_consolidation,MORTGAGE,54,0.06725126670506314,1
5202,18351,36,14.96,95514.65,10,663.0,17.4,0,0,major_purchase,RENT,49,0.01951277953836009,0
5203,6131,36,7.48,,13,671.0,11.13,9,0,debt_consolidation,OWN,52,0.008627120001209373,0
5204,46825,60,14.24,33027.22,10,760.0,27.64,11,1,home_improvement,RENT,41,0.049930647119444074,1
5205,13349,60,9.24,24549.81,9,603.0,19.14,5,0,credit_card,MORTGAGE,63,0.021385597809041514,0
5206,46254,36,11.34,88570.06,26,797.0,3.92,6,0,major_purchase,OWN,18,0.007977505613373759,0
5207,40225,36,13.88,88611.77,5,778.0,29.77,5,2,debt_consolidation,RENT,33,0.0642419815829302,0
5208,40847,60,11.81,72049.75,2,620.0,6.04,5,0,credit_card,OWN,57,0.022511505222510095,0
5209,14453,36,8.0,48864.75,19,605.0,13.87,4,0,debt_consolidation,OWN,36,0.016364516855206047,0
5210,20814,36,13.64,40204.55,1,745.0,18.31,6,0,home_improvement,MORTGAGE,45,0.013005142153712585,0
5211,20263,36,11.17,75001.0,12,663.0,8.67,13,0,debt_consolidation,RENT,63,0.013553824559854466,0
5212,14158,36,11.56,43976.75,9,665.0,16.74,12,1,small_business,MORTGAGE,30,0.026876989147615066,0
5213,17735,36,11.79,44122.08,0,739.0,30.6,4,0,other,MORTGAGE,20,0.018418670888676922,0
5214,17830,60,6.62,79596.16,3,610.0,29.06,5,0,other,RENT,41,0.029029035836340797,0
5215,49893,60,7.5,84561.73,8,738.0,24.52,5,1,home_improvement,MORTGAGE,21,0.03646204582122541,0
5216,46673,36,9.64,97521.16,4,606.0,25.95,6,1,debt_consolidation,RENT,29,0.08529076930091456,1
5217,25926,36,13.64,14513.67,6,602.0,26.98,6,0,major_purchase,OTHER,69,0.04642942594572399,0
5218,47066,36,8.28,47529.35,10,735.0,25.5,5,1,debt_consolidation,RENT,63,0.0378813089365092,1
5219,36779,36,16.76,51456.48,15,721.0,19.56,4,0,home_improvement,OWN,25,0.024601948464324303,0
5220,5373,36,12.81,59548.72,1,549.0,15.24,6,1,other,MORTGAGE,27,0.04202971063632372,0
5221,12335,36,13.46,28203.28,4,733.0,12.09,4,0,debt_consolidation,RENT,19,0.008971414705146235,0
5222,25741,60,10.67,74180.19,10,796.0,13.37,7,0,debt_consolidation,RENT,36,0.007593199954302177,0
5223,12692,36,5.62,107233.26,9,687.0,1.99,3,0,major_purchase,OWN,57,0.005337957152317273,0
5224,49295,60,14.13,30191.6,16,757.0,23.82,5,0,major_purchase,MORTGAGE,68,0.02667996589920324,0
5225,47541,36,9.11,64712.73,10,667.0,21.19,5,1,debt_consolidation,OWN,53,0.04982733460639138,1
5226,36057,36,6.03,,4,745.0,19.01,3,0,credit_card,RENT,65,0.012045327419751084,0
5227,3447,36,8.66,54058.44,8,522.0,15.11,4,0,debt_consolidation,RENT,56,0.023301506155880593,0
5228,21583,36,11.68,41668.16,24,643.0,21.22,0,1,debt_consolidation,RENT,25,0.037559713417650305,0
5229,24765,60,4.0,64455.57,2,850.0,19.07,9,2,home_improvement,OWN,64,0.013361846369704423,0
5230,25906,36,10.66,78344.34,5,770.0,16.78,3,0,debt_consolidation,MORTGAGE,42,0.009779105754687439,0
5231,21567,36,16.03,28413.46,21,662.0,24.25,4,0,other,MORTGAGE,19,0.029911043935068046,0
5232,16139,36,12.13,85907.37,5,679.0,17.52,2,2,major_purchase,RENT,67,0.04015904128573808,0
5233,48525,36,16.8,54687.54,6,613.0,22.73,2,1,major_purchase,RENT,46,0.10080608419430462,0
5234,40230,36,10.39,43320.8,4,681.0,25.46,2,0,home_improvement,RENT,43,0.03007571430785809,0
5235,21520,36,16.61,21667.6,25,577.0,9.36,8,0,credit_card,MORTGAGE,66,0.029406271715792107,0
5236,21702,60,6.63,43673.96,11,712.0,22.33,4,0,debt_consolidation,RENT,35,0.013083158366630033,0
5237,27566,60,14.4,44827.7,2,647.0,0.0,2,0,credit_card,RENT,57,0.012860128908626853,0
5238,9657,36,11.57,30124.56,16,722.0,24.31,7,0,debt_consolidation,RENT,28,0.01381675769864935,0
5239,39688,36,17.42,71841.22,0,646.0,25.6,4,0,other,RENT,66,0.0522901684939319,0
5240,32134,36,10.35,63676.48,6,642.0,24.56,6,1,debt_consolidation,OWN,37,0.05218224199697288,0
5241,12345,36,7.79,84519.35,25,735.0,26.1,4,1,debt_consolidation,OWN,60,0.019084684058519708,0
5242,43185,60,14.03,77870.23,13,654.0,27.57,6,0,debt_consolidation,OWN,59,0.04992590357518062,0
5243,29413,60,18.59,43995.56,19,658.0,17.28,6,0,major_purchase,RENT,67,0.031400116700551685,0
5244,7208,36,12.94,52148.42,27,771.0,23.14,6,1,debt_consolidation,RENT,41,0.016314691766094624,0
5245,35455,36,11.83,41364.14,18,,25.4,9,0,debt_consolidation,RENT,19,,0
5246,30018,60,7.14,20087.4,0,731.0,12.68,3,1,home_improvement,RENT,71,0.015651087757062174,0
5247,47991,60,15.79,69591.4,3,682.0,7.01,6,2,credit_card,RENT,47,0.05995801341492567,0
5248,10080,36,11.79,64145.2,8,829.0,22.16,5,0,credit_card,OWN,65,0.006716159342571431,0
5249,23902,36,14.8,44793.47,0,763.0,24.09,2,0,credit_card,OWN,28,0.015885117126941236,0
5250,11486,36,12.79,80133.87,10,641.0,27.04,9,0,small_business,RENT,66,0.027782316835628262,0
5251,40862,60,20.16,51508.44,11,725.0,18.17,6,0,debt_consolidation,MORTGAGE,22,0.029656753434863233,0
5252,23158,36,9.77,90818.75,13,622.0,18.98,4,0,other,MORTGAGE,23,0.023404596735054923,0
5253,42460,60,9.92,56135.82,9,707.0,18.77,4,1,debt_consolidation,OWN,29,0.033699234996112805,0
5254,45856,36,16.05,27631.59,7,670.0,13.71,5,1,credit_card,MORTGAGE,22,0.04964301461752111,0
5255,37871,36,16.15,98063.33,22,648.0,24.4,2,0,home_improvement,OWN,21,0.044062645476576984,0
5256,37208,36,16.28,69135.68,17,708.0,23.06,7,0,credit_card,RENT,51,0.030845295803113574,0
5257,22519,60,11.95,36333.13,10,629.0,17.23,5,0,small_business,RENT,32,0.023272847605228828,0
5258,33379,36,12.83,49942.61,0,666.0,18.5,9,0,debt_consolidation,RENT,54,0.02641842328948942,0
5259,30378,60,6.61,39261.62,13,709.0,16.76,4,0,home_improvement,RENT,18,0.012672844164750785,0
5260,41892,36,11.36,84780.55,9,,33.51,6,0,credit_card,RENT,66,,0
5261,16031,60,13.11,8000.0,13,670.0,22.76,6,1,debt_consolidation,MORTGAGE,54,0.034774412503459175,0
5262,16536,60,13.11,66957.4,4,662.0,6.87,2,0,debt_consolidation,OWN,56,0.011647129909319286,0
5263,2446,36,8.97,17050.72,18,664.0,18.03,7,1,debt_consolidation,OTHER,67,0.01897678004628744,0
5264,38683,60,7.6,12866.53,6,776.0,15.12,5,0,debt_consolidation,OWN,29,0.00997606890726019,0
5265,19618,36,16.18,70263.74,24,743.0,18.62,1,0,credit_card,RENT,44,0.014038136693697838,0
5266,8587,36,15.55,29737.5,0,580.0,13.79,4,1,other,RENT,34,0.03957569515149703,0
5267,33480,36,11.07,77431.61,7,619.0,25.64,6,0,debt_consolidation,OWN,40,0.04088295062503562,0
5268,34994,60,16.13,84103.52,2,607.0,17.17,7,0,debt_consolidation,RENT,68,0.041933988566161325,0
5269,22527,60,15.76,48823.05,7,654.0,18.71,5,1,debt_consolidation,RENT,55,0.04160418888884396,0
5270,25569,36,5.29,72214.7,5,754.0,20.18,6,0,other,OWN,67,0.00965172517531144,0
5271,13151,60,11.58,96839.81,19,632.0,18.81,7,1,home_improvement,MORTGAGE,39,0.033003540197853676,0
5272,7558,36,17.35,36040.53,1,708.0,7.18,6,0,debt_consolidation,OWN,51,0.009640070694118498,0
5273,46739,60,5.64,81541.09,10,747.0,10.86,5,0,debt_consolidation,RENT,35,0.010657043578419158,0
5274,34954,36,6.2,40551.01,6,550.0,11.28,5,0,credit_card,RENT,69,0.028202961071587755,0
5275,49448,36,14.51,60085.4,8,648.0,20.13,5,0,debt_consolidation,OTHER,62,0.0444322546418428,0
5276,49327,36,17.17,44435.63,14,584.0,13.29,4,0,other,RENT,65,0.05533838464979933,0
5277,45837,36,10.88,45360.19,5,642.0,12.16,5,0,major_purchase,OWN,25,0.026471459221237705,0
5278,37303,36,10.12,51009.74,5,709.0,16.09,4,0,debt_consolidation,RENT,36,0.01681807455893521,0
5279,36700,36,5.2,45021.1,0,577.0,22.34,5,0,debt_consolidation,RENT,68,0.03645993792594925,0
5280,29500,36,10.81,56716.65,9,680.0,16.16,8,0,debt_consolidation,OWN,46,0.018467548856837795,0
5281,4032,60,6.11,89215.64,6,574.0,18.56,4,0,major_purchase,MORTGAGE,44,0.017541992920313266,0
5282,3252,36,10.58,25565.16,20,604.0,16.47,4,0,debt_consolidation,RENT,72,0.016607400830832557,0
5283,7509,60,17.24,70714.32,7,752.0,38.45,4,0,debt_consolidation,OWN,42,0.024799490306978807,0
5284,39842,36,6.82,33040.17,29,722.0,18.21,4,1,credit_card,MORTGAGE,26,0.024704381667155804,0
5285,15900,36,10.99,34567.76,1,604.0,14.69,9,0,major_purchase,RENT,38,0.021271211277081165,0
5286,16523,36,15.44,13619.89,3,680.0,0.0,4,0,other,MORTGAGE,49,0.009125275701877038,0
5287,3881,60,8.9,86912.15,6,666.0,17.16,9,0,major_purchase,MORTGAGE,43,0.011578263058220873,0
5288,35037,60,13.63,53967.08,1,696.0,30.92,4,0,home_improvement,OWN,66,0.03672221297882731,0
5289,3630,36,15.24,37524.48,29,733.0,6.54,7,0,debt_consolidation,OWN,74,0.0068149383094474585,0
5290,22789,36,12.31,63244.23,10,832.0,11.68,3,0,credit_card,RENT,38,0.005632687423586656,0
5291,24523,36,12.4,51275.54,0,660.0,35.51,3,1,credit_card,MORTGAGE,43,0.06604203491536223,0
5292,19958,36,7.61,87533.43,9,800.0,6.55,6,0,credit_card,OWN,39,0.004285002218692713,0
5293,48151,60,10.4,34554.19,18,628.0,24.37,5,0,other,MORTGAGE,53,0.046968087845640785,0
5294,45852,36,12.65,56465.6,0,673.0,,6,0,home_improvement,RENT,61,0.02716037853149291,0
5295,3695,36,4.39,81260.95,9,651.0,8.65,4,1,debt_consolidation,RENT,30,0.011244143798784068,0
5296,16821,60,4.0,,5,654.0,22.59,4,0,credit_card,OWN,46,0.01486191381010986,0
5297,5262,60,11.39,48468.24,9,694.0,0.0,3,0,home_improvement,RENT,47,0.005436005157113412,0
5298,3445,36,13.52,28059.86,3,726.0,24.98,5,0,debt_consolidation,OWN,32,0.01323065282650547,0
5299,18436,36,12.35,38291.05,11,702.0,11.96,4,0,debt_consolidation,RENT,65,0.011459845884198462,0
5300,11949,36,5.52,21143.63,12,727.0,8.27,8,1,debt_consolidation,RENT,21,0.009137218885443766,0
5301,25963,36,16.41,33484.06,8,722.0,28.59,5,0,debt_consolidation,RENT,24,0.027959511842521663,0
5302,31932,36,12.41,27259.31,26,700.0,16.33,7,0,credit_card,RENT,30,0.018566415750276913,0
5303,8901,60,15.88,43303.14,25,673.0,24.96,8,0,debt_consolidation,RENT,70,0.023257849718075367,0
5304,35487,60,9.45,84302.26,0,643.0,31.35,2,0,other,OWN,73,0.04102198528311118,0
5305,10597,36,13.06,,4,652.0,10.18,7,0,other,RENT,52,0.013127131886925648,0
5306,8855,36,14.08,92428.43,5,762.0,0.0,9,1,major_purchase,OWN,59,0.007760636638620574,0
5307,20678,36,16.02,50317.51,0,649.0,22.44,4,2,credit_card,MORTGAGE,26,0.07643220987883748,0
5308,10263,36,15.68,37573.82,8,715.0,15.97,4,0,debt_consolidation,OWN,48,0.012469274898391598,0
5309,49288,36,8.8,56818.8,0,772.0,21.93,1,1,debt_consolidation,MORTGAGE,54,0.027410392042329448,0
5310,27805,36,11.54,44811.88,12,712.0,31.75,6,1,debt_consolidation,OWN,60,0.044834786562508354,0
5311,28143,36,9.91,70266.84,0,695.0,2.77,4,1,home_improvement,RENT,28,0.014617074367189809,0
5312,13874,36,12.57,22387.07,0,785.0,13.29,5,0,home_improvement,RENT,49,0.006878721389556008,0
5313,29529,36,6.25,58191.34,21,690.0,20.17,5,1,home_improvement,MORTGAGE,22,0.025828219018201447,0
5314,22866,36,5.64,97593.89,3,657.0,18.64,5,0,small_business,RENT,62,0.01541195224291155,0
5315,16079,36,21.54,36970.93,0,780.0,14.44,7,0,debt_consolidation,RENT,55,0.012323831149607719,0
5316,9243,36,19.74,48972.26,6,658.0,27.95,2,0,debt_consolidation,RENT,36,0.03266818205015875,0
5317,31872,36,16.66,16820.27,0,685.0,0.0,4,1,major_purchase,OWN,68,0.020845323375722986,0
5318,11018,36,13.94,87734.81,16,650.0,5.25,4,0,other,MORTGAGE,23,0.011177190666996063,0
5319,14100,36,15.1,57544.56,8,554.0,23.4,5,0,credit_card,MORTGAGE,61,0.04517432025864104,0
5320,21800,60,15.11,46998.51,9,585.0,14.26,5,0,debt_consolidation,RENT,53,0.030825571961231705,0
5321,28910,36,18.62,61185.57,16,616.0,24.61,4,0,debt_consolidation,OWN,25,0.05154397983047809,0
5322,31437,36,10.03,58224.37,18,683.0,31.08,3,0,debt_consolidation,OWN,41,0.030931506555489402,0
5323,39588,36,8.97,42480.02,1,690.0,5.81,4,0,credit_card,OWN,57,0.012402955179968388,0
5324,13001,36,11.94,24885.03,3,701.0,14.88,5,1,home_improvement,MORTGAGE,29,0.018821030323982295,0
5325,48675,60,14.38,63847.77,2,640.0,7.84,6,1,debt_consolidation,OWN,70,0.04635775517430776,0
5326,21942,60,10.98,60370.78,0,635.0,23.4,6,0,small_business,MORTGAGE,59,0.027221216860700115,0
5327,22862,36,9.79,50306.64,8,850.0,10.46,6,0,credit_card,OWN,45,0.004386358011694843,0
5328,13669,36,17.75,52361.17,3,639.0,29.94,4,1,major_purchase,MORTGAGE,67,0.06383321401645771,0
5329,17916,36,8.65,87015.6,1,707.0,12.79,2,1,major_purchase,RENT,35,0.015223416425706333,0
5330,12878,36,17.87,67267.72,8,746.0,12.16,4,0,major_purchase,RENT,54,0.010471824185284917,0
5331,4985,36,15.85,26850.61,10,708.0,25.32,3,0,credit_card,MORTGAGE,44,0.01690660087520794,0
5332,34369,36,19.65,92234.27,18,665.0,17.9,8,0,debt_consolidation,RENT,47,0.036469775773789896,0
5333,10112,36,20.73,77018.71,0,612.0,24.83,6,0,credit_card,RENT,70,0.0418841991968254,0
5334,43235,36,13.48,75230.99,8,610.0,7.85,4,0,credit_card,RENT,43,0.028823981380546607,0
5335,20931,60,20.31,40168.88,3,654.0,17.64,4,0,debt_consolidation,OWN,66,0.029475420965573835,0
5336,29340,36,14.02,81345.22,30,672.0,28.47,9,0,credit_card,OWN,20,0.03677743583752749,0
5337,2336,36,13.58,64513.33,1,678.0,17.82,4,1,credit_card,OWN,19,0.021052060965168585,0
5338,44933,36,12.78,30959.13,6,637.0,5.77,3,0,debt_consolidation,RENT,46,0.022454802884349007,0
5339,21363,36,10.26,67195.3,29,651.0,31.93,4,0,credit_card,MORTGAGE,73,0.03234112447183435,0
5340,47536,60,15.04,83796.77,2,763.0,8.29,3,0,debt_consolidation,OWN,35,0.013875197874507687,0
5341,5968,36,16.6,74204.18,19,618.0,11.65,8,0,debt_consolidation,RENT,71,0.018658110118213257,0
5342,35678,60,6.41,15001.75,3,639.0,7.16,4,0,credit_card,OWN,69,0.014435274116594054,0
5343,18279,36,22.24,69988.09,0,602.0,26.17,6,0,home_improvement,RENT,54,0.058545598666049976,0
5344,5129,60,18.5,50904.95,0,850.0,41.01,2,0,debt_consolidation,RENT,70,0.015337169759740787,0
5345,40215,60,9.67,12875.11,28,563.0,16.45,7,0,other,RENT,63,0.042606812621445764,0
5346,40897,36,14.25,76233.28,2,659.0,33.96,2,0,debt_consolidation,RENT,52,0.05758628143710498,0
5347,7850,36,11.83,77075.48,4,789.0,35.51,4,1,debt_consolidation,MORTGAGE,68,0.022420585470102415,0
5348,22588,60,13.33,59218.56,29,763.0,18.88,9,0,debt_consolidation,OWN,33,0.01256072647482896,0
5349,42214,36,11.46,34505.99,11,701.0,16.4,5,0,debt_consolidation,OWN,55,0.021191828930641407,0
5350,13949,36,14.09,94842.57,7,709.0,15.11,1,0,credit_card,RENT,62,0.012055327717610372,0
5351,10519,36,7.72,73691.04,6,615.0,19.27,4,1,home_improvement,OWN,19,0.028392690085591667,0
5352,28375,36,20.76,,0,588.0,33.49,4,1,home_improvement,RENT,41,0.14271754290664337,0
5353,35082,36,8.03,83037.69,21,641.0,19.39,5,0,debt_consolidation,MORTGAGE,57,0.024910010812614694,0
5354,13737,36,14.21,90310.6,17,649.0,15.95,9,0,small_business,MORTGAGE,71,0.019250878373314906,0
5355,3134,36,9.29,68071.75,0,711.0,,8,0,debt_consolidation,OWN,41,0.0080914738123392,0
5356,12938,36,11.38,31539.96,5,674.0,21.89,2,0,credit_card,OWN,28,0.016780085771389345,0
5357,26486,60,13.85,42849.55,24,780.0,14.31,3,1,credit_card,MORTGAGE,56,0.016216445919237522,0
5358,28096,36,12.39,47011.06,3,696.0,15.68,3,0,credit_card,OWN,44,0.01650612314783772,0
5359,43115,60,12.52,90394.6,10,583.0,12.85,4,0,debt_consolidation,OWN,35,0.03895178425717149,0
5360,7592,60,10.53,65373.74,7,594.0,9.95,5,0,credit_card,MORTGAGE,41,0.014954729436541945,0
5361,20108,60,9.23,42892.23,20,657.0,22.62,4,1,debt_consolidation,MORTGAGE,53,0.03281385943067219,0
5362,19270,60,14.65,55021.21,0,637.0,10.19,6,0,credit_card,MORTGAGE,47,0.018226214605808776,0
5363,29649,60,8.58,93069.08,20,679.0,17.49,3,0,debt_consolidation,MORTGAGE,28,0.016750743661410824,0
5364,12997,60,9.4,75360.84,1,727.0,15.32,7,1,debt_consolidation,RENT,62,0.014784806823941326,0
5365,35489,36,9.45,86068.17,0,716.0,25.24,3,0,debt_consolidation,OWN,20,0.02137095293830099,0
5366,11104,36,10.67,32109.17,9,614.0,15.59,3,0,debt_consolidation,OTHER,63,0.01755302626043457,0
5367,2870,60,6.32,54765.18,3,751.0,22.65,4,0,home_improvement,OWN,68,0.007127795212009209,0
5368,30684,36,6.38,43974.63,14,659.0,5.18,5,0,debt_consolidation,OWN,44,0.01083456613758865,0
5369,41519,60,14.17,97546.4,7,683.0,27.56,3,1,debt_consolidation,MORTGAGE,55,0.06436111192956055,0
5370,36524,60,14.22,56555.33,10,626.0,22.45,8,0,major_purchase,MORTGAGE,44,0.043666729005044966,0
5371,32957,36,13.24,45652.85,13,705.0,28.33,1,0,credit_card,RENT,35,0.028869925654250284,0
5372,35885,60,17.5,9844.62,26,701.0,20.27,5,1,small_business,OWN,48,0.047313059228682765,0
5373,46369,36,8.47,95267.26,20,769.0,19.92,7,0,debt_consolidation,OWN,31,0.015576083267923214,0
5374,37596,36,5.1,96482.08,8,642.0,14.2,6,0,debt_consolidation,MORTGAGE,46,0.018576987290182034,0
5375,31866,36,15.14,8685.93,6,686.0,19.96,3,0,debt_consolidation,MORTGAGE,68,0.02549915678162369,0
5376,32676,36,5.01,65313.2,11,703.0,9.02,1,0,other,OWN,58,0.009074419724704505,0
5377,49764,36,11.45,83664.08,15,698.0,11.53,4,1,major_purchase,OWN,52,0.033277821423346864,0
5378,15878,36,13.11,71926.61,1,758.0,12.54,6,0,home_improvement,MORTGAGE,20,0.008464783721396366,0
5379,41760,36,20.24,49099.08,0,,15.27,3,0,debt_consolidation,RENT,29,,0
5380,29559,60,9.81,36345.82,7,709.0,0.0,6,0,debt_consolidation,OWN,55,0.007673190483905999,0
5381,48546,36,10.11,89203.64,0,714.0,8.79,3,0,debt_consolidation,MORTGAGE,40,0.015127766861954446,0
5382,8771,36,14.64,79267.16,3,658.0,5.63,2,0,other,RENT,21,0.010504619330765763,0
5383,18526,36,14.41,75947.36,9,694.0,30.41,6,0,debt_consolidation,RENT,33,0.028015552538600032,0
5384,31896,60,10.63,89284.78,1,691.0,9.19,5,0,home_improvement,RENT,34,0.013268829422058176,0
5385,33923,60,12.74,114654.59,0,707.0,10.32,4,0,debt_consolidation,OWN,66,0.014432429013504328,0
5386,38203,36,9.05,51854.35,9,661.0,17.0,1,0,debt_consolidation,RENT,47,0.02168014079884646,0
5387,41390,36,13.79,51903.34,7,633.0,19.47,7,0,debt_consolidation,RENT,33,0.03985256810921744,1
5388,14852,60,5.63,49888.68,4,,21.17,5,0,small_business,MORTGAGE,73,,0
5389,49574,36,23.63,36932.76,7,721.0,12.86,5,0,other,RENT,31,0.03426979997599055,0
5390,45391,36,14.88,89860.06,12,622.0,16.57,7,1,debt_consolidation,MORTGAGE,18,0.06930722955213708,0
5391,3848,36,7.59,93606.41,0,732.0,29.85,5,1,debt_consolidation,MORTGAGE,67,0.01904840023157659,0
5392,33027,36,10.93,86635.79,3,691.0,17.28,8,1,debt_consolidation,RENT,43,0.03174500767554548,0
5393,37464,60,7.79,101672.71,19,672.0,18.81,7,0,debt_consolidation,OWN,47,0.021440079035088978,0
5394,36485,36,8.73,62534.47,12,677.0,25.23,10,0,debt_consolidation,MORTGAGE,53,0.028288598629845525,1
5395,21456,36,12.85,69389.3,3,611.0,24.23,8,0,home_improvement,RENT,56,0.035736914275447,0
5396,11259,36,17.57,76310.91,6,692.0,3.52,5,0,other,RENT,39,0.009877981473358468,0
5397,37554,60,11.6,49501.26,0,667.0,20.98,10,0,debt_consolidation,OWN,54,0.029836851345139363,0
5398,48922,60,4.44,33249.16,3,696.0,18.13,7,1,debt_consolidation,RENT,53,0.03135999484665346,0
5399,15409,60,9.54,63627.03,21,671.0,31.49,6,0,credit_card,OWN,53,0.024814005130366742,1
5400,5791,36,9.81,48335.67,7,649.0,9.3,5,1,debt_consolidation,OWN,70,0.016052941333446712,0
5401,27864,36,12.36,114226.29,10,613.0,10.63,4,0,credit_card,MORTGAGE,22,0.02214997373904911,0
5402,38639,60,11.44,22763.17,1,,14.65,10,0,major_purchase,OWN,27,,0
5403,36574,36,4.0,58524.94,2,658.0,24.25,8,0,debt_consolidation,OWN,38,0.02374110218383781,0
5404,19888,60,8.3,67233.69,27,530.0,27.23,5,1,debt_consolidation,MORTGAGE,33,0.07741206834701149,0
5405,21692,36,7.57,39251.42,21,594.0,15.47,2,0,credit_card,MORTGAGE,39,0.020575582758315388,0
5406,25501,36,15.59,48521.63,19,731.0,23.02,5,0,home_improvement,RENT,68,0.020318812874579005,0
5407,15304,36,10.86,61511.17,4,627.0,13.06,4,0,credit_card,MORTGAGE,35,0.016294162370073334,0
5408,29527,60,4.01,31003.78,9,719.0,17.66,3,0,debt_consolidation,RENT,43,0.010596693732944407,0
5409,20074,60,8.53,70201.33,8,713.0,21.82,0,1,small_business,RENT,43,0.02130621491573199,0
5410,17549,36,16.7,99440.92,28,633.0,33.27,3,0,small_business,OWN,40,0.04737078807424034,0
5411,31963,36,9.6,50528.78,3,737.0,26.14,5,0,home_improvement,MORTGAGE,20,0.01875908209265304,0
5412,27920,60,9.28,79201.56,27,761.0,27.32,4,0,credit_card,OWN,21,0.015355605026017849,0
5413,32826,36,11.32,102696.89,14,592.0,15.64,5,1,debt_consolidation,OTHER,45,0.05196209377666503,0
5414,38071,60,12.9,85168.39,6,733.0,4.16,8,1,debt_consolidation,RENT,56,0.01807154229399208,0
5415,18061,36,11.43,41823.91,3,641.0,36.33,4,1,small_business,OWN,45,0.06476212299883495,0
5416,30810,36,16.09,21558.81,17,587.0,4.87,4,0,major_purchase,RENT,53,0.02617313571734246,0
5417,49966,36,11.43,52223.26,20,695.0,14.61,3,0,small_business,MORTGAGE,36,0.02332154208000183,0
5418,24800,36,14.7,61476.23,5,713.0,16.6,4,0,home_improvement,OWN,61,0.016415137385784664,0
5419,45423,36,12.79,8258.12,1,676.0,28.14,6,0,major_purchase,RENT,50,0.044258501505676257,0
5420,43692,36,6.83,60700.14,8,789.0,27.23,4,1,home_improvement,OTHER,38,0.025594252023153793,0
5421,11940,36,19.14,39337.45,7,725.0,13.07,9,0,other,OWN,53,0.013500980754489467,0
5422,5924,36,16.62,57025.12,15,676.0,19.56,6,0,credit_card,MORTGAGE,28,0.017738502570992,0
5423,30054,36,9.73,52207.75,29,690.0,12.2,2,0,debt_consolidation,RENT,71,0.013460817307332592,0
5424,11783,60,11.56,54830.94,8,850.0,11.64,7,0,debt_consolidation,MORTGAGE,64,0.00406713917340816,0
5425,39253,36,14.46,78791.66,15,708.0,23.66,3,1,credit_card,MORTGAGE,48,0.04681791596576513,0
5426,47397,36,12.72,35017.03,5,764.0,6.52,4,0,major_purchase,OWN,34,0.011552199302458046,0
5427,15233,36,12.43,14260.35,10,738.0,19.78,7,0,debt_consolidation,OTHER,53,0.012241093921737079,0
5428,47669,36,14.02,80742.0,0,611.0,12.85,2,1,credit_card,MORTGAGE,63,0.061363102255758264,0
5429,26484,60,13.41,76172.88,20,617.0,0.63,11,0,debt_consolidation,OWN,71,0.016038100556017513,0
5430,27068,36,13.43,73452.16,5,678.0,,5,0,credit_card,MORTGAGE,38,0.018795931905508673,0
5431,2191,60,12.37,37864.12,0,674.0,25.77,5,0,other,MORTGAGE,36,0.01710922850300192,0
5432,27074,36,14.56,75272.26,30,698.0,20.17,9,0,debt_consolidation,OWN,45,0.022494787689571395,0
5433,6917,36,12.84,27995.07,25,755.0,8.4,7,0,debt_consolidation,RENT,33,0.006098107651194752,0
5434,40599,36,12.94,52466.3,2,730.0,19.23,3,0,home_improvement,RENT,19,0.02039579231242024,0
5435,27832,60,17.5,97930.16,5,592.0,4.16,4,0,credit_card,OWN,25,0.024990291961474995,0
5436,44928,60,13.73,74940.58,27,641.0,35.25,5,1,credit_card,RENT,62,0.11395743396332342,0
5437,22706,36,13.32,58176.53,19,778.0,19.07,5,1,home_improvement,RENT,53,0.018251641504538896,0
5438,15682,60,8.44,56399.7,25,717.0,23.06,5,0,credit_card,MORTGAGE,38,0.012818556604049361,0
5439,28762,36,8.65,32458.51,9,586.0,29.48,2,1,small_business,MORTGAGE,31,0.07182017936712275,1
5440,25383,60,16.57,100504.64,3,669.0,19.26,3,0,debt_consolidation,OWN,35,0.02589573658507182,0
5441,29796,36,14.28,85270.21,2,566.0,19.14,1,1,debt_consolidation,OWN,53,0.07172557680432101,0
5442,25666,36,15.67,,8,745.0,10.95,5,0,home_improvement,RENT,29,0.01171408592174255,0
5443,27662,36,12.79,57679.97,26,712.0,1.18,5,0,major_purchase,RENT,73,0.008731398385062395,0
5444,47159,60,13.59,50892.31,10,668.0,12.19,5,0,debt_consolidation,OWN,45,0.026656085605973788,0
5445,36642,60,11.42,41014.91,0,676.0,19.15,4,2,major_purchase,MORTGAGE,38,0.06320032629146678,0
5446,43830,60,11.89,95779.57,9,713.0,18.72,8,1,credit_card,OWN,39,0.03812185626586381,0
5447,39531,60,10.33,14674.71,10,755.0,20.12,5,0,credit_card,RENT,31,0.016015076743738886,0
5448,12234,36,17.33,74165.13,9,706.0,8.3,4,0,credit_card,RENT,47,0.01095634208172713,0
5449,11221,60,9.15,20599.9,13,723.0,12.54,3,0,debt_consolidation,OWN,69,0.007581152579177378,0
5450,13410,60,13.23,54931.43,4,704.0,25.41,7,0,major_purchase,RENT,28,0.018745097752014127,0
5451,16519,36,11.37,59376.73,1,763.0,19.55,3,0,other,RENT,34,0.009784529989540096,0
5452,3051,36,15.81,28003.64,16,789.0,6.88,7,0,credit_card,RENT,37,0.005030063068803858,0
5453,46993,36,12.91,38634.64,2,640.0,27.09,8,0,debt_consolidation,OWN,23,0.055146323291032875,0
5454,11765,60,13.85,78220.53,0,668.0,30.81,2,2,major_purchase,RENT,63,0.07058091296760981,0
5455,13382,60,12.83,96964.8,5,683.0,10.34,7,0,debt_consolidation,RENT,33,0.011483887232713081,0
5456,14580,60,8.03,67812.24,21,639.0,17.69,4,0,debt_consolidation,MORTGAGE,66,0.015622458153361557,0
5457,34323,60,14.2,42816.08,0,658.0,16.21,1,0,credit_card,MORTGAGE,19,0.025502635865703893,0
5458,46757,60,11.6,35804.59,2,676.0,8.93,9,0,home_improvement,OWN,59,0.020966088124497833,0
5459,13939,60,8.95,41486.56,7,681.0,17.72,7,1,debt_consolidation,OWN,26,0.021229198050874934,0
5460,31964,60,6.36,59446.42,4,655.0,21.02,6,0,debt_consolidation,OWN,35,0.021417012737630192,0
5461,2307,36,8.73,66447.92,15,648.0,19.71,4,0,small_business,RENT,24,0.01303546997553837,0
5462,5359,36,15.06,90696.61,12,683.0,34.05,2,0,debt_consolidation,RENT,26,0.026446730572243865,1
5463,31648,36,19.05,58170.83,22,632.0,10.11,10,1,debt_consolidation,MORTGAGE,55,0.04963546658771173,0
5464,37944,60,12.47,43433.73,2,702.0,8.94,9,0,major_purchase,OWN,62,0.015796877610921283,0
5465,36019,36,8.01,31815.83,10,606.0,26.73,2,0,credit_card,OWN,41,0.040082019561521506,0
5466,40134,36,13.67,54776.21,18,679.0,25.7,9,0,debt_consolidation,RENT,33,0.03842663595433514,1
5467,29323,36,16.31,18785.87,0,780.0,0.85,2,0,major_purchase,OWN,18,0.00686766335033841,0
5468,8226,36,19.68,44890.09,0,665.0,10.98,4,0,debt_consolidation,MORTGAGE,32,0.016106733623523897,0
5469,23689,36,17.06,28501.99,9,733.0,3.68,5,0,debt_consolidation,RENT,21,0.009717902947528268,0
5470,32971,36,12.9,53515.28,9,612.0,26.04,4,0,debt_consolidation,RENT,47,0.045826630931392866,0
5471,27954,36,14.3,71399.4,6,655.0,25.48,10,0,credit_card,MORTGAGE,35,0.03602959186957679,0
5472,26423,36,9.11,69507.05,0,719.0,17.57,5,0,credit_card,RENT,39,0.013031868113656572,0
5473,32391,36,15.19,77099.4,6,529.0,26.99,3,0,home_improvement,OWN,22,0.0826344019303671,0
5474,16330,36,15.74,36881.71,10,717.0,23.41,3,0,debt_consolidation,RENT,26,0.018487498570249707,0
5475,6891,36,4.0,95442.62,14,675.0,20.99,3,0,home_improvement,RENT,58,0.010025175834793893,0
5476,6992,36,12.57,76652.1,8,659.0,13.93,2,0,credit_card,MORTGAGE,74,0.012636360356858974,0
5477,3961,36,17.96,75736.35,8,767.0,6.47,7,0,debt_consolidation,MORTGAGE,73,0.006394004441914469,0
5478,14497,36,9.32,88150.79,12,592.0,15.74,4,0,credit_card,RENT,66,0.020303292034708726,0
5479,34551,60,4.0,64413.29,7,703.0,17.87,4,0,debt_consolidation,RENT,64,0.013097110650844694,0
5480,12848,36,11.89,57107.77,3,730.0,22.49,4,0,debt_consolidation,RENT,41,0.012882236499988296,0
5481,15255,36,16.3,93710.26,2,637.0,19.57,1,0,debt_consolidation,RENT,52,0.02510898341019216,0
5482,6567,36,13.6,39107.56,16,557.0,17.57,5,1,credit_card,OWN,73,0.04618300282557358,1
5483,41281,36,12.11,54710.76,7,698.0,20.2,2,0,credit_card,RENT,59,0.024629319524769183,0
5484,22389,36,8.3,88928.53,10,730.0,9.9,5,0,small_business,MORTGAGE,48,0.007992556022144827,0
5485,46523,36,7.61,54782.05,7,769.0,13.85,7,0,small_business,OWN,54,0.011785381404933067,0
5486,45919,36,12.73,45313.24,20,582.0,24.58,3,1,credit_card,RENT,54,0.10211705093726027,1
5487,18567,36,11.77,36390.12,8,664.0,14.48,6,1,debt_consolidation,RENT,22,0.025706718267503915,0
5488,5358,36,15.41,65953.8,30,812.0,15.9,6,0,debt_consolidation,RENT,46,0.00637902852854687,0
5489,24999,60,13.76,49279.68,3,695.0,22.19,2,0,debt_consolidation,OWN,44,0.02136467956854049,0
5490,44358,36,9.03,72225.06,1,698.0,11.94,6,0,credit_card,OWN,37,0.016927555794976477,0
5491,12988,60,13.02,101044.7,5,715.0,14.13,1,0,credit_card,MORTGAGE,20,0.010414985453490273,0
5492,42446,36,12.36,86820.02,26,682.0,3.97,2,1,debt_consolidation,RENT,20,0.02421476370074963,0
5493,33521,36,5.34,8000.0,22,,26.68,5,0,major_purchase,MORTGAGE,55,,0
5494,7698,36,10.32,77929.58,3,668.0,28.01,4,2,debt_consolidation,OWN,58,0.050804010552902235,0
5495,3273,60,12.24,79686.16,10,767.0,25.48,2,0,major_purchase,MORTGAGE,22,0.009609567736777683,0
5496,29543,36,11.55,52546.25,9,725.0,19.38,4,0,debt_consolidation,RENT,51,0.016040941361860968,0
5497,33349,36,13.26,91104.15,4,702.0,8.59,3,0,credit_card,RENT,23,0.013947353089967302,0
5498,13241,36,12.31,67371.6,3,566.0,14.13,5,1,major_purchase,RENT,60,0.04107236902924116,0
5499,11497,36,13.36,11410.53,6,649.0,10.92,8,1,major_purchase,RENT,53,0.023447606083318702,0
5500,43875,60,12.67,63542.97,18,807.0,11.53,4,0,credit_card,OWN,49,0.010152810635306318,0
5501,34703,36,11.91,53212.21,2,632.0,14.9,8,1,debt_consolidation,OWN,46,0.04408961086655494,0
5502,46041,36,12.64,44282.47,7,685.0,14.53,10,0,debt_consolidation,RENT,62,0.025932590803950238,0
5503,33954,36,10.55,69070.72,7,674.0,26.55,5,1,credit_card,OWN,36,0.048548750128340534,0
5504,10002,36,10.34,76266.85,27,593.0,18.32,6,0,other,OWN,64,0.021920686164992702,0
5505,6247,36,12.39,76730.68,4,623.0,28.75,5,2,other,OWN,19,0.07286032339589613,0
5506,43988,36,4.0,77489.14,0,585.0,12.2,5,0,major_purchase,OWN,68,0.0255250124463458,0
5507,23698,36,10.52,31109.08,13,578.0,20.94,4,0,home_improvement,MORTGAGE,20,0.034209617412057476,0
5508,21738,60,9.18,33462.86,17,709.0,16.15,4,0,debt_consolidation,MORTGAGE,50,0.011841415743619327,0
5509,12703,36,8.68,66737.12,14,634.0,21.99,6,0,debt_consolidation,RENT,31,0.019334506786794506,0
5510,19570,60,10.74,86952.33,13,792.0,24.69,7,0,debt_consolidation,OWN,33,0.010814436360254413,0
5511,14392,36,6.64,68838.42,7,729.0,27.06,4,0,other,OWN,70,0.012348930581876305,0
5512,46724,36,10.76,8000.0,0,677.0,15.13,3,0,credit_card,OWN,23,0.02402551624328861,0
5513,34299,36,12.93,73677.42,15,727.0,17.93,4,0,debt_consolidation,RENT,74,0.017596190593031063,0
5514,17641,60,16.2,21062.43,27,548.0,25.41,6,2,debt_consolidation,RENT,47,0.1419996395956899,0
5515,15998,36,20.8,77139.42,1,674.0,33.12,2,1,major_purchase,OWN,56,0.06983413430921115,0
5516,8305,36,4.69,46057.86,0,744.0,18.65,10,0,other,RENT,57,0.0069131000717150125,0
5517,34726,36,8.26,67562.32,3,601.0,16.56,7,0,credit_card,OWN,56,0.028858152673717795,0
5518,20782,60,10.76,112591.18,22,722.0,17.13,4,0,debt_consolidation,RENT,69,0.012090632273278128,0
5519,14721,36,12.55,51172.33,0,695.0,2.11,4,1,debt_consolidation,RENT,49,0.012447867065908691,0
5520,41763,36,13.46,41133.4,14,586.0,20.54,3,1,other,RENT,44,0.08270568749222586,1
5521,14427,36,9.56,49145.97,0,775.0,12.92,6,0,home_improvement,RENT,61,0.006326509563157543,0
5522,48550,60,4.0,,0,749.0,9.01,3,0,credit_card,RENT,31,0.009170051693992372,0
5523,22566,60,16.14,34898.74,24,717.0,22.52,6,0,credit_card,MORTGAGE,73,0.021188510347232115,0
5524,4230,36,14.01,86633.95,17,599.0,17.37,6,0,debt_consolidation,MORTGAGE,72,0.021793692565770337,0
5525,8511,36,14.85,10671.6,10,629.0,24.96,4,0,credit_card,RENT,32,0.027308206808135338,0
5526,44229,60,11.14,44311.75,1,673.0,17.75,3,2,credit_card,OWN,34,0.06872638123216743,0
5527,28177,60,13.4,65990.66,3,766.0,8.34,4,0,major_purchase,RENT,41,0.008672739473351296,0
5528,6765,36,4.0,49760.9,0,666.0,19.31,5,0,debt_consolidation,MORTGAGE,51,0.010067742631121552,1
5529,22354,60,7.72,93742.81,10,691.0,2.61,3,0,home_improvement,MORTGAGE,31,0.007185205608413891,0
5530,25929,36,16.78,55830.02,13,636.0,24.2,2,0,credit_card,RENT,26,0.03840447207539161,0
5531,30820,36,12.12,51527.03,4,785.0,29.06,1,0,debt_consolidation,MORTGAGE,21,0.0168700740218917,0
5532,48040,60,19.48,63730.63,5,619.0,15.7,6,0,debt_consolidation,OWN,64,0.055137987051384785,0
5533,31523,36,8.1,66793.02,10,690.0,19.56,3,0,home_improvement,RENT,20,0.01725682673115203,0
5534,7552,60,22.21,60001.05,27,758.0,28.73,4,0,debt_consolidation,OWN,47,0.020892319978380695,0
5535,2627,36,22.78,58209.6,6,646.0,17.87,6,1,credit_card,OTHER,61,0.04071233014244609,0
5536,13989,36,9.42,,8,664.0,4.36,5,1,credit_card,MORTGAGE,49,0.013941853029595486,0
5537,15780,60,10.18,31746.69,13,626.0,29.26,7,0,debt_consolidation,RENT,19,0.031038395038460384,0
5538,8589,36,17.01,74427.02,5,596.0,13.93,4,0,debt_consolidation,MORTGAGE,57,0.02397398398597278,0
5539,36812,36,9.75,85195.77,23,605.0,16.15,4,0,debt_consolidation,MORTGAGE,34,0.030170372924893836,0
5540,30128,60,10.94,91934.11,22,775.0,30.84,5,0,debt_consolidation,RENT,49,0.01858136344766895,0
5541,47939,36,9.07,23908.74,12,584.0,37.67,2,0,debt_consolidation,MORTGAGE,30,0.08989480813775684,0
5542,40652,36,9.17,39064.67,8,636.0,12.17,5,0,major_purchase,RENT,70,0.02280603432336023,0
5543,29790,60,12.47,97408.01,30,599.0,25.95,5,0,home_improvement,RENT,68,0.04579515810792084,0
5544,42953,36,10.91,50476.6,14,633.0,20.28,2,0,debt_consolidation,RENT,50,0.035153663984862235,0
5545,2249,60,4.0,75442.79,10,663.0,32.23,4,1,debt_consolidation,RENT,57,0.02523855459722306,0
5546,21309,60,17.76,144185.97,23,690.0,15.9,3,0,small_business,OTHER,73,0.019650237186857353,0
5547,27901,36,18.4,86245.21,9,765.0,20.78,3,0,debt_consolidation,OWN,55,0.01797243822971204,0
5548,25576,36,14.05,54591.5,3,736.0,14.08,4,2,credit_card,OWN,26,0.033935137348937605,0
5549,33508,60,12.5,56479.06,1,723.0,32.66,3,0,debt_consolidation,RENT,49,0.03057738406820264,0
5550,11175,36,8.26,73165.27,7,725.0,13.86,7,0,debt_consolidation,MORTGAGE,44,0.007852031264986018,0
5551,27464,36,10.15,11984.65,8,577.0,13.93,5,0,debt_consolidation,MORTGAGE,72,0.027976366996972077,0
5552,18260,36,16.36,71028.17,21,684.0,23.54,2,0,debt_consolidation,OWN,40,0.023911353981700974,0
5553,37440,36,14.39,53081.96,1,759.0,11.56,3,0,other,MORTGAGE,33,0.012826911089244226,0
5554,31546,36,13.82,58064.17,12,794.0,20.85,5,1,debt_consolidation,MORTGAGE,24,0.021709005323923787,0
5555,42047,60,13.99,62644.81,4,753.0,15.33,4,0,major_purchase,MORTGAGE,33,0.01671882149544533,0
5556,43430,60,16.25,99142.87,27,650.0,13.21,3,0,home_improvement,RENT,32,0.03196892041370879,1
5557,3987,36,15.65,66411.58,7,723.0,16.9,7,0,major_purchase,MORTGAGE,28,0.01120906603130885,0
5558,27105,36,14.76,65867.5,10,629.0,9.37,4,0,debt_consolidation,RENT,67,0.021267047926348644,0
5559,14948,36,10.61,77876.6,11,764.0,8.4,2,0,credit_card,RENT,24,0.005774341371302075,0
5560,15026,36,18.74,61820.66,0,625.0,13.51,7,0,other,MORTGAGE,60,0.02528139670936533,0
5561,4773,60,10.06,76541.55,22,618.0,35.23,3,0,small_business,RENT,21,0.03166580127218813,0
5562,47927,60,8.52,57167.86,1,749.0,12.71,7,0,debt_consolidation,RENT,18,0.013639391183291463,0
5563,11878,60,9.74,89083.34,6,681.0,32.35,5,0,other,OWN,56,0.022589092222977232,0
5564,44946,36,7.24,91959.83,12,725.0,23.15,3,0,small_business,OWN,47,0.02017203047467579,0
5565,12377,36,14.33,76814.31,0,730.0,16.09,3,0,home_improvement,OWN,31,0.011070271542141581,0
5566,9347,36,11.95,8000.0,9,610.0,13.54,6,1,major_purchase,RENT,68,0.028638130830408875,0
5567,35776,36,16.51,64381.74,6,684.0,18.86,6,0,major_purchase,MORTGAGE,25,0.02935266106114621,0
5568,5783,36,4.0,11896.63,0,633.0,33.28,5,0,credit_card,OWN,33,0.02081309872109211,0
5569,6298,60,12.84,69537.74,15,562.0,7.22,9,0,home_improvement,OWN,23,0.018428798096706635,0
5570,6668,60,10.97,100083.32,8,674.0,15.39,5,0,debt_consolidation,RENT,28,0.011583299591547065,0
5571,22671,60,10.62,88561.95,4,639.0,25.26,4,1,other,OWN,37,0.04525288842823512,0
5572,36820,60,7.84,53282.02,0,716.0,16.97,8,0,debt_consolidation,RENT,24,0.015385873976122837,0
5573,36484,36,12.17,55996.37,9,748.0,19.07,6,1,small_business,RENT,44,0.027198453126500745,0
5574,35078,36,8.94,14032.43,4,636.0,0.23,4,3,debt_consolidation,RENT,31,0.05374609084768073,0
5575,49159,36,18.08,60334.14,27,613.0,19.64,3,0,debt_consolidation,RENT,74,0.06150148227858679,0
5576,22922,36,14.51,54882.01,9,676.0,21.67,6,0,debt_consolidation,OWN,58,0.02423887637766192,0
5577,36028,36,15.93,,4,698.0,17.14,4,0,debt_consolidation,RENT,27,0.024236984341415538,0
5578,47925,60,5.04,35469.56,8,711.0,15.64,1,0,debt_consolidation,RENT,52,0.015218619837349076,0
5579,22316,36,15.54,,8,802.0,27.97,4,1,debt_consolidation,RENT,67,0.024605308224893572,0
5580,13460,36,15.17,113694.81,15,750.0,22.75,8,1,debt_consolidation,RENT,32,0.02337809747511928,0
5581,18968,36,10.37,62984.75,25,679.0,21.14,3,1,debt_consolidation,RENT,45,0.027907920351933572,0
5582,32266,36,11.25,78850.42,28,821.0,34.97,3,0,other,RENT,73,0.017303696067859815,0
5583,32209,36,8.07,82899.01,14,732.0,15.45,6,0,home_improvement,RENT,41,0.011934448418941215,0
5584,26000,36,10.77,100301.05,9,739.0,18.1,7,1,small_business,RENT,63,0.02121714985570406,0
5585,16011,36,14.26,99511.55,2,800.0,31.87,5,0,other,OWN,19,0.014891224314279495,0
5586,4866,60,9.32,83602.43,6,707.0,14.85,4,0,major_purchase,RENT,42,0.008205754463560278,0
5587,49133,36,12.14,21963.33,7,691.0,33.3,7,1,small_business,RENT,69,0.08284234792719522,0
5588,7898,36,22.18,83822.23,1,700.0,17.29,2,1,major_purchase,OWN,65,0.030135865116594433,0
5589,20395,36,8.08,50010.4,3,678.0,27.44,3,0,credit_card,RENT,43,0.020262753939119763,0
5590,41019,60,13.33,28420.74,30,650.0,24.24,11,0,debt_consolidation,RENT,60,0.043792180491366836,0
5591,39707,36,7.86,50696.97,17,609.0,11.38,2,0,credit_card,MORTGAGE,24,0.02316534473622616,0
5592,6006,60,6.06,63829.06,7,748.0,21.27,2,0,credit_card,RENT,52,0.007075054014738784,0
5593,36393,60,15.2,8000.0,2,751.0,21.71,5,1,debt_consolidation,OWN,62,0.03390367922436908,1
5594,12956,60,10.37,70014.67,9,649.0,22.19,5,0,major_purchase,RENT,59,0.019288296937664567,0
5595,32663,36,18.4,88420.57,3,683.0,35.34,6,0,credit_card,RENT,44,0.05726260352723915,0
5596,8078,36,14.27,62168.45,2,643.0,23.13,2,0,debt_consolidation,RENT,31,0.022145209182423357,0
5597,31631,36,8.86,32944.18,0,714.0,17.04,8,1,debt_consolidation,MORTGAGE,67,0.024202952306379408,0
5598,32140,36,8.49,75248.54,5,714.0,9.47,7,0,debt_consolidation,OWN,31,0.010794130019923189,0
5599,43691,36,14.88,59325.5,8,660.0,18.69,9,0,other,OTHER,43,0.037162659790449,0
5600,5961,60,7.79,,1,665.0,13.87,3,0,other,RENT,73,0.009504122991810356,0
5601,31277,60,7.68,8000.0,2,667.0,11.24,5,0,debt_consolidation,RENT,60,0.01416297341982514,0
5602,43574,36,5.12,8000.0,6,645.0,17.21,6,0,small_business,OWN,53,0.023109743355035767,0
5603,33417,36,14.49,,7,702.0,6.58,4,0,debt_consolidation,OWN,62,0.013844035923799215,0
5604,24484,60,8.76,48477.25,17,552.0,1.8,4,1,home_improvement,MORTGAGE,27,0.028683787615198648,0
5605,20103,36,13.44,66734.99,9,684.0,20.18,12,1,debt_consolidation,MORTGAGE,19,0.03380555384631788,0
5606,31345,36,6.79,70424.2,10,785.0,37.29,4,0,debt_consolidation,MORTGAGE,68,0.018669832119307655,0
5607,48326,36,5.45,97988.98,13,721.0,25.52,5,0,debt_consolidation,OWN,20,0.022616928283406248,0
5608,41454,60,14.88,53974.63,7,623.0,11.07,7,0,debt_consolidation,OWN,41,0.03222927512099599,0
5609,3587,36,11.37,71246.79,5,625.0,24.99,6,0,debt_consolidation,RENT,35,0.021877846801133742,0
5610,44571,60,9.29,27114.25,19,649.0,39.65,3,0,debt_consolidation,RENT,30,0.06464109241252225,0
5611,23031,36,10.05,121627.21,21,641.0,14.11,1,0,credit_card,RENT,54,0.016981891019343543,0
5612,28212,36,10.07,87650.23,1,721.0,7.81,7,0,small_business,RENT,35,0.009700211735928608,0
5613,12350,36,20.14,82063.66,28,633.0,22.88,9,2,debt_consolidation,RENT,50,0.09205479769856269,0
5614,20816,36,13.06,39822.72,27,720.0,33.87,3,0,debt_consolidation,OTHER,47,0.026188942984242965,0
5615,22288,36,12.56,94059.69,23,671.0,20.64,10,0,debt_consolidation,RENT,53,0.022386856712996218,0
5616,31432,36,8.99,85332.21,6,699.0,17.62,8,0,credit_card,RENT,42,0.01660903406928759,0
5617,46222,60,15.15,75988.04,22,720.0,14.2,7,0,debt_consolidation,RENT,49,0.022976022983953952,0
5618,8837,36,7.39,,10,709.0,10.13,3,0,debt_consolidation,OWN,51,0.006544527746561534,0
5619,36217,60,14.07,33713.47,2,780.0,12.64,9,0,debt_consolidation,RENT,25,0.012050088443956046,0
5620,22884,60,14.1,58586.8,18,762.0,16.71,6,0,debt_consolidation,MORTGAGE,30,0.011763506095448998,0
5621,7454,60,16.07,40317.58,6,633.0,33.45,7,1,credit_card,MORTGAGE,53,0.06371976685004054,0
5622,11424,60,4.13,69582.81,4,811.0,0.0,5,0,home_improvement,RENT,32,0.0021696443877409024,0
5623,38885,36,16.51,32479.0,24,691.0,37.29,6,0,small_business,RENT,27,0.06058556934177597,0
5624,43637,36,13.42,42057.86,23,705.0,26.33,8,0,home_improvement,RENT,50,0.03546636233737309,1
5625,45618,60,8.98,,23,737.0,15.53,4,0,home_improvement,RENT,65,0.015528315080674515,0
5626,20412,60,4.0,73298.15,22,622.0,22.32,4,0,other,OWN,66,0.019059240879326804,0
5627,49111,60,10.38,70819.86,9,785.0,11.68,4,0,debt_consolidation,RENT,69,0.011525737809755802,0
5628,41613,36,12.75,47344.71,10,700.0,34.72,4,0,credit_card,OWN,34,0.045155345271823126,0
5629,22142,36,5.92,8000.0,28,765.0,6.76,2,2,major_purchase,RENT,46,0.01324554447554635,0
5630,39392,36,8.6,17808.01,1,678.0,6.23,5,1,credit_card,OWN,38,0.021860733982364242,0
5631,10848,60,6.95,62513.58,19,631.0,23.56,2,0,credit_card,MORTGAGE,65,0.017825482050089384,0
5632,15136,36,10.26,85014.0,8,722.0,19.1,2,1,debt_consolidation,RENT,36,0.018301881093109217,0
5633,2589,36,7.65,35227.83,29,628.0,18.72,4,0,debt_consolidation,RENT,51,0.013454179110489949,0
5634,22908,36,20.68,90241.63,10,660.0,15.75,12,0,debt_consolidation,OWN,33,0.030241262985508287,0
5635,8509,36,15.45,101988.3,1,532.0,12.31,6,0,credit_card,MORTGAGE,60,0.030860844405042637,0
5636,42461,36,7.58,71366.06,20,770.0,15.32,7,0,small_business,OWN,62,0.01144173441664247,0
5637,44222,60,8.16,86077.84,12,657.0,27.63,2,2,home_improvement,OWN,56,0.09326883363988764,0
5638,46476,60,6.08,31848.22,1,669.0,28.24,4,0,home_improvement,MORTGAGE,54,0.03354068574594864,0
5639,47710,36,11.4,15474.65,0,690.0,25.28,3,0,major_purchase,OWN,54,0.034736839114034176,0
5640,11968,36,19.1,106525.62,8,720.0,13.06,2,0,major_purchase,RENT,30,0.012954920938268713,0
5641,4462,60,16.79,35244.92,3,611.0,8.67,2,1,credit_card,MORTGAGE,64,0.02607239199329357,0
5642,11460,36,12.79,88794.13,23,601.0,32.46,5,0,debt_consolidation,RENT,33,0.041530883902636595,0
5643,35783,60,10.82,70486.72,3,754.0,4.97,7,0,debt_consolidation,MORTGAGE,72,0.008589910037635482,0
5644,11275,36,14.21,104008.03,11,655.0,16.23,7,0,credit_card,RENT,31,0.017553371162113054,0
5645,30677,36,13.12,79392.88,5,707.0,19.36,4,1,credit_card,RENT,70,0.03204451716421766,0
5646,15269,36,13.73,30682.16,5,658.0,43.56,8,0,home_improvement,RENT,34,0.052964234230594605,0
5647,2406,60,12.79,51344.25,2,726.0,18.12,6,0,credit_card,RENT,45,0.009626332516058541,0
5648,9384,36,13.78,77529.84,8,657.0,23.55,4,0,home_improvement,OWN,42,0.02117938686424219,0
5649,24553,36,6.32,46277.31,9,699.0,22.35,6,0,debt_consolidation,RENT,36,0.015024419580307192,0
5650,26366,36,11.52,86155.14,9,718.0,28.57,0,0,other,RENT,18,0.02162844848062408,0
5651,46036,36,12.93,62403.51,22,697.0,25.51,5,1,home_improvement,OWN,64,0.05762862672685434,0
5652,19369,36,10.26,86652.62,11,707.0,23.02,7,0,credit_card,RENT,70,0.01628935446899953,1
5653,13795,36,7.01,88224.73,16,679.0,20.99,2,1,debt_consolidation,OWN,30,0.02108258372554822,0
5654,6485,36,12.02,67761.37,4,597.0,24.1,3,1,credit_card,OWN,25,0.04280713941184482,0
5655,43669,36,28.59,56637.08,6,587.0,,3,0,major_purchase,OWN,47,0.08793446699821576,0
5656,4618,36,8.71,46614.4,0,608.0,0.0,3,0,credit_card,MORTGAGE,63,0.007843933418523356,0
5657,32143,36,11.43,31359.46,0,638.0,12.6,8,0,credit_card,MORTGAGE,26,0.02232129364743547,0
5658,31425,36,17.05,102994.04,5,737.0,22.37,2,0,debt_consolidation,MORTGAGE,65,0.022396488438504038,0
5659,24673,36,19.09,61996.35,2,558.0,12.76,3,0,major_purchase,RENT,39,0.042711361151676744,0
5660,11603,36,9.67,53812.04,20,708.0,17.44,7,0,debt_consolidation,RENT,74,0.010826852486276798,0
5661,41696,36,15.86,54168.8,12,642.0,16.08,7,0,credit_card,MORTGAGE,64,0.0369023348551358,0
5662,7368,36,15.17,58682.88,29,709.0,15.18,4,0,debt_consolidation,OWN,64,0.011533031542613063,0
5663,6621,36,9.97,47752.52,24,774.0,23.48,7,0,debt_consolidation,OWN,36,0.008544553068594753,0
5664,16719,36,14.5,45711.52,29,692.0,19.7,5,0,credit_card,MORTGAGE,47,0.01790478971924914,0
5665,31227,36,11.31,25893.4,5,735.0,18.05,6,1,debt_consolidation,RENT,20,0.024412132214242304,0
5666,45894,36,9.49,61154.47,7,640.0,0.0,4,0,major_purchase,OWN,72,0.015403760197840542,0
5667,9566,60,18.88,92652.13,5,645.0,4.48,4,0,credit_card,RENT,28,0.013850590594962457,0
5668,14306,60,14.6,41936.26,28,749.0,22.43,5,1,major_purchase,MORTGAGE,29,0.02229860894328304,0
5669,26042,36,5.27,73800.21,6,806.0,9.85,9,1,credit_card,RENT,68,0.008020831601524704,0
5670,17086,36,11.49,74375.13,0,729.0,23.38,4,0,debt_consolidation,OWN,36,0.014307225908205767,0
5671,19387,60,9.92,70043.74,3,571.0,13.66,8,0,debt_consolidation,MORTGAGE,61,0.02494403874296097,0
5672,29042,60,11.16,106860.86,6,616.0,13.41,4,0,major_purchase,RENT,24,0.023413283900453302,0
5673,25888,36,14.06,75044.53,10,658.0,4.75,1,1,debt_consolidation,MORTGAGE,49,0.022373729064136934,0
5674,28514,36,13.17,61680.04,10,706.0,16.9,3,0,debt_consolidation,MORTGAGE,64,0.01710351183068359,0
5675,20323,36,17.74,68384.66,17,644.0,2.14,6,0,debt_consolidation,MORTGAGE,34,0.015143269552287158,0
5676,20019,36,16.89,81152.44,10,716.0,,4,0,credit_card,RENT,32,0.015350767436967975,0
5677,11890,36,7.14,103499.77,8,616.0,14.11,2,1,credit_card,MORTGAGE,61,0.022603226989360157,0
5678,42863,36,11.61,54017.29,0,740.0,22.58,4,0,credit_card,OWN,60,0.021688626467196298,0
5679,47487,60,4.21,64488.06,13,690.0,19.85,3,0,debt_consolidation,RENT,23,0.019728602175967946,0
5680,12283,36,8.01,136525.03,0,722.0,17.21,2,0,small_business,RENT,61,0.008771476120778393,0
5681,20279,36,4.0,58773.99,7,569.0,24.0,3,1,credit_card,RENT,46,0.044428858123281026,0
5682,48999,36,5.73,57730.21,25,698.0,12.84,8,0,credit_card,RENT,38,0.016660398156480963,0
5683,24908,36,17.6,39011.43,10,635.0,20.08,8,0,credit_card,OWN,56,0.03561787474955214,0
5684,49466,36,15.01,62094.03,2,681.0,9.42,6,1,debt_consolidation,RENT,71,0.04072326690301676,0
5685,39952,36,14.47,58145.56,20,654.0,16.54,3,1,debt_consolidation,RENT,46,0.04927256393917669,0
5686,37170,36,16.7,69831.51,4,634.0,11.38,4,1,major_purchase,OWN,71,0.04831923160291686,0
5687,39663,36,14.45,66768.1,9,677.0,19.03,3,0,debt_consolidation,OWN,68,0.02916916719869216,0
5688,46172,60,11.66,10660.48,10,,21.28,5,0,home_improvement,OWN,66,,0
5689,49929,36,9.64,27326.65,15,763.0,22.68,9,0,credit_card,RENT,58,0.020831856509728023,0
5690,11343,36,18.78,55965.12,0,650.0,13.57,2,0,credit_card,RENT,63,0.019429538399066523,0
5691,12637,36,17.23,49369.73,22,744.0,22.63,6,0,debt_consolidation,MORTGAGE,42,0.0157574359064071,1
5692,36724,36,11.12,34139.03,0,755.0,19.67,5,0,credit_card,RENT,63,0.015478252706273024,0
5693,41791,36,15.06,13995.28,0,621.0,14.54,8,2,credit_card,RENT,54,0.09747679958442852,0
5694,31134,36,4.0,100617.01,7,697.0,15.52,7,1,debt_consolidation,OWN,50,0.019483338001754637,0
5695,48830,36,15.26,100179.37,5,730.0,23.67,8,0,home_improvement,OTHER,65,0.03345262680057331,0
5696,49101,36,10.0,78927.87,0,666.0,19.85,6,0,debt_consolidation,OWN,74,0.03198501672324559,0
5697,5907,60,22.85,45358.53,1,675.0,14.42,7,0,credit_card,OWN,21,0.01998550698947261,0
5698,35575,36,16.6,96733.43,7,712.0,29.19,9,1,credit_card,MORTGAGE,29,0.06163552678005286,0
5699,48799,36,4.11,42024.8,21,680.0,3.06,2,1,other,OWN,30,0.017878432471908616,0
5700,6827,36,9.15,70880.69,0,674.0,11.9,5,0,small_business,MORTGAGE,56,0.009248888241640912,0
5701,32607,60,12.24,40246.98,0,641.0,10.87,9,0,credit_card,MORTGAGE,64,0.02173067837429006,0
5702,15699,36,11.83,60605.14,19,646.0,8.76,6,0,home_improvement,RENT,66,0.013253911945936312,0
5703,39292,36,11.65,,8,641.0,14.0,8,1,home_improvement,OWN,37,0.04361914742489163,0
5704,49961,60,15.94,,5,658.0,30.65,4,0,debt_consolidation,RENT,35,0.06687087923331751,0
5705,27883,36,9.84,49440.18,7,676.0,9.32,4,0,other,OWN,73,0.012823872472992635,0
5706,7313,36,11.71,66273.43,6,644.0,20.76,5,0,credit_card,OWN,35,0.01795373939014487,0
5707,15598,36,18.1,28643.32,18,627.0,19.74,5,0,debt_consolidation,MORTGAGE,31,0.030607040394733408,0
5708,47826,60,18.17,36428.34,0,628.0,28.11,8,0,major_purchase,OWN,34,0.07954245307148029,0
5709,30807,60,15.91,66279.37,6,679.0,22.39,8,0,small_business,MORTGAGE,38,0.03116616696380512,0
5710,6887,60,10.6,46633.71,1,588.0,24.65,6,1,other,MORTGAGE,43,0.04460580574327973,0
5711,5854,60,9.17,29260.16,4,731.0,32.49,5,0,debt_consolidation,RENT,53,0.01461736243829638,0
5712,47226,60,11.83,60740.86,0,756.0,12.3,5,0,home_improvement,OWN,68,0.014658325371858905,0
5713,16536,36,12.11,70875.82,6,756.0,17.21,4,0,debt_consolidation,MORTGAGE,71,0.009743341807826269,1
5714,5558,60,11.86,116108.58,10,660.0,12.58,10,1,debt_consolidation,RENT,43,0.01978903155658561,0
5715,11772,36,14.23,62106.15,11,648.0,2.32,4,0,credit_card,RENT,45,0.010371581705060633,0
5716,38343,36,13.44,60276.41,19,645.0,5.32,5,1,debt_consolidation,RENT,51,0.03172718490443933,0
5717,37186,36,13.28,52886.49,20,621.0,17.72,12,0,debt_consolidation,RENT,42,0.03770675415002075,0
5718,38966,36,10.13,88728.15,10,722.0,9.73,1,1,credit_card,RENT,66,0.019899119912141418,0
5719,35769,60,7.2,68147.87,5,564.0,11.93,4,0,other,OWN,25,0.02815640558096309,0
5720,41887,36,14.78,80893.07,0,648.0,26.98,8,0,small_business,OWN,22,0.05205182382332618,0
5721,21229,36,12.24,65561.35,0,645.0,20.67,5,0,debt_consolidation,RENT,45,0.02397164417414806,0
5722,11673,36,13.64,82857.78,0,653.0,27.97,4,0,debt_consolidation,RENT,51,0.026759543618915124,0
5723,29877,60,13.75,69452.07,30,645.0,22.21,3,0,credit_card,MORTGAGE,43,0.03178191312310475,0
5724,33601,36,4.0,24800.21,18,689.0,20.37,4,0,other,OWN,45,0.015410434874045604,0
5725,40084,36,18.89,52794.46,6,717.0,27.72,6,0,debt_consolidation,RENT,53,0.0416057838493029,1
5726,18244,36,9.74,53561.5,7,699.0,17.5,8,0,major_purchase,MORTGAGE,74,0.01322778090148587,0
5727,29356,36,17.5,71084.7,16,621.0,21.01,3,0,debt_consolidation,RENT,44,0.04134895443536902,0
5728,18806,36,13.7,63816.34,8,574.0,14.11,5,0,debt_consolidation,RENT,34,0.028790967811331825,0
5729,25099,36,7.69,93260.04,5,784.0,18.04,4,1,debt_consolidation,RENT,67,0.01330895301954954,0
5730,46641,60,9.17,69950.99,5,737.0,14.56,6,0,other,RENT,69,0.015699845717243078,0
5731,39034,36,9.24,71788.98,2,793.0,20.35,4,0,home_improvement,OWN,37,0.011993552616220144,0
5732,42317,36,9.47,34647.31,24,707.0,,4,0,credit_card,RENT,69,0.017426895780357006,0
5733,21094,36,4.92,63752.72,6,765.0,15.47,4,0,credit_card,MORTGAGE,31,0.006604878166027332,0
5734,12589,36,8.81,54631.28,16,573.0,23.74,5,0,debt_consolidation,RENT,38,0.029422830329790033,0
5735,3657,36,15.87,8379.06,9,600.0,8.19,8,0,debt_consolidation,MORTGAGE,49,0.0166958220369849,0
5736,34764,36,16.28,27169.36,16,642.0,22.01,3,1,debt_consolidation,RENT,40,0.06402470843964717,0
5737,41531,36,9.29,78074.76,4,688.0,25.93,4,0,debt_consolidation,RENT,54,0.029151048929714457,0
5738,5164,60,4.51,76332.15,16,639.0,29.48,4,0,other,RENT,56,0.01736092320305009,0
5739,29542,36,14.52,45267.11,19,741.0,7.85,2,0,debt_consolidation,RENT,25,0.010506906316946528,0
5740,20437,36,7.69,46037.59,0,736.0,13.77,5,0,major_purchase,OWN,36,0.008392740625921167,0
5741,43247,36,8.0,31662.81,0,738.0,23.81,2,0,major_purchase,OWN,46,0.019064850484515977,0
5742,40505,36,10.87,84745.24,30,721.0,13.32,5,0,debt_consolidation,RENT,22,0.015679460316163414,0
5743,21601,36,10.49,39764.91,0,699.0,12.32,3,1,credit_card,RENT,66,0.018620794403360563,0
5744,30430,36,8.84,45740.0,13,778.0,17.67,4,0,credit_card,RENT,49,0.009750870445493694,0
5745,8009,60,9.2,85390.28,16,787.0,14.8,3,0,debt_consolidation,RENT,37,0.005325971169776278,0
5746,6552,36,9.99,84888.73,0,665.0,21.52,6,0,debt_consolidation,RENT,36,0.014940005494043588,0
5747,11417,36,9.14,55506.41,16,628.0,11.79,1,0,debt_consolidation,RENT,41,0.01272902156821203,0
5748,43989,60,9.4,60315.46,6,753.0,15.24,10,0,major_purchase,OWN,49,0.014649084428907503,0
5749,4671,36,10.78,71774.91,3,793.0,18.02,5,1,other,RENT,42,0.009904815808377472,0
5750,8519,60,13.41,49757.72,11,830.0,15.66,7,0,home_improvement,RENT,44,0.005526163369667766,0
5751,38730,36,13.0,57504.91,21,718.0,10.83,3,0,major_purchase,RENT,29,0.015214124387141693,0
5752,14734,36,9.83,,9,669.0,7.03,3,0,debt_consolidation,RENT,28,0.009316390049633975,0
5753,47890,36,10.73,77176.43,23,612.0,21.49,9,0,debt_consolidation,MORTGAGE,30,0.048425105857341035,0
5754,5722,60,17.38,95424.59,0,676.0,14.23,7,0,small_business,RENT,20,0.0150182053978772,0
5755,6906,60,15.95,88652.98,16,625.0,18.55,3,0,debt_consolidation,MORTGAGE,30,0.022044953387217375,0
5756,32096,36,14.19,85406.04,1,615.0,7.59,2,1,debt_consolidation,RENT,38,0.036792317172065415,0
5757,42031,36,4.91,32618.51,4,738.0,24.62,5,0,debt_consolidation,RENT,21,0.017005277739172014,0
5758,15699,36,12.43,92308.23,9,652.0,,8,0,home_improvement,OWN,73,0.01718270303238044,0
5759,23438,36,9.3,43093.5,3,679.0,14.14,4,0,debt_consolidation,OTHER,72,0.013591311926522942,0
5760,45856,36,8.17,15449.22,1,775.0,31.01,4,0,credit_card,OWN,47,0.022010485395743528,0
5761,35576,36,10.56,38770.86,24,555.0,,3,1,major_purchase,OWN,68,0.06235778022568858,0
5762,43938,36,16.19,57706.4,25,623.0,21.22,3,0,debt_consolidation,OWN,65,0.051128078512337534,0
5763,34247,36,15.55,9065.82,0,728.0,20.08,4,0,other,MORTGAGE,46,0.021618293696369268,0
5764,45461,36,9.52,77798.86,8,,13.08,3,0,credit_card,OWN,56,,0
5765,29938,60,12.34,80803.74,2,649.0,17.24,6,2,credit_card,RENT,46,0.06424558857419871,0
5766,42469,60,10.31,50443.71,23,700.0,19.07,5,0,small_business,RENT,59,0.02248159820546569,1
5767,19600,36,11.04,30848.77,7,670.0,21.72,11,0,credit_card,OWN,30,0.020893547363519952,0
5768,22435,60,15.99,83078.21,7,562.0,17.29,5,0,debt_consolidation,RENT,46,0.041798405325181025,0
5769,20581,36,11.75,36915.08,10,643.0,19.0,6,0,credit_card,MORTGAGE,57,0.022120536155099506,0
5770,16191,60,4.97,19486.67,0,590.0,20.25,3,1,home_improvement,RENT,60,0.033000348916234865,0
5771,21190,36,12.55,58388.48,1,732.0,0.0,5,0,debt_consolidation,OWN,61,0.006427636496642591,0
5772,29386,36,19.27,60665.65,8,597.0,14.28,4,1,major_purchase,MORTGAGE,64,0.06479241358522084,0
5773,33721,60,9.2,67836.19,29,597.0,,1,0,credit_card,RENT,29,0.026920439926751916,0
5774,15704,36,18.19,79197.42,22,604.0,0.0,4,1,credit_card,OWN,44,0.0263285506326539,0
5775,4123,60,14.47,82243.27,24,731.0,18.92,2,0,debt_consolidation,OWN,66,0.01042323389452606,0
5776,27174,60,16.71,28396.11,1,,33.8,1,0,debt_consolidation,RENT,68,,0
5777,46301,60,15.5,9039.59,28,760.0,23.99,3,0,credit_card,MORTGAGE,72,0.026099830066738487,0
5778,49216,36,12.71,71492.85,15,733.0,11.6,5,0,credit_card,RENT,49,0.017737457170355842,0
5779,16586,36,9.55,61241.14,4,747.0,35.79,6,0,credit_card,RENT,19,0.019242950255771198,0
5780,33976,36,12.7,48550.51,23,659.0,6.54,4,0,debt_consolidation,RENT,25,0.016498008274229387,0
5781,27416,60,12.93,56379.24,16,606.0,13.56,8,0,debt_consolidation,RENT,45,0.027417324250310772,0
5782,3814,36,15.89,39092.97,15,661.0,28.56,3,0,debt_consolidation,RENT,49,0.024775317320421254,0
5783,15001,36,4.0,103179.39,15,506.0,18.15,5,0,credit_card,MORTGAGE,68,0.029029599568669073,0
5784,18508,36,6.28,9716.54,19,714.0,24.21,4,0,major_purchase,RENT,39,0.012850484472760161,0
5785,21630,36,12.95,70581.51,28,696.0,26.16,1,0,credit_card,OWN,35,0.02210712877275696,0
5786,15380,36,13.33,27871.95,1,640.0,24.52,6,0,home_improvement,OWN,67,0.02724929996733952,0
5787,37699,36,8.53,43474.16,30,649.0,7.29,5,0,debt_consolidation,RENT,24,0.01595467607154282,0
5788,48335,60,13.43,49021.74,23,747.0,11.99,3,0,debt_consolidation,OWN,51,0.016557825671370055,0
5789,48806,36,14.71,35458.27,7,709.0,16.2,0,1,small_business,RENT,63,0.04131329386139746,0
5790,14317,60,11.22,54332.67,1,769.0,22.08,6,0,credit_card,OWN,35,0.010216724208197631,0
5791,37739,36,17.72,8000.0,7,628.0,17.91,4,0,debt_consolidation,OWN,36,0.04225657319951536,0
5792,36785,36,18.47,21672.55,18,604.0,10.05,7,0,home_improvement,RENT,55,0.03758647281984791,0
5793,33980,36,12.49,13627.46,10,702.0,13.58,6,1,major_purchase,RENT,34,0.02779528479541452,0
5794,25799,36,15.36,29468.79,3,728.0,24.59,9,0,debt_consolidation,RENT,36,0.022744606129909195,0
5795,37183,36,5.21,40112.23,6,698.0,0.0,5,0,debt_consolidation,MORTGAGE,73,0.007511054542953672,0
5796,31166,60,16.29,59848.73,28,654.0,17.18,7,0,debt_consolidation,MORTGAGE,32,0.029916267324245738,0
5797,21480,36,17.86,43915.57,19,850.0,,4,0,home_improvement,MORTGAGE,71,0.007484562504955153,0
5798,3609,36,7.94,38257.29,1,803.0,27.1,4,0,home_improvement,OWN,50,0.006862345407249451,0
5799,2717,36,14.47,46901.06,9,635.0,3.16,4,1,credit_card,RENT,18,0.01605167776281483,0
5800,21945,60,4.51,,27,644.0,11.84,5,1,debt_consolidation,RENT,51,0.01934095447288926,0
5801,27592,36,8.85,50715.73,0,634.0,31.73,7,1,credit_card,RENT,20,0.06177679909237351,0
5802,30141,36,9.92,51648.63,0,764.0,5.91,7,0,other,RENT,23,0.007183351115652427,0
5803,32009,36,6.1,40506.12,14,734.0,21.5,8,0,debt_consolidation,OWN,70,0.013805044361704887,0
5804,47430,60,11.05,20623.72,9,725.0,25.57,4,0,credit_card,OWN,72,0.028302346048874976,0
5805,8782,36,10.78,58799.9,0,671.0,23.65,4,0,major_purchase,RENT,38,0.016702390135278446,0
5806,28536,36,14.47,80892.39,30,733.0,22.18,5,0,other,RENT,22,0.019520433821761374,0
5807,35816,36,5.94,33483.92,9,702.0,17.98,4,0,credit_card,OWN,44,0.014927942515341101,0
5808,27933,60,14.49,57261.63,8,669.0,19.48,7,0,credit_card,OWN,58,0.025790001664753964,0
5809,13618,36,8.84,48907.22,7,703.0,10.33,6,0,debt_consolidation,RENT,25,0.008322460905788554,0
5810,10307,60,6.89,74503.28,13,776.0,18.82,9,0,debt_consolidation,RENT,33,0.006609866589197939,0
5811,28671,36,11.21,38316.87,7,728.0,26.96,8,0,small_business,RENT,32,0.021338351080376943,0
5812,42673,36,15.01,54602.39,11,621.0,5.32,10,1,home_improvement,OWN,27,0.04482022844192565,0
5813,44761,36,10.06,56907.97,7,629.0,15.23,3,1,small_business,RENT,21,0.04803583945428602,0
5814,12338,60,14.06,66364.12,10,726.0,11.67,4,0,debt_consolidation,RENT,63,0.009476298577368767,0
5815,40346,36,13.12,32467.9,19,640.0,26.67,7,0,debt_consolidation,MORTGAGE,64,0.04786692704265115,0
5816,48602,60,24.54,67600.64,20,702.0,13.79,11,0,credit_card,RENT,35,0.04305119111979876,0
5817,8548,36,10.75,46683.06,22,644.0,36.71,2,0,other,OWN,31,0.03176407031170423,0
5818,42149,60,11.33,72855.91,2,729.0,30.94,8,0,debt_consolidation,RENT,66,0.03239186108451672,0
5819,23164,36,16.43,50054.44,0,617.0,10.24,9,0,major_purchase,RENT,57,0.02490126808721577,0
5820,29526,36,11.79,91322.08,21,698.0,8.94,9,0,other,MORTGAGE,24,0.013250512032329428,0
5821,33222,36,13.0,19767.31,0,653.0,28.54,6,1,debt_consolidation,MORTGAGE,22,0.06586830866358073,0
5822,22176,36,4.97,73584.43,2,677.0,16.38,5,0,major_purchase,RENT,22,0.011952621781563835,0
5823,4941,36,11.51,67824.79,8,687.0,8.85,6,0,debt_consolidation,MORTGAGE,24,0.008295763099626626,0
5824,7695,36,9.18,71525.63,22,748.0,8.62,3,0,home_improvement,OTHER,26,0.0052185680619811145,0
5825,41169,36,10.08,86329.11,25,675.0,27.49,3,0,credit_card,RENT,37,0.034124478329974894,0
5826,49947,36,13.03,15053.24,10,739.0,19.93,2,1,debt_consolidation,MORTGAGE,39,0.03855468743283998,0
5827,49224,36,11.78,114163.54,29,627.0,9.29,4,1,home_improvement,OWN,44,0.046224427618933216,0
5828,47865,36,15.09,72973.79,15,581.0,18.09,8,2,credit_card,RENT,62,0.1517938960104511,0
5829,27553,36,15.82,108232.75,8,708.0,17.52,5,0,credit_card,OWN,20,0.019740596165361095,0
5830,40965,36,11.29,106628.22,1,662.0,24.83,8,0,debt_consolidation,RENT,66,0.036791608405780156,0
5831,40218,36,13.2,70706.38,6,617.0,11.05,4,0,credit_card,RENT,58,0.029152181001646755,0
5832,27359,36,4.0,66446.33,20,618.0,12.13,4,1,debt_consolidation,RENT,72,0.02446792413949245,0
5833,26816,60,13.26,78737.87,4,626.0,13.93,9,0,debt_consolidation,MORTGAGE,45,0.025099683250100136,0
5834,10378,60,16.21,8000.0,9,699.0,,3,1,credit_card,OWN,49,0.02196833389237219,0
5835,3881,36,8.36,57798.48,30,659.0,7.82,5,1,debt_consolidation,RENT,53,0.012798072904199006,0
5836,41567,36,15.02,84222.17,1,594.0,24.43,5,1,home_improvement,RENT,22,0.09935069399428308,0
5837,49365,36,10.19,98200.55,0,645.0,14.95,3,0,debt_consolidation,RENT,29,0.029449114264260414,0
5838,15675,36,9.69,52137.99,19,635.0,26.49,4,0,debt_consolidation,OWN,67,0.025028330753621677,0
5839,6586,36,17.7,69016.48,0,616.0,9.02,7,0,home_improvement,OWN,47,0.01801307695475963,0
5840,27006,36,11.87,74313.53,10,738.0,16.29,10,0,major_purchase,OWN,19,0.013482613276856027,0
5841,43198,36,15.47,57943.77,5,674.0,13.79,7,1,debt_consolidation,RENT,24,0.04587212803026756,0
5842,24831,36,4.19,36660.25,15,816.0,36.11,7,0,debt_consolidation,RENT,48,0.011826915039190256,0
5843,37113,36,9.56,43438.41,0,726.0,18.61,6,0,debt_consolidation,RENT,22,0.016604461399490063,0
5844,18459,36,14.85,33883.47,4,729.0,9.35,7,0,debt_consolidation,RENT,42,0.010268832717677812,0
5845,34443,36,12.5,22190.01,0,,3.15,3,1,debt_consolidation,RENT,70,,0
5846,44316,36,11.26,55757.57,3,764.0,20.89,7,0,credit_card,RENT,64,0.018359463955325374,0
5847,32595,36,14.42,115418.78,7,755.0,12.12,3,1,home_improvement,RENT,63,0.01999060000756172,0
5848,7877,60,8.67,66163.11,2,694.0,9.55,2,0,small_business,RENT,34,0.0072393368793042465,0
5849,41553,60,16.87,52825.64,10,515.0,23.26,6,1,home_improvement,RENT,74,0.15775337225638034,1
5850,6922,36,11.15,69321.63,0,558.0,16.76,4,0,debt_consolidation,OWN,47,0.024324167238318952,0
5851,6686,36,8.74,39353.44,16,636.0,19.47,6,0,home_improvement,RENT,47,0.01542105954499475,0
5852,34766,36,9.0,18479.82,26,,18.54,1,0,credit_card,RENT,44,,0
5853,16407,36,11.67,42770.16,5,595.0,16.19,1,0,credit_card,RENT,72,0.022960314542161492,0
5854,34006,36,10.29,31743.17,8,705.0,27.77,3,0,credit_card,OWN,60,0.02546687306569533,0
5855,33422,36,14.1,13778.12,7,686.0,2.69,8,0,debt_consolidation,MORTGAGE,44,0.013321565463207289,1
5856,14205,36,11.81,46245.3,18,672.0,4.39,3,0,small_business,OWN,46,0.008997235147346187,0
5857,23054,36,10.58,72202.98,30,683.0,13.33,5,0,debt_consolidation,RENT,39,0.013724949007435533,0
5858,25527,60,13.41,69866.75,15,536.0,20.61,6,0,debt_consolidation,MORTGAGE,64,0.05212588722147547,0
5859,47947,60,9.88,66781.84,2,775.0,22.96,5,0,debt_consolidation,RENT,49,0.01836703489222774,0
5860,20443,36,13.97,101734.04,13,658.0,5.97,3,1,debt_consolidation,RENT,72,0.0214186894677699,0
5861,18524,36,13.31,46190.44,10,690.0,27.44,8,1,credit_card,OWN,59,0.04006278625915831,0
5862,30202,36,13.14,70820.34,2,686.0,35.19,6,0,debt_consolidation,OWN,29,0.04159222854959774,0
5863,2016,60,10.57,50291.93,3,643.0,20.77,6,0,debt_consolidation,OWN,50,0.015544527822749914,0
5864,48142,60,9.48,95546.87,11,686.0,13.91,7,0,credit_card,OWN,22,0.021822277973811414,0
5865,18848,60,15.23,39787.97,20,620.0,25.98,3,0,credit_card,OWN,36,0.03688598968318587,0
5866,22855,36,14.46,78583.56,17,674.0,27.31,5,0,debt_consolidation,MORTGAGE,51,0.030134111504347503,0
5867,20211,60,7.97,66244.04,10,684.0,15.37,6,0,debt_consolidation,OWN,66,0.012413493843352217,0
5868,27095,36,10.27,90483.27,27,662.0,14.51,5,0,debt_consolidation,RENT,45,0.017357852755924844,0
5869,40724,60,17.36,60231.35,15,684.0,17.7,5,0,major_purchase,OWN,52,0.031875592735213676,0
5870,39583,60,15.94,54084.3,8,718.0,25.07,4,0,major_purchase,MORTGAGE,31,0.031476241214178385,0
5871,4843,36,7.32,51065.9,20,749.0,26.13,4,0,debt_consolidation,RENT,23,0.009049635196365872,0
5872,31301,36,12.05,56169.52,4,801.0,16.21,4,0,credit_card,RENT,64,0.00957403852335544,0
5873,28460,60,13.68,13368.27,3,719.0,24.92,5,1,home_improvement,MORTGAGE,35,0.03682706281156062,0
5874,33918,36,15.97,46967.34,29,662.0,13.65,7,0,other,RENT,38,0.025852888379469887,0
5875,30747,36,12.51,45448.85,28,612.0,34.5,7,0,debt_consolidation,RENT,58,0.06113655923968435,0
5876,17972,36,13.94,31490.46,24,649.0,10.05,3,1,home_improvement,MORTGAGE,65,0.025195783209084055,0
5877,30310,36,15.73,45973.82,2,598.0,23.55,5,0,debt_consolidation,RENT,22,0.049580775892542284,0
5878,24927,36,16.26,37551.67,9,663.0,16.2,5,0,other,RENT,50,0.023696179427193674,0
5879,3094,36,11.28,47164.69,8,698.0,16.36,2,0,credit_card,RENT,23,0.009586943160273406,0
5880,40892,36,12.18,75611.6,2,702.0,15.72,2,0,credit_card,OWN,40,0.020107302810928106,0
5881,36172,36,8.97,75674.23,7,692.0,12.79,6,0,debt_consolidation,OWN,18,0.015391025535501235,0
5882,25324,36,10.91,99466.93,7,692.0,11.54,17,0,debt_consolidation,MORTGAGE,47,0.01450829721168739,0
5883,22674,36,10.37,67702.85,3,698.0,9.91,4,1,debt_consolidation,RENT,37,0.01747044205884545,0
5884,5982,36,11.25,21989.15,28,754.0,17.04,3,0,debt_consolidation,RENT,24,0.0075377892568502195,0
5885,47283,36,11.62,51769.9,8,624.0,18.6,4,0,debt_consolidation,MORTGAGE,30,0.039797503953988206,0
5886,17790,36,15.25,44023.34,8,639.0,13.79,1,2,small_business,RENT,18,0.05195125719724328,0
5887,14205,60,13.4,35439.5,10,773.0,0.89,4,1,debt_consolidation,MORTGAGE,69,0.007703860680417092,0
5888,26338,36,6.88,86823.65,24,640.0,18.23,5,0,debt_consolidation,MORTGAGE,31,0.01907644879934307,0
5889,14748,60,14.2,71362.56,8,761.0,16.71,5,1,debt_consolidation,RENT,62,0.016420950842823936,0
5890,23097,36,9.8,61758.06,8,758.0,25.68,2,0,debt_consolidation,OWN,72,0.013401982970669257,0
5891,5092,60,7.64,22899.64,3,645.0,,3,0,home_improvement,MORTGAGE,19,0.010920207892942126,0
5892,24692,36,7.43,57951.65,10,695.0,20.6,5,0,credit_card,OWN,35,0.015058197920866958,0
5893,25862,36,12.68,118157.67,5,715.0,27.51,4,1,debt_consolidation,MORTGAGE,48,0.03738586316977182,0
5894,26860,36,16.24,39080.42,10,794.0,33.87,4,0,credit_card,MORTGAGE,73,0.02253263945644731,0
5895,15971,36,11.16,54548.11,4,677.0,17.82,4,1,small_business,RENT,73,0.024559749604058594,0
5896,16616,36,15.75,94720.57,14,675.0,7.97,4,1,debt_consolidation,RENT,35,0.0214283331580695,0
5897,6933,36,12.34,49034.95,10,726.0,29.39,9,0,debt_consolidation,RENT,73,0.016549034787917482,0
5898,6926,36,4.0,48505.73,7,636.0,0.0,3,2,debt_consolidation,RENT,66,0.014810757094932422,0
5899,27763,60,14.45,54282.53,0,681.0,9.67,5,1,credit_card,OWN,70,0.02604751877770407,0
5900,5969,36,9.83,68664.84,10,550.0,11.58,1,0,debt_consolidation,OWN,63,0.018598148089158842,0
5901,37733,36,8.76,36610.14,22,820.0,23.98,4,0,credit_card,RENT,40,0.011227035401317934,0
5902,6319,36,14.47,83082.76,1,777.0,16.73,7,1,home_improvement,MORTGAGE,27,0.013087549169866269,0
5903,43743,36,12.54,50140.51,0,679.0,8.96,6,0,credit_card,OWN,33,0.019767705655395488,0
5904,41876,60,11.73,65157.59,0,625.0,38.0,4,1,credit_card,RENT,25,0.11753530767637481,0
5905,43909,60,12.39,49582.21,0,622.0,14.98,9,0,major_purchase,OWN,40,0.03573898192027626,0
5906,22323,60,8.61,26611.6,21,715.0,8.89,3,2,small_business,MORTGAGE,18,0.02236935485293679,0
5907,18428,60,19.08,8000.0,15,626.0,8.21,4,0,credit_card,MORTGAGE,43,0.021561681782853146,0
5908,36578,36,12.69,65717.81,2,608.0,8.24,4,0,small_business,RENT,20,0.02502979491015201,0
5909,22950,36,12.63,14605.24,26,598.0,18.33,3,0,debt_consolidation,RENT,67,0.029762259604648192,0
5910,45041,36,11.65,79110.42,1,687.0,13.94,1,0,debt_consolidation,OWN,36,0.021434624809232933,0
5911,43789,60,5.53,63178.31,5,695.0,13.85,2,0,credit_card,RENT,66,0.01486572096001196,0
5912,20293,60,9.3,110605.15,7,,19.0,5,0,major_purchase,OWN,74,,0
5913,8364,36,7.1,45406.95,0,641.0,16.17,7,0,debt_consolidation,OWN,65,0.012655588876272677,1
5914,37349,36,6.72,103366.06,5,714.0,20.33,4,1,major_purchase,OWN,37,0.026653491174911146,0
5915,2691,60,5.83,52728.63,0,638.0,15.61,3,0,debt_consolidation,RENT,53,0.010168097605776631,0
5916,32062,36,9.46,83226.73,19,628.0,15.36,5,1,small_business,OWN,66,0.03771110858615967,0
5917,2931,60,12.08,73642.07,0,707.0,11.66,4,0,debt_consolidation,OWN,33,0.007978613630798137,1
5918,47896,36,6.31,14148.15,0,741.0,16.81,6,0,debt_consolidation,RENT,24,0.014917652440427424,0
5919,33730,36,14.8,139837.17,15,670.0,22.26,3,1,credit_card,OWN,30,0.05045026066791703,0
5920,16226,36,13.19,100463.02,18,602.0,25.66,1,0,home_improvement,MORTGAGE,38,0.03417197258136152,0
5921,15861,36,11.07,69938.88,8,727.0,18.6,4,1,debt_consolidation,RENT,29,0.018756505261217547,0
5922,33301,36,20.65,93220.2,4,712.0,0.0,6,0,credit_card,OWN,44,0.013877934675935672,0
5923,24766,36,11.04,66847.85,3,718.0,30.74,7,0,credit_card,OWN,67,0.02386751478261254,0
5924,38174,60,15.19,82152.03,0,787.0,12.45,5,1,debt_consolidation,MORTGAGE,61,0.01982047984441887,0
5925,43107,36,12.84,63915.55,7,628.0,18.57,6,1,debt_consolidation,RENT,33,0.06232387664573585,0
5926,19695,60,17.75,33965.18,7,725.0,22.8,3,0,debt_consolidation,OWN,24,0.02030050747214624,0
5927,43347,36,16.34,57457.4,7,718.0,25.52,4,0,debt_consolidation,RENT,36,0.035119084142088614,0
5928,5121,60,10.8,46915.26,18,679.0,39.38,2,0,major_purchase,MORTGAGE,74,0.026951892654357726,0
5929,20257,36,10.95,75808.12,0,685.0,19.92,3,1,home_improvement,RENT,74,0.02710494594041174,0
5930,30164,36,6.63,33654.01,12,706.0,23.81,7,0,debt_consolidation,RENT,48,0.017484179541676474,0
5931,27491,36,12.46,63694.38,6,718.0,19.81,2,0,home_improvement,RENT,62,0.016744815436557193,0
5932,25165,36,14.62,24762.38,3,633.0,26.02,7,0,debt_consolidation,OWN,54,0.03905673639471985,0
5933,5748,60,11.75,79271.28,12,738.0,26.18,3,0,small_business,OWN,32,0.012148340118051828,0
5934,35045,36,17.6,29526.71,2,714.0,28.42,6,0,debt_consolidation,MORTGAGE,38,0.03710116441486873,0
5935,28553,36,12.58,75091.34,3,644.0,9.24,5,0,other,OWN,51,0.01808645409749875,0
5936,46331,60,16.99,62948.23,30,706.0,16.57,8,0,debt_consolidation,RENT,58,0.03026355925861452,0
5937,32497,36,11.35,86070.14,24,709.0,26.2,7,0,credit_card,RENT,36,0.024878453954284556,0
5938,33308,60,7.36,56216.92,13,707.0,16.28,2,0,major_purchase,OWN,49,0.013564524818083252,0
5939,41560,36,9.5,80348.38,4,679.0,21.75,7,0,small_business,RENT,28,0.027177822951776207,0
5940,48686,60,11.87,63722.54,8,624.0,,5,0,debt_consolidation,OWN,68,0.036376419251462885,0
5941,12374,36,9.0,,1,630.0,16.18,9,1,debt_consolidation,MORTGAGE,19,0.026718425688862575,0
5942,6675,60,5.38,15206.66,5,780.0,3.74,6,0,home_improvement,RENT,67,0.002965026139539347,0
5943,3170,36,4.0,43908.09,0,684.0,13.26,6,1,debt_consolidation,RENT,50,0.010984769597184316,0
5944,43449,36,16.06,55923.47,10,740.0,21.14,4,1,debt_consolidation,OWN,37,0.04178959492764274,0
5945,45485,36,13.54,94258.61,22,685.0,19.95,1,1,other,OTHER,59,0.04901835228780011,0
5946,14450,36,13.1,68647.17,20,617.0,14.9,4,1,credit_card,OTHER,57,0.03318208682902626,0
5947,12680,36,12.67,17027.79,22,714.0,16.07,3,0,small_business,OWN,73,0.011271972069938952,0
5948,12068,36,9.81,70945.43,1,686.0,34.67,2,0,credit_card,MORTGAGE,46,0.023491610139094222,0
5949,37230,36,15.18,38067.85,11,735.0,19.44,7,0,credit_card,OWN,67,0.021693719427004595,0
5950,48418,60,5.04,40242.19,28,669.0,13.11,5,0,credit_card,MORTGAGE,43,0.018537647347129694,0
5951,28206,36,4.0,58546.42,18,649.0,8.15,6,0,other,OWN,27,0.011053643367598742,0
5952,2287,60,11.19,66917.85,0,565.0,26.32,4,0,other,OWN,19,0.03100953602054822,1
5953,24337,36,12.52,40557.95,24,725.0,18.07,3,1,other,OWN,43,0.023328832039210514,0
5954,22666,36,8.46,16330.88,14,700.0,10.88,3,0,debt_consolidation,RENT,38,0.009868596699099196,0
5955,3161,60,5.63,55571.18,0,647.0,2.94,10,0,debt_consolidation,RENT,66,0.006245183413712914,0
5956,37131,60,14.36,54402.4,4,707.0,16.99,2,0,credit_card,MORTGAGE,55,0.021211335880084815,0
5957,26535,36,10.35,95839.1,0,,34.2,5,1,credit_card,MORTGAGE,22,,0
5958,34528,36,14.78,61067.59,15,803.0,27.52,8,2,small_business,OWN,35,0.049376663467971565,0
5959,40751,36,17.22,89470.19,0,572.0,13.95,2,0,credit_card,RENT,48,0.05078761724931231,0
5960,18527,36,5.59,112903.54,7,652.0,21.98,4,0,debt_consolidation,MORTGAGE,43,0.016419012798904023,0
5961,42975,36,12.85,32318.6,30,661.0,6.5,3,2,debt_consolidation,MORTGAGE,48,0.05097982942108498,0
5962,25853,36,13.0,96764.85,22,661.0,16.35,8,1,debt_consolidation,RENT,29,0.03506220054831141,1
5963,16758,36,14.98,83311.26,9,675.0,18.19,9,0,debt_consolidation,RENT,44,0.01987456080923475,0
5964,2244,36,9.87,8000.0,13,678.0,7.05,7,0,credit_card,OWN,18,0.007191628677411311,0
5965,5178,60,12.22,55300.63,10,689.0,10.75,6,1,debt_consolidation,RENT,20,0.015076302997397028,0
5966,33831,60,14.93,77639.33,20,661.0,12.41,5,0,small_business,MORTGAGE,28,0.02305652466314249,0
5967,4176,36,13.75,68446.85,24,632.0,21.26,3,0,small_business,MORTGAGE,46,0.02002432432116662,0
5968,39770,36,18.24,101438.42,17,695.0,20.06,5,0,credit_card,OWN,21,0.03356273542062578,0
5969,35654,36,8.53,74757.26,2,799.0,10.66,3,0,debt_consolidation,RENT,57,0.007047429210633946,0
5970,28627,60,12.83,24255.33,5,605.0,22.9,8,0,debt_consolidation,RENT,21,0.04031196287059608,0
5971,48489,36,11.65,79815.4,18,654.0,18.12,3,0,home_improvement,RENT,41,0.03334544553485936,0
5972,46910,36,11.17,31421.86,20,713.0,31.87,4,0,credit_card,MORTGAGE,64,0.038549498216792606,0
5973,26881,36,14.35,46184.38,10,761.0,7.93,4,1,home_improvement,MORTGAGE,68,0.014720562035099308,0
5974,37422,36,12.46,87457.96,14,850.0,30.95,2,0,debt_consolidation,RENT,59,0.014477731673525954,0
5975,13984,36,7.74,84639.24,1,750.0,14.15,2,0,debt_consolidation,OTHER,40,0.006710691291576867,0
5976,25776,60,15.81,60958.4,5,635.0,30.67,5,0,debt_consolidation,OWN,26,0.048467517179868656,1
5977,19755,36,14.36,41886.8,8,733.0,23.15,8,0,credit_card,RENT,25,0.017482805316083466,0
5978,9135,36,17.9,54996.16,30,703.0,7.19,5,0,credit_card,OWN,44,0.010428805245945373,0
5979,2320,36,14.91,57194.8,19,622.0,19.14,5,0,debt_consolidation,RENT,59,0.020342315206018098,0
5980,39422,36,11.15,45833.16,2,654.0,29.6,6,0,home_improvement,OWN,61,0.04376957387138088,0
5981,30635,36,11.18,88386.89,5,571.0,12.13,11,0,small_business,OWN,26,0.03201227448606007,0
5982,23684,36,16.14,49613.95,2,577.0,27.5,10,0,major_purchase,MORTGAGE,49,0.06115033642201795,0
5983,25238,36,8.93,53456.75,1,639.0,27.46,2,0,home_improvement,OTHER,23,0.028906956796255174,0
5984,23889,60,8.38,54141.37,0,688.0,30.47,2,0,other,RENT,67,0.023148153146418448,0
5985,32313,60,12.88,77429.68,29,742.0,22.34,3,1,debt_consolidation,OWN,58,0.02965157397190591,0
5986,34535,36,6.02,66357.36,25,660.0,12.05,5,1,debt_consolidation,RENT,40,0.02445169830045147,1
5987,12770,60,13.39,65456.64,7,627.0,23.83,7,0,home_improvement,RENT,30,0.027547752985828098,0
5988,41321,60,13.88,36434.25,9,797.0,27.68,7,0,debt_consolidation,RENT,21,0.021157423344217514,0
5989,22426,36,11.01,65869.15,21,613.0,24.67,2,0,small_business,RENT,35,0.03160942980128204,0
5990,46327,36,17.63,78652.06,10,622.0,0.61,6,0,credit_card,OWN,36,0.026868620937315547,0
5991,43777,36,16.51,51389.95,15,653.0,19.83,3,0,debt_consolidation,RENT,43,0.041337856879462405,0
5992,48250,36,8.89,63647.72,19,,23.76,9,1,credit_card,OWN,54,,0
5993,9498,60,14.62,83019.26,7,723.0,30.12,4,1,debt_consolidation,OWN,37,0.03160759323647145,0
5994,41404,36,15.94,39964.67,29,645.0,5.54,4,0,small_business,MORTGAGE,34,0.023354820600017038,0
5995,42130,36,12.33,40316.43,10,669.0,9.14,1,0,debt_consolidation,RENT,44,0.019278462941650733,0
5996,18395,36,10.27,56986.41,10,674.0,17.58,1,0,debt_consolidation,MORTGAGE,39,0.014782767692179564,0
5997,4537,36,7.56,79501.46,1,576.0,38.36,0,0,home_improvement,MORTGAGE,18,0.03905823767470935,0
5998,21226,36,9.77,8000.0,30,703.0,24.23,1,0,debt_consolidation,MORTGAGE,70,0.016695493698727398,1
5999,17216,36,7.65,55110.49,0,680.0,12.25,3,0,credit_card,MORTGAGE,34,0.010118898723961947,0
6000,20613,36,15.65,42382.99,30,668.0,17.75,3,1,home_improvement,MORTGAGE,40,0.03478246903962337,0
6001,5009,60,10.98,68936.29,25,697.0,23.69,9,0,credit_card,OWN,23,0.014130059947573617,0
6002,26368,60,14.09,57540.54,22,727.0,20.73,3,0,credit_card,RENT,34,0.017620061940054436,0
6003,31327,60,17.04,88569.31,12,678.0,19.96,10,0,debt_consolidation,OWN,65,0.03103659058844965,0
6004,16209,60,12.85,76242.7,10,671.0,14.47,5,0,debt_consolidation,RENT,18,0.015060274464647434,0
6005,17029,60,16.71,54309.39,30,727.0,14.9,13,0,major_purchase,OWN,32,0.01463033142848966,0
6006,4077,36,10.6,34540.29,29,610.0,20.96,7,0,debt_consolidation,OWN,60,0.020034531010790738,0
6007,15907,36,13.55,68739.53,20,603.0,23.09,4,1,debt_consolidation,OWN,57,0.051722219989957643,0
6008,38635,36,12.82,52515.92,0,670.0,3.63,7,0,small_business,MORTGAGE,59,0.01565632670436544,0
6009,6873,36,9.19,54889.85,5,725.0,16.64,4,0,small_business,OTHER,51,0.008183322885991162,0
6010,10635,36,10.76,30939.54,23,675.0,28.54,5,1,small_business,MORTGAGE,53,0.03364392074352088,0
6011,35065,60,17.66,63816.18,14,741.0,35.51,5,0,debt_consolidation,RENT,31,0.041435454385006815,0
6012,47863,36,10.62,47316.27,0,,24.86,2,0,credit_card,MORTGAGE,46,,0
6013,43804,36,5.35,49825.74,5,777.0,22.67,5,1,credit_card,MORTGAGE,56,0.021633950936231015,1
6014,35783,36,10.62,8000.0,0,671.0,27.31,6,0,credit_card,MORTGAGE,47,0.033023971459786236,0
6015,36152,36,8.99,60834.76,24,721.0,20.82,2,0,debt_consolidation,OWN,46,0.017112928526679273,0
6016,43513,60,13.82,36214.24,16,,8.7,5,0,debt_consolidation,OWN,74,,0
6017,31092,36,14.46,72899.22,6,707.0,15.46,5,0,debt_consolidation,RENT,46,0.018365232010369832,0
6018,19653,36,13.43,61777.63,17,688.0,6.63,2,1,debt_consolidation,RENT,51,0.01749414585070443,0
6019,34463,36,10.36,,27,668.0,25.13,8,0,home_improvement,OWN,45,0.03030878738884833,0
6020,36028,60,12.24,57409.94,3,706.0,2.02,7,0,credit_card,MORTGAGE,41,0.010958292787555298,0
6021,42469,36,10.74,65373.44,4,744.0,20.63,4,0,debt_consolidation,RENT,30,0.01866213874151884,0
6022,22947,36,6.21,112166.36,7,755.0,21.5,8,0,credit_card,OWN,62,0.010246091694344756,0
6023,31978,60,11.55,,14,641.0,17.8,8,1,debt_consolidation,OWN,73,0.04364919318898791,0
6024,24056,36,22.55,27716.97,30,631.0,,5,0,debt_consolidation,OWN,36,0.03635539319577443,0
6025,31007,36,7.88,108579.51,1,614.0,6.7,5,0,credit_card,OWN,73,0.01627269787789412,0
6026,45169,36,4.58,53128.01,5,606.0,19.07,8,0,debt_consolidation,MORTGAGE,56,0.031959018886011346,0
6027,46632,60,17.7,53020.07,5,706.0,24.37,3,0,debt_consolidation,RENT,54,0.04056028881328323,0
6028,7543,36,13.79,108547.3,15,715.0,17.97,2,0,credit_card,OWN,63,0.01142071539577059,0
6029,23067,36,13.19,44288.48,24,756.0,28.78,5,0,credit_card,MORTGAGE,22,0.01863395628811125,0
6030,47256,36,10.57,56071.59,2,683.0,22.36,8,1,debt_consolidation,OWN,73,0.05215455175865198,0
6031,27097,36,12.91,19216.7,14,660.0,18.11,9,0,debt_consolidation,RENT,73,0.0239356391890778,0
6032,44847,36,12.21,59023.08,25,794.0,17.62,7,0,small_business,RENT,29,0.014318794588933627,0
6033,45512,36,17.24,56223.84,0,662.0,12.5,5,1,home_improvement,OTHER,24,0.05216542841022875,0
6034,5809,36,15.67,50054.16,10,600.0,37.38,4,0,debt_consolidation,RENT,73,0.05141116873689379,0
6035,24191,36,14.41,63957.79,2,640.0,24.58,5,0,debt_consolidation,RENT,40,0.033814047187730296,1
6036,23267,36,9.27,39525.05,7,625.0,21.25,3,0,major_purchase,RENT,72,0.02433603631205067,0
6037,9206,36,12.92,96613.63,1,738.0,17.09,5,1,major_purchase,OWN,50,0.016075069664520627,0
6038,23057,36,9.54,60459.39,12,632.0,19.61,3,0,debt_consolidation,OWN,48,0.022107993525432433,0
6039,30992,36,16.91,40753.05,6,768.0,2.63,4,2,credit_card,MORTGAGE,56,0.023034460554867263,0
6040,48514,36,9.14,25187.88,9,682.0,18.37,6,1,debt_consolidation,MORTGAGE,21,0.04229301206844199,0
6041,17995,60,11.46,61183.08,8,697.0,17.69,6,0,debt_consolidation,RENT,19,0.014322464631700078,0
6042,46439,36,7.65,82961.25,13,736.0,0.0,6,1,debt_consolidation,OWN,38,0.013456834001661337,0
6043,15210,36,10.01,68904.63,25,744.0,28.68,9,0,debt_consolidation,MORTGAGE,20,0.015185683548228,0
6044,19793,36,9.96,109637.85,3,663.0,20.33,3,1,debt_consolidation,RENT,36,0.029571117381065177,0
6045,28270,36,11.39,110179.94,9,747.0,19.47,6,1,debt_consolidation,OWN,18,0.02279177569025452,0
6046,7197,60,8.4,28020.25,9,693.0,12.47,1,0,small_business,OWN,61,0.007882002917210668,0
6047,9452,36,16.86,22732.7,4,707.0,29.36,3,1,credit_card,OWN,41,0.037127609726705285,0
6048,43486,36,11.25,40756.85,8,582.0,21.09,1,1,home_improvement,OTHER,49,0.07898779072287354,0
6049,16859,36,9.87,77633.73,0,721.0,9.46,5,1,debt_consolidation,RENT,44,0.013165273598003445,0
6050,29236,36,15.08,69750.15,6,621.0,7.14,7,1,debt_consolidation,RENT,63,0.03620504834781594,0
6051,33899,36,20.65,85269.7,3,762.0,9.7,10,0,home_improvement,MORTGAGE,62,0.015929575317728865,0
6052,34083,36,10.38,34109.33,23,807.0,14.33,7,0,debt_consolidation,OWN,20,0.0085933171567004,0
6053,4172,60,11.02,15653.46,5,601.0,13.21,5,0,credit_card,RENT,42,0.01562461127494102,0
6054,47926,60,9.05,45215.73,2,769.0,13.37,5,1,major_purchase,OWN,68,0.020468645903259957,0
6055,18663,36,14.65,74664.67,8,712.0,21.29,4,0,major_purchase,RENT,66,0.01755613061516507,0
6056,29540,36,15.82,64041.86,20,648.0,13.7,4,0,small_business,OWN,23,0.024887188874177672,0
6057,21053,60,11.81,91139.89,5,581.0,27.91,8,0,major_purchase,OWN,59,0.04617507444928713,0
6058,13085,36,10.25,42201.62,22,492.0,33.71,8,0,debt_consolidation,OWN,51,0.07590025295684334,0
6059,32564,36,14.14,84888.95,4,750.0,8.83,3,1,credit_card,RENT,64,0.017836340090962,0
6060,26209,60,14.96,44822.48,15,754.0,28.44,5,0,small_business,MORTGAGE,19,0.021578987927462538,0
6061,5981,36,18.22,79459.02,0,646.0,,5,0,debt_consolidation,MORTGAGE,35,0.01897678004628744,0
6062,23153,36,9.67,79045.27,0,632.0,25.54,5,0,debt_consolidation,RENT,63,0.02864146917782841,0
6063,7247,36,15.41,99395.05,16,681.0,21.42,4,0,major_purchase,OWN,43,0.017571315224165933,0
6064,12553,36,12.42,26523.11,5,675.0,27.41,9,0,debt_consolidation,RENT,69,0.023168060336994714,0
6065,22811,60,5.06,,6,738.0,8.92,5,0,credit_card,RENT,33,0.006293153147868199,0
6066,31845,36,18.09,71149.47,9,680.0,23.63,9,0,small_business,RENT,42,0.0372049051416429,1
6067,8135,60,13.19,61508.54,30,739.0,9.49,3,2,credit_card,OWN,57,0.018850230060023673,0
6068,7573,36,14.43,56666.66,1,639.0,,3,0,home_improvement,OTHER,72,0.016609360735926868,0
6069,15731,36,15.79,58180.29,4,692.0,11.36,6,0,credit_card,MORTGAGE,21,0.01360687234677077,0
6070,9189,36,14.38,60985.62,10,721.0,9.03,1,0,small_business,RENT,31,0.008146233584237186,0
6071,16541,36,8.13,19780.22,13,661.0,18.73,2,3,credit_card,RENT,21,0.06241627510811529,0
6072,45646,36,14.7,66100.99,14,675.0,24.29,7,0,credit_card,RENT,20,0.04267702917672263,0
6073,13087,36,13.99,63785.89,9,798.0,18.92,5,0,credit_card,MORTGAGE,74,0.00840940160674717,0
6074,48435,60,5.32,43551.73,9,763.0,18.13,2,0,debt_consolidation,RENT,56,0.012766273571391673,0
6075,4776,60,18.66,60821.25,1,609.0,16.18,4,0,home_improvement,OWN,61,0.02440451219637871,0
6076,44079,36,10.49,87582.93,21,698.0,25.56,4,0,credit_card,OTHER,22,0.030192032944456052,0
6077,29564,36,15.98,44629.63,0,562.0,11.57,4,0,debt_consolidation,RENT,19,0.038091799415402534,0
6078,30835,60,10.66,31521.37,6,708.0,25.09,3,0,debt_consolidation,MORTGAGE,68,0.021568855853508036,0
6079,9697,36,9.87,41932.67,2,629.0,17.81,7,0,home_improvement,MORTGAGE,20,0.01705415764890052,0
6080,16629,36,11.68,8000.0,0,668.0,43.56,10,0,debt_consolidation,RENT,35,0.0474701659454037,0
6081,10386,60,20.49,104767.74,4,715.0,18.92,4,1,debt_consolidation,RENT,20,0.02900142595803603,0
6082,19046,36,20.05,39215.36,11,697.0,17.09,6,0,debt_consolidation,RENT,61,0.02177493997824695,0
6083,10044,36,9.86,91568.94,8,631.0,3.4,11,0,debt_consolidation,RENT,20,0.009990103367234212,0
6084,11615,36,16.99,28988.48,23,600.0,28.22,6,1,credit_card,MORTGAGE,42,0.07047602625824596,0
6085,49802,36,12.09,44533.29,10,705.0,10.55,2,0,small_business,RENT,25,0.019124787097640518,0
6086,7060,36,20.07,61602.32,3,637.0,18.11,3,0,home_improvement,RENT,55,0.024773384473827438,0
6087,12900,36,16.61,76098.85,8,665.0,15.63,4,0,debt_consolidation,RENT,49,0.01822979375460626,0
6088,7581,60,13.12,58256.63,2,606.0,22.53,7,0,credit_card,MORTGAGE,44,0.026411736785392326,0
6089,36782,36,12.33,21511.72,2,542.0,15.74,6,0,debt_consolidation,RENT,23,0.04925382940574094,0
6090,22173,36,14.43,58612.79,28,717.0,8.08,4,0,credit_card,OWN,44,0.010730888933405099,0
6091,14997,36,13.93,91482.28,7,652.0,10.24,6,0,home_improvement,RENT,21,0.014832952385236756,0
6092,45403,60,7.59,68143.64,11,634.0,9.17,4,0,home_improvement,OWN,27,0.020640573205595994,0
6093,48416,60,12.83,115392.75,23,763.0,19.49,10,0,credit_card,RENT,37,0.02107061694705526,0
6094,9148,60,9.39,64285.35,4,729.0,,10,0,credit_card,RENT,34,0.008396236714787784,0
6095,20748,36,9.88,85330.77,18,704.0,15.53,3,0,debt_consolidation,RENT,30,0.011963728047124068,0
6096,16022,60,16.46,73130.47,18,686.0,22.76,0,1,small_business,RENT,25,0.035156377516482255,0
6097,22013,36,12.81,44167.54,20,600.0,,6,1,home_improvement,RENT,52,0.042727718983871066,1
6098,40687,36,10.18,58458.48,2,713.0,20.46,6,0,debt_consolidation,OWN,45,0.021313723023165077,0
6099,17886,36,7.15,,28,756.0,11.29,5,0,debt_consolidation,RENT,47,0.006248287270469287,0
6100,27256,36,8.9,51326.37,3,678.0,28.21,7,0,debt_consolidation,RENT,55,0.025844327024104354,0
6101,32005,60,11.76,69987.78,18,750.0,11.63,2,0,home_improvement,OWN,63,0.01059522601697542,0
6102,8638,36,18.74,44467.05,1,628.0,20.56,4,0,home_improvement,RENT,56,0.028035710282347293,0
6103,39419,36,7.8,83228.46,26,590.0,18.01,3,2,other,RENT,62,0.08617806925802983,0
6104,35377,36,13.18,62067.46,6,643.0,21.81,5,0,other,OWN,63,0.034923075932712364,0
6105,42708,36,13.63,81617.17,12,693.0,21.05,4,0,credit_card,RENT,26,0.02958834024166589,0
6106,45116,36,16.89,91133.44,22,680.0,24.45,5,0,debt_consolidation,MORTGAGE,36,0.04499436419559291,0
6107,38634,36,12.5,76789.63,4,663.0,18.74,7,0,debt_consolidation,RENT,62,0.029008748543961033,0
6108,18755,36,13.63,55483.89,6,712.0,22.73,3,0,debt_consolidation,OWN,37,0.017529244111621517,0
6109,25382,36,16.73,55941.51,4,674.0,25.24,7,1,debt_consolidation,OWN,25,0.05364345135908918,0
6110,24394,60,8.89,8000.0,4,596.0,5.65,2,0,credit_card,RENT,62,0.01555616230640865,0
6111,4253,60,15.16,70708.4,8,710.0,28.59,1,0,debt_consolidation,OWN,33,0.017752098286036886,0
6112,39710,60,6.42,86235.96,9,641.0,16.49,8,0,debt_consolidation,MORTGAGE,38,0.02317575622704815,0
6113,47098,60,12.26,29047.2,0,689.0,20.67,7,1,debt_consolidation,RENT,47,0.0505826427258345,0
6114,2864,36,11.05,56084.79,12,657.0,19.24,7,0,debt_consolidation,RENT,70,0.014166324782645835,0
6115,36036,60,9.11,55577.63,6,595.0,14.83,6,1,major_purchase,RENT,18,0.04785325619176536,0
6116,42222,36,15.89,71596.0,24,701.0,17.07,4,1,debt_consolidation,OWN,46,0.04334464623524562,0
6117,15666,60,16.11,63666.73,24,640.0,19.07,5,0,home_improvement,MORTGAGE,48,0.025126613973800692,0
6118,22955,36,16.28,37201.74,15,624.0,16.35,4,1,major_purchase,RENT,60,0.04622530938153388,0
6119,47138,60,13.52,100280.29,22,653.0,26.79,7,1,credit_card,RENT,51,0.08259196051485794,0
6120,39997,36,7.07,18291.58,26,703.0,25.21,5,0,credit_card,OWN,48,0.022839487140994597,0
6121,18309,36,10.68,44847.87,9,681.0,13.92,4,0,debt_consolidation,OWN,64,0.012881219236872367,0
6122,6054,36,16.02,26706.1,29,617.0,33.96,4,0,small_business,OWN,59,0.04182564869561466,0
6123,2935,36,15.97,68893.42,28,658.0,6.01,1,0,debt_consolidation,RENT,36,0.010046834745347497,0
6124,46940,60,16.79,71610.03,0,709.0,,2,0,credit_card,OWN,30,0.026449820423947015,0
6125,24778,36,13.26,57081.12,8,679.0,17.46,2,0,debt_consolidation,OWN,57,0.018945901051514183,0
6126,45298,36,11.27,29686.11,0,621.0,20.42,4,0,credit_card,MORTGAGE,41,0.041101524147030055,0
6127,18709,60,4.14,36683.99,12,724.0,12.12,6,0,home_improvement,RENT,65,0.006908844881068308,0
6128,11726,36,15.45,82305.04,17,766.0,15.19,7,0,credit_card,RENT,47,0.009364877686645626,0
6129,42542,36,11.6,58005.94,24,649.0,9.72,2,1,small_business,OWN,52,0.03542191813388419,0
6130,22245,36,6.98,48631.66,11,674.0,15.65,5,0,credit_card,OWN,30,0.013072316730566289,0
6131,36753,36,15.05,42585.94,7,710.0,5.7,7,0,credit_card,OWN,72,0.014422475503277606,1
6132,16252,60,17.68,57002.55,1,666.0,15.1,5,0,debt_consolidation,RENT,20,0.020174402425607692,0
6133,23316,60,15.47,74234.18,1,713.0,14.75,3,0,debt_consolidation,OWN,57,0.015244419006083993,0
6134,39371,60,14.7,53881.16,7,601.0,8.95,8,0,debt_consolidation,OWN,58,0.03243388653324321,0
6135,21162,36,15.73,70820.77,21,678.0,29.88,8,0,debt_consolidation,RENT,54,0.034454287541048144,0
6136,17960,36,4.0,20931.35,16,734.0,22.83,3,3,debt_consolidation,MORTGAGE,74,0.04102828001448177,0
6137,32791,36,18.88,88359.15,24,613.0,27.81,5,0,home_improvement,RENT,57,0.06502305329261862,0
6138,44230,60,8.83,59051.0,20,670.0,18.47,6,0,debt_consolidation,OWN,28,0.02545397072778133,0
6139,27216,36,9.18,35482.91,2,,21.88,8,0,credit_card,RENT,70,,0
6140,34467,36,10.12,71021.46,2,676.0,16.87,5,0,major_purchase,OWN,33,0.020117156674713744,0
6141,48934,36,10.57,64521.05,7,729.0,16.75,3,0,credit_card,RENT,35,0.01951584089866035,0
6142,9754,36,18.0,31913.61,2,661.0,23.98,5,0,debt_consolidation,OWN,38,0.026295245180468243,0
6143,49014,60,14.18,56961.25,2,726.0,11.86,3,0,debt_consolidation,OWN,49,0.019602134713526467,0
6144,6078,36,9.29,47055.63,3,741.0,16.85,9,1,debt_consolidation,RENT,72,0.012793525360249818,0
6145,14853,36,9.89,28306.58,0,574.0,32.42,2,0,debt_consolidation,RENT,67,0.04370349251820612,0
6146,6042,36,21.98,49459.88,9,636.0,17.42,4,0,debt_consolidation,OWN,46,0.026355737760077793,0
6147,16389,60,13.41,33867.2,6,601.0,19.49,8,0,debt_consolidation,RENT,52,0.02936576979680804,0
6148,32425,36,10.27,29420.43,3,686.0,25.99,3,1,credit_card,MORTGAGE,27,0.041710381235793584,0
6149,4575,36,5.51,72427.32,1,743.0,27.24,6,1,credit_card,RENT,46,0.014899735004571599,0
6150,41522,36,5.3,,7,698.0,26.03,2,0,home_improvement,RENT,64,0.02228378881890997,0
6151,30179,36,7.53,53580.06,10,704.0,9.29,2,0,credit_card,MORTGAGE,51,0.009928969424284227,0
6152,36754,60,12.38,,29,656.0,14.22,5,0,debt_consolidation,RENT,26,0.023820033291037247,0
6153,20624,36,16.44,58212.62,3,719.0,31.81,8,0,debt_consolidation,OWN,64,0.029970294136071957,0
6154,22350,60,14.46,79012.37,0,692.0,16.42,9,0,debt_consolidation,RENT,59,0.018249491406547805,0
6155,28681,36,16.7,90273.77,15,754.0,22.35,4,1,major_purchase,RENT,38,0.031329025576564924,0
6156,25988,60,14.26,85439.47,3,690.0,24.48,6,1,credit_card,OWN,36,0.04236922573584084,0
6157,17470,60,7.1,30257.08,7,592.0,31.16,8,0,credit_card,OTHER,19,0.03657252278490048,0
6158,26704,36,13.7,40555.96,20,606.0,10.76,2,1,credit_card,MORTGAGE,20,0.038548756954945675,0
6159,40736,36,13.87,55834.85,0,613.0,20.06,2,0,debt_consolidation,OWN,19,0.04321545683436318,0
6160,31377,36,11.52,58082.72,1,646.0,17.71,4,1,debt_consolidation,OWN,35,0.04015364515216135,0
6161,30572,36,10.78,60759.34,0,771.0,39.29,4,1,debt_consolidation,MORTGAGE,65,0.04253507739671463,0
6162,9493,36,11.41,87989.8,3,749.0,13.36,8,0,debt_consolidation,OWN,63,0.007620678553022295,0
6163,6103,36,5.81,64886.47,1,706.0,10.37,8,0,debt_consolidation,RENT,44,0.006189821325722016,0
6164,36844,60,6.67,90343.18,4,727.0,33.73,8,1,debt_consolidation,OWN,66,0.04259783940055505,1
6165,4994,36,22.17,40649.79,16,722.0,,4,0,home_improvement,OWN,39,0.014292566683838737,0
6166,5744,60,6.99,50264.21,0,742.0,27.54,3,0,debt_consolidation,RENT,31,0.009892662874555756,0
6167,49234,36,4.93,49389.25,0,618.0,5.41,6,0,debt_consolidation,OWN,60,0.018883179190512796,0
6168,49291,36,9.12,58591.69,9,757.0,10.15,10,1,debt_consolidation,MORTGAGE,34,0.02095541699702879,0
6169,29332,60,13.84,26088.08,8,686.0,10.99,6,0,debt_consolidation,MORTGAGE,42,0.016499955486084412,0
6170,7594,36,14.24,108034.55,7,699.0,34.28,5,0,major_purchase,OWN,70,0.025113389920875716,0
6171,42299,36,7.9,62411.04,8,747.0,17.37,2,0,debt_consolidation,MORTGAGE,68,0.01370465894889053,0
6172,9371,60,12.39,31413.47,16,697.0,,4,0,credit_card,OWN,18,0.011150255289903823,0
6173,49315,60,9.82,32817.26,9,628.0,15.43,11,0,debt_consolidation,OWN,48,0.035110952473212415,0
6174,20028,36,12.76,62007.51,7,670.0,7.35,4,0,credit_card,RENT,40,0.012159145543778243,0
6175,37912,36,10.83,74807.22,0,723.0,12.18,4,0,debt_consolidation,OWN,43,0.01391109218376073,0
6176,15990,36,9.22,83498.28,29,644.0,33.69,8,0,home_improvement,OWN,45,0.03212090852373853,0
6177,48851,36,9.4,61182.83,3,646.0,17.67,7,1,debt_consolidation,OWN,33,0.05204590304982208,0
6178,18626,36,4.0,75249.21,23,701.0,3.28,3,1,credit_card,OWN,68,0.00881645384037972,0
6179,22469,36,11.11,68506.57,5,691.0,23.3,4,0,home_improvement,RENT,41,0.019471879063299665,0
6180,42722,36,11.69,57373.7,12,641.0,17.37,3,2,credit_card,RENT,56,0.08074555807928017,0
6181,42037,60,6.37,51485.03,7,760.0,17.58,4,0,debt_consolidation,OWN,64,0.012038189367288602,0
6182,9130,60,10.65,60676.22,5,693.0,16.07,8,0,major_purchase,RENT,55,0.011316638989146798,0
6183,8828,36,10.98,57101.71,10,551.0,8.7,1,0,major_purchase,MORTGAGE,60,0.0184795161487528,0
6184,43612,36,4.59,59846.64,8,705.0,12.65,8,0,small_business,RENT,27,0.013489531459780974,0
6185,48988,36,8.91,71234.74,3,719.0,35.56,9,0,debt_consolidation,RENT,64,0.04203373714212841,0
6186,41099,36,8.79,100497.09,5,722.0,25.12,3,0,debt_consolidation,OWN,50,0.022188994125444714,1
6187,48165,36,12.72,34888.16,0,654.0,23.56,4,0,debt_consolidation,RENT,29,0.04342599215766486,0
6188,19883,36,16.98,62370.85,2,624.0,16.46,3,0,other,OWN,33,0.027680937629251497,0
6189,45059,36,12.19,68794.86,5,682.0,18.77,9,0,debt_consolidation,RENT,36,0.029583172362599913,0
6190,20542,60,16.64,50716.79,29,692.0,31.53,5,2,small_business,RENT,26,0.0872280591523837,0
6191,44932,60,11.11,86999.15,8,726.0,18.92,7,1,credit_card,OWN,63,0.034721418526720144,0
6192,12450,60,13.48,47848.71,13,700.0,20.22,5,0,debt_consolidation,RENT,19,0.015244118768460933,0
6193,22423,36,12.27,76864.1,12,746.0,22.4,6,0,home_improvement,OWN,46,0.014657458789562332,0
6194,4035,36,21.65,91488.22,29,749.0,8.15,6,0,debt_consolidation,MORTGAGE,28,0.009059864143030954,0
6195,46231,36,11.39,69941.86,9,681.0,16.98,7,1,home_improvement,RENT,22,0.04341020962945592,0
6196,42745,60,15.13,55595.4,9,622.0,8.15,4,0,major_purchase,RENT,65,0.029181629844150906,0
6197,19241,36,12.81,72018.9,4,742.0,0.0,4,0,credit_card,OWN,23,0.005842830257694014,0
6198,25154,36,16.5,50071.84,10,715.0,6.08,5,0,home_improvement,OWN,51,0.011906180702442763,0
6199,27625,36,14.53,42281.84,17,621.0,17.65,7,0,home_improvement,RENT,39,0.03164556989477354,0
6200,46950,36,13.36,69153.8,0,666.0,28.58,6,0,debt_consolidation,RENT,24,0.050411950422355786,0
6201,35066,36,7.43,78746.74,7,619.0,20.78,5,0,debt_consolidation,OTHER,50,0.029029599568669073,0
6202,35691,36,7.79,62403.4,6,564.0,21.75,5,0,debt_consolidation,OWN,43,0.042668858783980045,0
6203,15331,36,9.54,73969.96,0,621.0,26.15,2,0,debt_consolidation,RENT,35,0.025922488683104192,0
6204,22690,36,10.83,117657.86,5,552.0,32.88,6,0,debt_consolidation,OWN,46,0.06347678869658334,1
6205,21183,36,12.44,90500.55,8,708.0,23.96,2,1,home_improvement,RENT,41,0.030062881648516195,0
6206,41346,36,9.55,45881.63,11,683.0,12.04,13,1,debt_consolidation,MORTGAGE,28,0.03131082218531191,0
6207,6875,60,4.09,64631.22,4,630.0,17.61,8,1,major_purchase,OWN,65,0.019770418609875436,0
6208,14254,36,16.11,67551.68,7,724.0,29.26,3,0,small_business,RENT,68,0.021816728686563466,0
6209,30621,36,13.79,38988.97,15,594.0,23.66,7,0,major_purchase,RENT,58,0.047621418357829945,0
6210,12905,36,12.24,75390.48,6,755.0,11.92,5,1,major_purchase,MORTGAGE,33,0.012332598034639148,0
6211,48121,60,17.02,41104.34,27,653.0,20.43,4,0,credit_card,OWN,19,0.0475443764728705,0
6212,17882,36,8.79,76819.48,0,706.0,28.89,5,1,debt_consolidation,OWN,60,0.029792305822168273,0
6213,21041,36,11.48,108329.8,3,617.0,26.15,7,0,home_improvement,RENT,37,0.034185176741081055,0
6214,31098,36,12.64,56846.55,1,687.0,23.87,5,0,debt_consolidation,RENT,20,0.026256355405810727,0
6215,44431,36,10.34,70931.44,8,674.0,9.78,10,0,credit_card,MORTGAGE,60,0.01989521965766976,0
6216,35709,36,8.82,67297.65,2,662.0,10.11,4,1,home_improvement,OWN,48,0.02602266865728125,0
6217,36675,36,15.5,36655.44,16,652.0,18.89,3,0,credit_card,OWN,52,0.03331387112078262,0
6218,6837,60,13.14,41589.9,26,704.0,32.94,4,1,debt_consolidation,RENT,57,0.03480194643094176,0
6219,48448,60,14.5,68982.16,2,627.0,22.69,8,0,debt_consolidation,MORTGAGE,54,0.05570125001068533,0
6220,26489,60,8.71,63283.03,25,562.0,18.13,8,0,debt_consolidation,RENT,38,0.03384542505923098,0
6221,19627,36,15.32,56665.96,10,676.0,12.86,1,0,small_business,RENT,50,0.01593678780263904,0
6222,7696,60,9.51,83303.05,2,744.0,24.3,3,0,debt_consolidation,OWN,64,0.01012491039475149,0
6223,15543,36,12.99,71651.81,15,579.0,27.45,4,0,debt_consolidation,MORTGAGE,28,0.04206193301136568,0
6224,14615,36,19.92,115095.54,0,685.0,15.32,7,0,debt_consolidation,RENT,54,0.020057318147550955,0
6225,3466,60,15.41,36789.0,13,680.0,16.28,4,1,debt_consolidation,OWN,19,0.021903112116304427,0
6226,32771,36,13.36,49990.16,23,713.0,13.9,3,0,debt_consolidation,RENT,25,0.016007199353141842,0
6227,20350,36,17.4,96328.07,28,686.0,9.21,7,0,home_improvement,RENT,26,0.015510591906504813,0
6228,2375,36,9.72,102201.83,0,638.0,5.16,4,0,debt_consolidation,OWN,54,0.008177967829397332,0
6229,35030,36,13.96,38517.49,0,583.0,24.19,12,0,major_purchase,MORTGAGE,50,0.05942367964496623,0
6230,22746,60,8.67,50267.49,27,685.0,7.49,6,0,credit_card,RENT,48,0.009834456074579773,0
6231,24886,36,10.55,55525.24,19,639.0,25.28,5,0,other,OWN,31,0.02938116555668558,0
6232,46348,36,18.36,95214.25,18,628.0,0.0,4,0,other,RENT,69,0.025754850178885416,0
6233,44904,36,13.09,56610.32,16,686.0,23.38,2,0,debt_consolidation,RENT,70,0.03362701859894198,0
6234,34651,60,17.63,55754.16,14,615.0,14.61,15,0,debt_consolidation,OWN,62,0.04184328580698881,0
6235,9833,36,11.59,53390.92,10,687.0,20.65,4,0,major_purchase,OWN,43,0.014345918305765908,0
6236,3893,36,16.88,62720.76,20,712.0,15.94,10,0,credit_card,MORTGAGE,58,0.012585556582141713,0
6237,32573,60,12.21,68585.97,0,590.0,14.36,3,0,credit_card,OWN,26,0.03156476935060139,0
6238,33371,36,12.54,106962.42,16,738.0,9.01,6,0,other,OWN,44,0.011394326316386387,0
6239,42874,36,12.1,96603.35,9,678.0,17.68,6,0,major_purchase,OWN,45,0.02690106187140173,0
6240,13826,60,13.44,32953.6,25,741.0,30.21,5,0,debt_consolidation,MORTGAGE,21,0.018180105373227992,1
6241,36420,36,10.96,55312.3,27,661.0,23.85,4,1,credit_card,RENT,70,0.049944880314394084,0
6242,23924,60,6.44,60510.04,3,791.0,8.59,3,0,credit_card,OWN,61,0.004859637250439442,0
6243,35367,36,11.86,48908.09,18,,15.53,3,0,credit_card,RENT,49,,0
6244,23199,60,12.53,85065.24,28,679.0,14.77,3,0,debt_consolidation,RENT,69,0.01609976229295111,0
6245,27868,60,18.54,93709.54,3,670.0,22.27,6,0,debt_consolidation,OWN,60,0.034395120988790155,0
6246,10792,36,4.0,48006.15,22,535.0,5.69,5,0,home_improvement,MORTGAGE,62,0.01383584688557886,0
6247,22597,36,18.47,60300.49,9,668.0,26.3,3,0,debt_consolidation,OWN,67,0.03555198297564523,0
6248,38405,60,16.19,82425.56,6,696.0,40.19,4,0,debt_consolidation,OWN,61,0.06292616638804031,0
6249,34696,36,14.74,86710.12,20,679.0,19.27,3,0,debt_consolidation,RENT,26,0.02679759336875901,0
6250,45123,36,12.62,47402.59,23,691.0,16.18,9,2,credit_card,RENT,42,0.06752527968192737,0
6251,17989,36,7.92,71953.59,4,709.0,26.45,6,0,debt_consolidation,OWN,35,0.015824887220855337,0
6252,30931,60,19.8,42674.46,19,662.0,9.45,8,0,debt_consolidation,MORTGAGE,51,0.025200204558970877,0
6253,11290,60,16.94,86415.66,0,693.0,27.83,4,1,debt_consolidation,RENT,45,0.0398487418511925,0
6254,40367,36,13.0,41811.18,6,642.0,10.55,2,2,major_purchase,RENT,65,0.0628165778874221,0
6255,16342,36,13.14,62800.03,0,607.0,39.6,0,1,debt_consolidation,OWN,29,0.08914170839092214,0
6256,26941,60,11.56,48124.92,4,780.0,2.79,0,0,major_purchase,RENT,43,0.005477684836592683,0
6257,15945,60,14.38,35429.48,28,608.0,12.47,6,0,major_purchase,MORTGAGE,71,0.021853464997754517,0
6258,12762,36,11.82,45733.97,15,664.0,21.27,4,1,credit_card,OWN,69,0.029398851822536407,0
6259,32133,60,13.23,51354.72,17,725.0,23.76,10,0,debt_consolidation,OWN,67,0.023079962204734763,0
6260,49080,60,13.75,,1,664.0,14.05,5,1,other,OWN,71,0.04959962829790701,0
6261,42150,36,21.72,48218.58,9,714.0,28.11,8,2,debt_consolidation,OWN,34,0.1300405812773237,0
6262,29052,60,8.36,61807.39,6,745.0,9.49,7,0,debt_consolidation,OTHER,56,0.00839773548059383,0
6263,43750,36,12.64,43176.86,15,684.0,9.22,5,0,home_improvement,RENT,46,0.019299271427137468,0
6264,21953,36,16.91,83020.36,1,708.0,7.49,8,0,credit_card,RENT,54,0.012947250925307022,0
6265,42475,36,15.31,86401.89,4,713.0,19.69,5,0,credit_card,MORTGAGE,50,0.02724134906235234,0
6266,19130,60,14.71,79603.78,25,630.0,16.87,3,0,debt_consolidation,MORTGAGE,72,0.023960416177753227,0
6267,33086,60,24.05,51142.38,1,597.0,8.3,3,1,major_purchase,OWN,23,0.06876735450209388,0
6268,6633,36,16.35,43383.39,10,801.0,19.36,2,0,debt_consolidation,OWN,59,0.008070472765625229,0
6269,19304,36,9.5,36959.71,4,706.0,8.72,3,1,debt_consolidation,RENT,59,0.014117528067178984,0
6270,44037,36,9.04,79222.16,0,628.0,20.24,8,0,small_business,RENT,72,0.035720377263104126,0
6271,34284,60,11.85,48508.32,2,805.0,25.43,6,0,debt_consolidation,OWN,24,0.014419917122710447,0
6272,48546,60,10.26,,23,591.0,9.35,3,0,debt_consolidation,MORTGAGE,43,0.03204389681670188,0
6273,9008,36,12.32,38628.09,25,627.0,14.82,2,1,debt_consolidation,RENT,62,0.026518402377265455,0
6274,29405,36,13.35,54784.87,6,652.0,30.28,4,0,major_purchase,MORTGAGE,25,0.04088687195856479,0
6275,38386,36,13.09,48611.27,10,739.0,14.27,0,0,credit_card,OWN,61,0.01490590090855383,0
6276,27373,36,4.0,42133.04,8,657.0,13.69,3,1,home_improvement,MORTGAGE,64,0.0204935222957884,1
6277,22827,36,8.98,,3,674.0,36.7,7,0,small_business,RENT,55,0.03388010409872188,1
6278,35040,60,14.86,26904.18,5,606.0,26.33,6,0,small_business,OWN,56,0.05577704050149341,0
6279,15007,36,18.57,88204.4,8,670.0,14.83,2,0,debt_consolidation,OWN,55,0.019300028514076636,0
6280,20157,36,10.39,39094.75,13,664.0,23.03,4,0,debt_consolidation,OWN,52,0.020833080418331006,0
6281,34157,36,10.4,76746.3,5,584.0,0.0,8,0,debt_consolidation,OWN,50,0.018508196039853396,0
6282,37315,36,11.64,60378.53,13,661.0,12.59,3,0,other,OWN,66,0.020752859663363717,0
6283,37932,36,18.9,51386.11,28,626.0,15.53,4,1,home_improvement,RENT,36,0.06653595299158857,0
6284,23164,36,12.21,49401.54,0,766.0,13.87,8,0,credit_card,MORTGAGE,68,0.009589792089502003,0
6285,16414,36,4.0,57947.63,1,696.0,11.76,4,0,credit_card,MORTGAGE,48,0.0074851568118776,0
6286,16327,60,19.15,76655.3,26,768.0,22.57,6,0,debt_consolidation,OWN,18,0.016124492229696027,0
6287,2946,36,14.77,29305.53,0,,15.51,2,0,credit_card,RENT,70,,0
6288,16693,60,6.83,58353.73,17,618.0,16.83,5,0,major_purchase,OWN,60,0.016965872682093944,0
6289,29241,36,9.96,69616.47,10,637.0,14.95,9,2,debt_consolidation,OWN,54,0.05726044422156908,0
6290,32254,36,8.82,78605.6,0,631.0,14.06,4,0,credit_card,RENT,29,0.020887002124799495,0
6291,17540,36,11.16,85256.29,0,699.0,23.06,7,0,small_business,MORTGAGE,56,0.017245637337699238,0
6292,8719,60,17.95,55413.5,8,663.0,23.28,2,0,debt_consolidation,OWN,72,0.024011451285959523,0
6293,43203,36,4.53,24965.52,0,619.0,24.07,4,1,debt_consolidation,MORTGAGE,26,0.053624163614857,0
6294,27081,36,10.63,70151.8,23,850.0,17.99,7,1,debt_consolidation,OWN,46,0.011126024319731729,0
6295,13350,60,12.44,57023.58,7,692.0,17.97,6,0,debt_consolidation,RENT,35,0.014284397777584444,0
6296,38358,36,11.72,90119.32,3,559.0,15.36,7,0,home_improvement,MORTGAGE,18,0.044512994760321244,0
6297,34021,60,8.81,65001.26,1,724.0,24.69,2,0,major_purchase,OWN,55,0.01860618078355879,0
6298,44832,36,16.76,90374.39,21,824.0,11.71,3,0,debt_consolidation,RENT,39,0.011419360641282149,0
6299,30369,36,11.36,46861.45,14,724.0,18.86,2,0,debt_consolidation,RENT,69,0.015608316331143386,0
6300,33728,36,10.85,90365.71,14,618.0,17.25,3,0,debt_consolidation,RENT,22,0.028722260851277312,0
6301,19576,60,13.38,63919.06,0,653.0,9.74,1,1,home_improvement,OWN,72,0.023942181623951047,0
6302,31001,36,10.88,,10,729.0,15.86,3,0,debt_consolidation,OWN,43,0.013445421634655147,0
6303,19848,36,9.79,17080.03,23,624.0,15.75,5,0,other,MORTGAGE,69,0.019311767085390084,0
6304,2390,36,8.3,87759.14,17,671.0,25.64,2,1,major_purchase,RENT,50,0.022585559880783663,0
6305,23999,36,20.76,55405.96,0,626.0,20.06,5,0,credit_card,RENT,71,0.04166164432838721,0
6306,47436,60,15.17,72377.5,28,715.0,23.83,2,1,credit_card,RENT,62,0.0541882222318641,0
6307,13569,36,10.47,51792.34,0,729.0,5.71,3,0,other,MORTGAGE,48,0.00623873229863253,0
6308,15029,36,17.09,88807.28,9,759.0,10.71,6,0,debt_consolidation,RENT,48,0.009372859426025532,0
6309,24490,36,14.09,65669.58,27,741.0,27.79,5,1,credit_card,RENT,67,0.03422085255987145,0
6310,47875,36,12.15,63677.84,20,765.0,11.17,4,0,major_purchase,OWN,56,0.013543667025590846,0
6311,37328,36,7.88,107340.29,12,778.0,19.16,4,0,credit_card,MORTGAGE,64,0.011306126560623972,0
6312,7867,36,8.69,8000.0,22,596.0,13.15,1,1,credit_card,MORTGAGE,29,0.02417038200342647,0
6313,17284,60,15.87,49754.76,12,633.0,24.32,5,0,credit_card,OWN,31,0.03273524252526428,0
6314,35979,60,15.01,56096.65,0,625.0,15.3,5,0,other,RENT,33,0.033313227045652025,0
6315,11121,36,6.51,,5,690.0,17.0,3,0,debt_consolidation,RENT,55,0.009640643539356217,0
6316,3539,60,10.37,68299.2,6,642.0,11.59,4,0,other,RENT,62,0.01088828330014458,0
6317,27488,36,14.72,26534.39,9,657.0,14.61,5,1,major_purchase,RENT,60,0.03654997908903389,0
6318,19027,36,16.45,27549.44,3,744.0,24.8,4,1,credit_card,RENT,54,0.029916847755388196,0
6319,10693,36,14.06,70920.94,24,713.0,17.49,5,0,credit_card,OWN,74,0.012597989801584,1
6320,10921,36,10.17,37137.79,3,650.0,9.55,6,0,debt_consolidation,RENT,61,0.011194445348566824,0
6321,12310,36,12.94,72796.07,11,727.0,23.93,4,0,credit_card,MORTGAGE,44,0.014462900311819911,0
6322,47512,60,11.16,45040.23,23,697.0,12.03,4,1,major_purchase,RENT,65,0.03221555410372871,0
6323,32908,60,13.53,39057.5,15,698.0,19.92,4,0,credit_card,RENT,67,0.022608971705871114,0
6324,6386,36,17.91,35315.41,1,720.0,,7,1,major_purchase,MORTGAGE,23,0.020296927869803583,0
6325,34263,36,8.87,36204.62,28,533.0,26.71,5,1,debt_consolidation,OWN,40,0.09967508220025478,0
6326,30412,60,13.12,49291.37,0,626.0,29.63,4,0,debt_consolidation,MORTGAGE,40,0.046683329747978994,0
6327,19303,36,11.61,40056.01,2,619.0,18.55,6,0,debt_consolidation,RENT,42,0.024234619498634823,0
6328,14242,36,10.95,56876.08,1,682.0,0.0,3,0,debt_consolidation,OWN,53,0.006829438186456603,0
6329,49025,36,11.44,13488.19,12,726.0,15.73,7,0,debt_consolidation,MORTGAGE,57,0.02074879561721793,0
6330,10947,36,17.25,38824.36,20,649.0,14.05,6,0,small_business,OWN,21,0.019066720712656308,0
6331,48714,36,14.32,91228.8,3,624.0,17.06,5,0,other,RENT,40,0.04430590134397973,0
6332,7930,60,10.08,28565.12,29,550.0,24.73,1,1,debt_consolidation,RENT,36,0.052739971313491854,0
6333,40170,60,14.6,43418.15,1,702.0,13.66,5,1,credit_card,OWN,67,0.034482908781416,0
6334,2507,36,9.76,90978.14,4,609.0,17.07,7,0,debt_consolidation,RENT,51,0.016094377388578187,0
6335,3436,60,4.84,58977.59,7,698.0,,2,0,home_improvement,OWN,33,0.006644626472026404,0
6336,29151,36,4.0,16939.02,20,627.0,,3,1,debt_consolidation,OWN,70,0.026623413717476445,0
6337,13618,36,14.0,74892.14,5,713.0,20.75,2,1,other,RENT,26,0.02399458393825151,0
6338,10750,60,10.86,89637.31,2,702.0,11.25,7,2,credit_card,OWN,19,0.024506622119101734,0
6339,18122,36,15.99,59393.53,7,573.0,26.32,6,0,other,OWN,74,0.05150195305137037,0
6340,9354,36,13.55,46039.68,7,732.0,19.66,1,0,major_purchase,MORTGAGE,61,0.011195109515830064,0
6341,46062,36,13.04,16446.0,0,698.0,3.13,7,0,debt_consolidation,OWN,20,0.015223716261893743,1
6342,32979,60,10.2,47854.65,0,745.0,9.53,6,0,credit_card,OWN,66,0.009861368627481902,0
6343,22900,60,14.09,28841.74,3,597.0,16.92,6,0,debt_consolidation,RENT,28,0.03128899162580123,0
6344,15840,60,18.21,59788.16,16,613.0,21.03,6,1,debt_consolidation,RENT,42,0.057351200937349474,0
6345,39167,36,4.0,80693.47,5,657.0,,6,1,home_improvement,OWN,32,0.027958968292102444,0
6346,7037,60,11.4,35275.06,2,671.0,31.53,6,0,other,OWN,72,0.02311109793478154,0
6347,30633,36,17.38,77124.98,0,664.0,17.22,7,0,debt_consolidation,RENT,62,0.02949659723712323,0
6348,26495,60,7.42,16165.69,3,563.0,18.42,6,0,debt_consolidation,RENT,28,0.03136181749063695,0
6349,17848,36,12.53,53807.09,7,696.0,8.19,4,1,debt_consolidation,RENT,71,0.01670928937214421,0
6350,38483,36,9.27,9775.8,0,663.0,19.59,4,0,credit_card,MORTGAGE,58,0.024813521169560586,0
6351,49645,36,10.93,64552.25,0,657.0,20.84,6,0,credit_card,MORTGAGE,55,0.03700482827325234,0
6352,9837,60,4.91,88175.41,1,681.0,25.11,9,0,major_purchase,RENT,55,0.013395373393998837,0
6353,36069,60,15.94,49126.54,16,695.0,25.02,5,0,debt_consolidation,OWN,41,0.03386832246849172,0
6354,9370,36,12.6,64041.53,7,673.0,20.26,9,1,other,OWN,62,0.027379484477001993,0
6355,8411,36,6.22,47410.5,7,622.0,20.88,7,1,other,OWN,57,0.02665971822211346,0
6356,41133,60,13.67,68841.19,0,597.0,19.59,10,1,other,RENT,18,0.08000787815732735,0
6357,32499,36,12.83,80266.55,14,733.0,17.05,7,0,debt_consolidation,RENT,27,0.016230171615629316,0
6358,32225,60,9.24,59659.23,2,621.0,20.8,3,0,debt_consolidation,RENT,45,0.02909958474310003,0
6359,2692,60,19.87,46711.85,0,605.0,14.25,4,0,debt_consolidation,RENT,25,0.023599207942741004,0
6360,30926,36,14.06,67173.72,21,681.0,8.11,5,0,major_purchase,MORTGAGE,44,0.015672053902979693,0
6361,36246,36,17.16,105379.02,7,709.0,11.73,5,1,small_business,MORTGAGE,40,0.03223676169318697,0
6362,41164,36,11.36,67874.22,16,756.0,19.37,6,0,debt_consolidation,OWN,48,0.016957869082647032,0
6363,10448,36,5.5,28170.49,20,627.0,21.92,2,1,debt_consolidation,OTHER,45,0.025800053522288032,0
6364,45390,36,4.0,107303.28,28,,25.74,8,0,home_improvement,RENT,69,,0
6365,12073,60,7.94,39633.81,10,692.0,36.21,3,1,debt_consolidation,RENT,20,0.03608450782296789,0
6366,37414,36,17.39,40405.09,0,718.0,21.1,4,0,credit_card,OWN,57,0.027754239748900525,0
6367,7209,36,9.96,85208.42,9,645.0,10.01,3,1,debt_consolidation,OWN,26,0.017167510922943812,0
6368,8533,36,16.16,49499.82,8,719.0,14.14,5,1,home_improvement,MORTGAGE,60,0.018528552535234954,0
6369,23061,36,7.33,72434.06,0,644.0,27.64,5,0,home_improvement,MORTGAGE,20,0.025814132530654402,0
6370,9211,60,9.35,70628.01,4,687.0,25.58,8,1,major_purchase,RENT,66,0.026158356679768884,0
6371,11927,36,9.93,71002.54,6,601.0,20.57,7,0,credit_card,OWN,20,0.023472806888669664,0
6372,13927,36,12.9,96108.28,1,705.0,9.47,6,0,major_purchase,MORTGAGE,40,0.00977929942608316,0
6373,26594,60,6.59,53297.2,0,711.0,23.84,7,1,debt_consolidation,OWN,65,0.025805583669560078,0
6374,11316,36,8.82,,17,692.0,17.77,8,1,debt_consolidation,OWN,54,0.019004725197245515,0
6375,14177,36,11.07,37075.36,22,567.0,20.05,8,0,major_purchase,RENT,53,0.031281111988533034,0
6376,12846,36,6.63,78667.79,3,656.0,34.65,4,2,home_improvement,OWN,21,0.06467133030485234,0
6377,9933,60,4.96,65148.06,0,702.0,15.47,4,0,debt_consolidation,OTHER,45,0.007717326684173004,0
6378,40244,36,12.11,91450.31,24,632.0,3.71,5,1,debt_consolidation,RENT,27,0.031273234271564906,0
6379,48621,60,6.69,69206.53,1,752.0,24.39,6,0,debt_consolidation,RENT,35,0.019465006871199186,0
6380,42696,60,16.86,103281.67,6,817.0,8.94,4,0,debt_consolidation,MORTGAGE,23,0.010379590692726832,0
6381,4080,36,16.97,56814.15,5,,5.0,1,0,major_purchase,OWN,57,,0
6382,8089,36,9.67,65878.78,1,718.0,24.0,1,0,debt_consolidation,OWN,20,0.011627116954819215,0
6383,28123,36,14.41,61727.64,10,671.0,18.55,4,1,small_business,RENT,40,0.03875237521723888,0
6384,9797,36,12.28,42648.51,26,707.0,12.81,5,0,debt_consolidation,RENT,57,0.00975995107300139,0
6385,10346,60,16.27,11075.3,8,673.0,20.83,5,0,debt_consolidation,RENT,50,0.020146351840457613,0
6386,21878,36,10.17,65615.78,29,669.0,26.22,2,0,debt_consolidation,OTHER,42,0.022996684325299097,0
6387,35672,36,14.04,19979.26,2,652.0,31.0,7,0,debt_consolidation,RENT,45,0.05037558120587737,0
6388,19653,60,13.25,71603.18,22,711.0,23.25,5,0,debt_consolidation,RENT,28,0.018334969547807705,0
6389,44742,36,13.04,88902.0,3,589.0,10.8,4,1,debt_consolidation,MORTGAGE,20,0.05923615859566139,0
6390,28140,36,9.54,58512.21,3,638.0,5.48,4,0,credit_card,OWN,72,0.013667132885846414,0
6391,3184,36,16.74,69547.43,0,685.0,24.29,6,0,other,RENT,72,0.01930835839223991,0
6392,36493,36,10.37,70397.03,23,644.0,13.28,7,0,debt_consolidation,MORTGAGE,68,0.022655423650676555,0
6393,46148,60,10.34,83750.45,15,754.0,9.9,4,0,debt_consolidation,OWN,38,0.01215194087240016,0
6394,26846,36,9.12,57541.57,5,713.0,20.51,4,0,debt_consolidation,OTHER,32,0.015147147668395575,0
6395,47825,36,9.36,29787.46,5,616.0,15.34,1,1,debt_consolidation,OWN,53,0.05225747125830551,0
6396,24195,36,11.04,16228.49,22,665.0,17.59,7,0,credit_card,MORTGAGE,21,0.019255787860281794,0
6397,7606,36,13.8,51340.71,26,727.0,16.56,7,0,other,RENT,62,0.010587052423124549,0
6398,5956,36,15.13,19252.18,10,698.0,29.17,4,1,other,RENT,59,0.03371291438552365,0
6399,18555,36,12.51,60946.38,6,672.0,25.38,4,0,debt_consolidation,MORTGAGE,64,0.023426091775534914,0
6400,26849,60,17.67,66286.29,0,671.0,11.86,5,2,debt_consolidation,OWN,46,0.055665493752741046,0
6401,20690,60,12.47,46808.7,1,750.0,17.35,9,1,debt_consolidation,RENT,23,0.019289810296546014,0
6402,28347,36,4.82,78455.43,1,600.0,21.15,11,0,credit_card,RENT,41,0.026960286081048095,0
6403,35189,36,7.38,64013.55,3,790.0,12.03,5,0,home_improvement,RENT,74,0.007494820866124972,0
6404,40308,36,14.8,43438.33,3,692.0,26.87,8,0,home_improvement,OWN,45,0.03912660450870741,0
6405,27785,36,10.7,48618.92,8,783.0,8.13,7,0,other,RENT,34,0.0069495814636807846,0
6406,34698,36,10.43,93748.98,27,678.0,23.68,3,1,credit_card,OWN,50,0.04207402249018558,0
6407,17966,36,8.14,17479.15,23,829.0,24.85,3,1,debt_consolidation,MORTGAGE,40,0.01173146394581988,0
6408,33097,36,10.4,53983.02,8,642.0,21.78,6,1,home_improvement,RENT,60,0.0479316860807077,0
6409,17882,36,10.46,64961.22,0,685.0,31.58,9,0,debt_consolidation,RENT,22,0.025928044375442084,0
6410,6675,60,13.96,44810.94,0,729.0,7.29,3,1,credit_card,OWN,70,0.011307691629427746,0
6411,43850,36,11.02,41943.16,23,727.0,15.61,1,0,debt_consolidation,MORTGAGE,37,0.017130766936558912,0
6412,15009,60,17.11,87612.11,4,628.0,4.96,5,0,debt_consolidation,OWN,51,0.016080764654848267,0
6413,29843,36,9.38,111044.72,4,593.0,20.64,4,1,other,MORTGAGE,35,0.0533255341420373,0
6414,31793,36,12.82,51640.54,1,630.0,15.37,6,0,major_purchase,RENT,64,0.027163549434492888,0
6415,41516,60,5.38,60636.65,2,665.0,37.38,5,0,other,MORTGAGE,55,0.04329408602638549,0
6416,40871,36,14.64,74505.49,3,671.0,26.08,6,0,debt_consolidation,RENT,18,0.04215308887599425,0
6417,19857,60,6.32,34536.13,6,686.0,,4,0,debt_consolidation,RENT,64,0.010848078108559228,0
6418,21627,36,14.28,61754.98,10,723.0,27.72,8,0,small_business,RENT,36,0.022917730189235548,0
6419,20565,36,4.64,98338.96,5,673.0,12.51,7,0,debt_consolidation,OWN,28,0.010208233334081022,0
6420,28025,36,7.87,119587.92,7,561.0,21.87,5,0,debt_consolidation,RENT,34,0.037789571102619705,0
6421,29832,36,15.35,28797.27,2,738.0,1.71,4,1,debt_consolidation,RENT,58,0.014694767439796821,0
6422,46116,60,18.26,37629.93,0,750.0,11.94,6,1,debt_consolidation,OWN,40,0.03301950107762448,0
6423,11782,60,4.0,49200.2,5,699.0,24.15,3,1,major_purchase,RENT,19,0.01776919458649717,0
6424,40650,60,7.64,50729.54,0,663.0,31.11,4,0,debt_consolidation,MORTGAGE,68,0.03737722697017087,0
6425,24366,36,19.32,87091.78,4,695.0,33.36,5,0,debt_consolidation,MORTGAGE,47,0.04384413416230158,0
6426,30557,36,12.57,60854.14,21,750.0,15.91,5,0,debt_consolidation,OWN,38,0.013074123054077421,0
6427,7798,36,7.87,85053.39,5,613.0,23.31,8,0,credit_card,RENT,66,0.02050958728781757,0
6428,11627,36,17.91,66041.61,2,643.0,16.35,4,0,debt_consolidation,RENT,42,0.022183787528294766,0
6429,43183,60,14.34,57159.01,25,642.0,13.09,4,0,other,MORTGAGE,54,0.03053887244537385,0
6430,14466,36,12.44,71170.93,10,613.0,36.9,3,1,major_purchase,RENT,54,0.0751128556093231,0
6431,44614,36,4.33,8000.0,30,840.0,10.96,8,0,other,MORTGAGE,72,0.005692935821278218,0
6432,14720,36,20.38,51816.69,4,688.0,15.56,2,0,credit_card,RENT,30,0.01941316042190438,0
6433,43913,60,13.05,52734.04,2,612.0,27.34,8,0,debt_consolidation,MORTGAGE,54,0.061940449623363425,0
6434,39292,60,10.76,25190.18,4,597.0,2.44,7,0,debt_consolidation,RENT,43,0.02102981489298833,0
6435,8559,36,17.85,93591.49,20,730.0,10.09,3,0,debt_consolidation,MORTGAGE,19,0.009634534927650104,0
6436,42388,36,8.33,53870.75,1,749.0,13.2,3,0,debt_consolidation,RENT,68,0.011870704463757199,0
6437,21158,36,7.63,69198.79,3,737.0,15.28,8,0,credit_card,RENT,40,0.00922893350291862,0
6438,32916,36,8.11,81622.14,13,793.0,23.61,5,0,debt_consolidation,RENT,28,0.011546263062437629,0
6439,24057,60,10.48,39186.67,16,654.0,18.23,3,0,credit_card,RENT,19,0.019653319680617252,0
6440,37892,36,12.11,67121.92,28,603.0,15.3,3,1,small_business,RENT,23,0.05403058308572417,0
6441,43439,36,14.56,19109.96,29,834.0,12.09,4,0,debt_consolidation,RENT,65,0.009625951176889011,0
6442,13706,36,7.0,73643.92,11,,15.26,5,1,home_improvement,RENT,27,,0
6443,14070,36,13.21,46180.14,5,718.0,13.02,3,2,credit_card,RENT,71,0.027510273358209974,0
6444,42902,60,9.59,53000.56,7,630.0,26.93,4,1,credit_card,RENT,25,0.07074771690420599,0
6445,2924,36,11.57,88047.92,7,744.0,21.08,8,1,home_improvement,OWN,66,0.015461499093161869,0
6446,28478,36,16.84,105470.61,6,603.0,26.6,3,0,credit_card,RENT,30,0.05404182867043889,0
6447,7506,60,13.97,41996.35,5,834.0,2.34,6,0,debt_consolidation,RENT,22,0.0031670583598678065,0
6448,48418,36,14.3,38747.26,1,703.0,31.43,7,1,debt_consolidation,MORTGAGE,40,0.07889617594763136,1
6449,37163,60,9.54,77237.59,5,599.0,19.61,3,0,small_business,MORTGAGE,39,0.03525215855516089,0
6450,26604,36,19.7,76064.68,29,552.0,15.17,6,0,debt_consolidation,MORTGAGE,47,0.05324582897414482,0
6451,17310,36,14.69,30272.14,24,676.0,9.31,2,0,debt_consolidation,RENT,55,0.01295926926921711,0
6452,10226,36,10.3,59414.3,10,746.0,13.41,5,0,debt_consolidation,OWN,51,0.007245664119988552,0
6453,13781,36,16.56,59463.23,2,652.0,27.99,2,0,small_business,RENT,21,0.03171367063805463,0
6454,7515,36,14.28,58956.17,24,758.0,17.27,4,0,small_business,OWN,27,0.008987432529360642,0
6455,38133,36,6.95,76533.77,4,619.0,18.35,4,0,major_purchase,OWN,42,0.02712393899928132,0
6456,18972,36,12.8,97914.12,9,726.0,9.29,4,0,other,MORTGAGE,60,0.009239729390812449,0
6457,34092,36,8.13,54179.12,25,663.0,23.87,4,1,small_business,RENT,27,0.04129428692381899,0
6458,13410,36,4.0,104937.47,5,724.0,0.23,4,0,debt_consolidation,OWN,51,0.0037711387500278808,0
6459,21522,60,10.27,56920.72,26,631.0,18.44,6,0,credit_card,RENT,57,0.02200015527454722,0
6460,11095,36,16.54,100861.79,3,645.0,12.47,9,0,credit_card,OWN,34,0.018301521758126223,0
6461,25047,36,17.9,70614.68,26,597.0,26.57,5,0,home_improvement,OWN,46,0.056080115084332326,0
6462,22470,60,9.96,87146.11,5,750.0,19.16,3,0,credit_card,MORTGAGE,43,0.010919775863115972,0
6463,45129,36,10.86,83645.17,5,651.0,22.31,11,1,credit_card,RENT,18,0.06250176961921444,0
6464,10531,36,17.58,39692.55,9,651.0,13.88,3,0,credit_card,OWN,69,0.018321655183237296,0
6465,39038,36,14.68,69127.94,5,649.0,20.41,2,0,debt_consolidation,RENT,54,0.03581763783684838,0
6466,24403,36,13.96,37107.49,7,713.0,19.46,2,0,credit_card,MORTGAGE,25,0.017233100130296528,0
6467,44674,36,12.56,57430.44,8,545.0,19.15,6,0,credit_card,RENT,42,0.06461449395459955,0
6468,31122,60,14.9,31396.63,7,603.0,19.79,6,0,other,MORTGAGE,25,0.04113227666036111,0
6469,18940,60,11.88,54955.94,28,761.0,16.81,5,0,credit_card,RENT,31,0.009748939476637075,0
6470,31831,36,18.12,61519.88,4,694.0,20.09,7,0,small_business,OWN,63,0.029375462510963287,0
6471,13279,36,11.52,38673.37,4,644.0,14.13,2,0,debt_consolidation,RENT,74,0.014961212497673494,0
6472,40220,36,11.46,59983.16,21,733.0,11.93,4,0,debt_consolidation,RENT,32,0.014016560989463198,0
6473,8477,60,4.0,80101.54,6,692.0,14.12,4,0,home_improvement,RENT,71,0.0071913430866748385,0
6474,19400,36,16.23,35518.6,0,761.0,25.08,10,1,home_improvement,MORTGAGE,36,0.028936165302374323,0
6475,8470,36,8.15,82226.79,7,643.0,14.34,8,0,debt_consolidation,RENT,58,0.01240099547335888,0
6476,4062,36,4.0,83110.37,9,632.0,27.1,4,0,credit_card,RENT,48,0.01572335212468936,0
6477,43798,36,11.28,36192.97,10,597.0,21.57,9,0,debt_consolidation,MORTGAGE,64,0.050247530059487476,0
6478,21880,36,10.65,8000.0,3,745.0,21.08,8,0,credit_card,MORTGAGE,29,0.013038815441181026,0
6479,36581,36,13.8,87253.28,29,744.0,10.73,2,0,debt_consolidation,RENT,37,0.012828430663850832,0
6480,46439,60,14.6,53869.58,16,722.0,24.57,8,0,debt_consolidation,RENT,38,0.03355560017164012,0
6481,16308,36,8.69,60007.26,15,621.0,15.15,3,0,debt_consolidation,MORTGAGE,30,0.016637150498645337,0
6482,28027,36,22.88,110542.45,23,594.0,0.0,7,1,credit_card,OWN,57,0.04567470281376773,0
6483,32720,60,11.19,70623.21,0,734.0,24.12,7,0,debt_consolidation,RENT,48,0.01973750025845729,0
6484,37081,36,5.25,71629.42,10,695.0,24.44,7,0,major_purchase,OWN,25,0.020466641031357723,0
6485,11706,36,18.33,59795.21,20,625.0,14.2,8,1,major_purchase,RENT,72,0.03911382396897052,0
6486,11837,36,14.91,55200.72,0,718.0,23.01,5,1,major_purchase,RENT,65,0.026458576911042888,0
6487,40599,36,13.64,58421.73,17,792.0,6.19,6,0,debt_consolidation,MORTGAGE,34,0.00900954796152747,0
6488,38824,36,10.26,56253.07,30,659.0,17.2,3,0,debt_consolidation,RENT,43,0.024209093530104177,0
6489,35073,60,12.18,17871.22,9,675.0,33.49,4,1,debt_consolidation,MORTGAGE,72,0.06850143216436434,0
6490,49115,60,4.0,35045.96,6,737.0,11.21,3,0,small_business,RENT,63,0.010864830308183538,0
6491,34088,36,10.92,58577.69,7,754.0,4.75,2,1,credit_card,MORTGAGE,28,0.012916615663299448,0
6492,30112,36,21.83,110927.65,12,683.0,17.57,2,0,debt_consolidation,OWN,59,0.03132659786617137,0
6493,28299,36,8.18,25298.11,9,574.0,29.35,2,0,debt_consolidation,RENT,69,0.04630826656426543,0
6494,36457,36,12.71,47020.65,18,744.0,4.43,4,0,home_improvement,RENT,25,0.009639879753196483,0
6495,32063,36,5.26,46771.67,6,641.0,16.62,9,1,debt_consolidation,RENT,64,0.031160732351787086,0
6496,5917,36,9.92,77269.72,6,705.0,25.21,3,0,major_purchase,OWN,21,0.013031610875391385,0
6497,4936,36,6.94,62332.37,16,748.0,24.68,4,0,other,MORTGAGE,48,0.008450192156609231,0
6498,38630,36,13.71,43926.42,10,721.0,19.22,5,0,major_purchase,RENT,46,0.021900541459894732,0
6499,16506,36,12.86,88854.89,18,686.0,15.04,7,0,major_purchase,MORTGAGE,70,0.014467462212516456,0
6500,30805,36,6.79,35190.63,24,678.0,21.21,6,0,debt_consolidation,MORTGAGE,61,0.01881696805821646,0
6501,16318,36,12.35,47313.9,3,635.0,27.64,5,0,credit_card,OWN,21,0.030456083825169174,0
6502,28026,60,12.5,32208.87,4,696.0,13.39,6,1,credit_card,OTHER,69,0.025459428632107654,0
6503,29672,36,12.7,84818.48,8,616.0,25.13,2,1,credit_card,MORTGAGE,73,0.06342568304734866,0
6504,40417,60,15.42,58788.39,27,731.0,24.17,6,0,major_purchase,MORTGAGE,50,0.02847446034760673,0
6505,29281,60,18.26,42203.46,21,736.0,16.86,6,0,debt_consolidation,OWN,32,0.019209008850143247,0
6506,30091,60,9.54,71150.83,7,676.0,8.24,8,0,debt_consolidation,OWN,74,0.013156701666118311,0
6507,40328,36,10.77,99471.18,9,638.0,11.65,5,0,major_purchase,MORTGAGE,40,0.02373136959663263,0
6508,20610,60,11.31,8000.0,14,575.0,,6,0,major_purchase,RENT,24,0.02759064760059468,0
6509,3079,36,6.79,75399.32,8,631.0,30.28,8,1,credit_card,OWN,18,0.03410141385372305,0
6510,31850,36,7.97,103342.32,0,638.0,21.05,4,0,debt_consolidation,OWN,22,0.025074736253612454,0
6511,48751,36,14.25,98873.72,5,684.0,37.66,1,1,credit_card,OTHER,63,0.10432374765810967,0
6512,22590,36,19.7,53754.22,0,627.0,18.65,5,1,debt_consolidation,OWN,40,0.05845857292619199,0
6513,32951,36,7.84,62408.6,12,733.0,,7,1,credit_card,RENT,65,0.01932237568152512,0
6514,17327,36,21.17,65200.72,5,766.0,6.61,9,1,home_improvement,RENT,24,0.016519440037029813,0
6515,14755,36,9.73,53550.9,16,687.0,8.05,2,0,debt_consolidation,MORTGAGE,71,0.00859110237695104,0
6516,9235,36,16.85,83098.66,6,599.0,21.49,6,0,debt_consolidation,RENT,59,0.03238308629750177,0
6517,19197,36,13.72,19846.77,0,545.0,14.14,6,0,debt_consolidation,RENT,60,0.034741533646570656,0
6518,23473,36,12.78,74389.12,5,683.0,13.23,3,1,major_purchase,RENT,51,0.0245942706907586,0
6519,4031,60,10.29,58101.27,2,656.0,17.92,3,0,credit_card,MORTGAGE,24,0.012817038183875456,0
6520,43282,36,12.06,85270.97,2,618.0,32.59,2,2,major_purchase,MORTGAGE,59,0.15899029996318872,0
6521,43863,36,9.16,87747.92,5,663.0,33.1,6,0,debt_consolidation,RENT,73,0.0470325873164145,0
6522,16287,60,15.78,62750.96,29,827.0,20.74,3,1,debt_consolidation,OWN,22,0.014235761538998368,0
6523,40679,36,16.47,44436.47,28,789.0,25.38,3,0,debt_consolidation,OWN,31,0.021844488926227576,0
6524,46463,36,9.4,85955.28,19,786.0,24.85,4,0,debt_consolidation,RENT,21,0.017416967104127743,0
6525,34230,60,5.44,28150.74,3,653.0,21.62,4,0,debt_consolidation,RENT,18,0.021740459415740918,0
6526,21037,60,10.69,33680.35,17,662.0,9.26,4,0,debt_consolidation,OWN,67,0.012662588224271925,0
6527,29052,36,19.95,,0,739.0,22.89,7,0,debt_consolidation,RENT,23,0.026087631899825228,0
6528,5340,36,12.93,47005.48,0,683.0,13.89,8,1,credit_card,MORTGAGE,30,0.01872303803140496,0
6529,42644,60,16.61,54620.4,21,715.0,12.8,6,0,credit_card,OWN,29,0.022212872980506324,0
6530,47203,36,8.29,52403.12,9,604.0,22.25,8,1,debt_consolidation,RENT,57,0.0727334281432851,0
6531,3141,36,10.06,59337.67,5,706.0,31.85,4,0,debt_consolidation,OWN,61,0.01620368807930367,0
6532,27425,36,10.76,97185.67,16,590.0,21.14,6,0,home_improvement,RENT,52,0.03564330192515037,0
6533,21281,36,7.32,31126.59,0,539.0,15.91,5,0,credit_card,RENT,19,0.029142559749331824,0
6534,44049,60,12.67,48338.56,4,657.0,16.04,6,0,debt_consolidation,MORTGAGE,56,0.030005200310936685,0
6535,22425,60,8.73,80615.94,15,737.0,23.65,4,0,small_business,OWN,74,0.01337371654442327,0
6536,36806,60,15.8,60914.05,2,703.0,16.32,1,1,credit_card,RENT,70,0.036295882862314985,0
6537,34113,36,12.36,35734.79,10,669.0,16.47,4,0,major_purchase,OWN,57,0.0226443552149211,0
6538,6270,36,17.92,57824.6,7,553.0,13.31,3,2,credit_card,RENT,74,0.07697326824285525,0
6539,44814,60,5.29,22317.8,2,583.0,13.56,6,0,credit_card,MORTGAGE,49,0.02974724751269353,0
6540,6683,36,9.88,85807.34,24,663.0,26.73,5,0,debt_consolidation,MORTGAGE,70,0.018322374635984344,0
6541,41884,60,10.37,62958.37,6,659.0,19.24,4,1,credit_card,RENT,20,0.04572878304383629,0
6542,31809,60,13.85,115008.3,10,677.0,13.82,3,0,debt_consolidation,OWN,23,0.019830195991175383,0
6543,36552,36,10.31,31996.68,3,788.0,18.74,3,0,debt_consolidation,RENT,70,0.011522548235373882,0
6544,5786,36,18.89,43377.65,5,689.0,22.26,13,0,debt_consolidation,RENT,22,0.021809047335707123,0
6545,23650,36,11.26,64278.64,0,761.0,10.54,4,0,home_improvement,MORTGAGE,71,0.008014945936137776,0
6546,30706,60,8.38,92928.32,7,637.0,21.43,5,0,debt_consolidation,RENT,57,0.025788996688717716,0
6547,11190,36,11.36,47869.3,5,545.0,22.95,1,0,other,RENT,24,0.03556432873395211,0
6548,40196,60,10.7,42409.33,4,744.0,32.03,3,0,debt_consolidation,RENT,46,0.02754828876837653,0
6549,41449,36,15.71,61896.59,24,760.0,21.44,3,1,debt_consolidation,OWN,57,0.03530048384922745,0
6550,41661,36,10.35,43205.44,14,768.0,6.74,5,0,home_improvement,RENT,65,0.009124009908161222,0
6551,31709,36,5.92,71899.81,7,623.0,23.28,2,0,debt_consolidation,RENT,22,0.02642614053291494,0
6552,47429,36,12.71,61910.04,2,645.0,20.32,4,0,credit_card,MORTGAGE,26,0.03980591181098323,0
6553,16892,60,9.4,77463.83,29,647.0,19.16,2,0,home_improvement,OWN,53,0.01733126455013767,0
6554,11643,36,7.38,82355.9,0,710.0,,7,1,credit_card,OWN,49,0.014229027219124142,0
6555,11943,36,12.09,69158.26,1,623.0,21.74,3,0,home_improvement,OTHER,24,0.02308898283648224,0
6556,45240,60,11.47,88846.35,3,700.0,23.87,2,1,credit_card,OWN,51,0.04756611747032919,0
6557,47760,36,11.12,51561.09,28,735.0,12.48,4,0,debt_consolidation,RENT,22,0.016149259529213898,0
6558,23042,36,13.04,23902.0,3,722.0,21.8,3,1,small_business,OWN,38,0.027460555633730333,0
6559,45894,36,9.68,33059.27,8,620.0,14.43,8,0,debt_consolidation,RENT,60,0.03195592526680819,1
6560,8869,36,12.46,57868.13,17,738.0,14.43,4,0,credit_card,OWN,74,0.008489326873303404,0
6561,42437,36,9.64,70445.89,26,684.0,14.92,1,0,debt_consolidation,OWN,37,0.019522730680568093,0
6562,46306,60,15.29,74592.86,10,645.0,7.07,6,0,credit_card,RENT,53,0.0269466480529376,0
6563,44833,36,11.9,43806.97,5,742.0,15.62,3,1,debt_consolidation,RENT,18,0.02777259472298204,0
6564,22918,36,19.0,81636.67,30,684.0,17.02,5,1,credit_card,RENT,42,0.03861107066874469,0
6565,30379,36,10.02,8000.0,0,765.0,12.63,6,0,major_purchase,OWN,43,0.009320082612307155,0
6566,44939,36,13.43,46322.35,21,743.0,,4,0,debt_consolidation,RENT,60,0.018026525220917692,0
6567,27274,36,16.52,72354.11,3,721.0,18.35,6,1,other,MORTGAGE,25,0.03196830148133157,0
6568,19696,36,14.14,82816.46,20,678.0,15.15,9,1,other,RENT,45,0.028718355487993587,0
6569,4962,60,12.56,78928.68,1,594.0,12.71,2,0,home_improvement,OWN,63,0.016983894356226492,0
6570,15851,36,13.34,83260.67,5,591.0,28.68,3,1,home_improvement,RENT,35,0.06693330543146352,0
6571,47747,36,14.03,,0,835.0,13.17,6,0,home_improvement,OWN,30,0.010806309294046518,0
6572,7296,36,13.19,56966.13,2,712.0,18.8,7,0,debt_consolidation,OWN,71,0.012193545836541936,0
6573,16745,60,11.94,13049.12,10,759.0,23.85,9,0,home_improvement,OWN,60,0.013020811391677989,0
6574,7730,36,14.95,53948.71,17,689.0,8.6,6,0,debt_consolidation,RENT,54,0.010171922906568053,0
6575,15921,36,11.66,31317.15,25,674.0,15.6,2,0,credit_card,OWN,45,0.01408333013049052,0
6576,34894,36,8.06,,0,686.0,19.8,5,1,debt_consolidation,RENT,62,0.03158066880917067,0
6577,7602,36,20.23,25803.93,1,694.0,17.25,3,0,debt_consolidation,MORTGAGE,67,0.017456029112019114,0
6578,19575,36,15.51,56121.15,27,683.0,21.31,5,0,major_purchase,RENT,70,0.022344000901668708,1
6579,21023,60,8.35,,17,778.0,18.59,1,1,debt_consolidation,OWN,43,0.013042161754069163,0
6580,47349,36,11.02,59703.54,8,732.0,24.35,6,0,debt_consolidation,RENT,50,0.026338806718944938,0
6581,17997,36,9.72,56710.89,7,704.0,9.43,4,0,debt_consolidation,OWN,21,0.008916811917741104,0
6582,19750,36,10.01,16161.15,1,732.0,21.81,6,0,major_purchase,MORTGAGE,29,0.013201961237851622,0
6583,43979,36,15.47,68606.44,5,738.0,,4,0,debt_consolidation,OWN,25,0.020135694744965592,0
6584,24837,36,10.67,52884.88,5,701.0,18.6,4,0,credit_card,RENT,24,0.015646158559101862,0
6585,16997,60,19.66,60698.07,10,717.0,20.85,5,0,major_purchase,MORTGAGE,50,0.020937370272960543,0
6586,41439,60,4.93,49621.0,10,725.0,8.95,10,0,debt_consolidation,OWN,55,0.010285106880217046,0
6587,25067,60,11.88,42078.72,0,722.0,15.73,7,0,credit_card,OWN,74,0.013553557160087982,0
6588,47039,60,6.67,78919.71,22,679.0,26.07,4,0,home_improvement,MORTGAGE,52,0.030268255239742598,1
6589,22923,36,13.31,85779.8,27,729.0,11.23,6,0,debt_consolidation,MORTGAGE,58,0.011086924450287949,0
6590,10876,36,13.79,84225.69,18,617.0,19.35,5,0,debt_consolidation,RENT,36,0.02363794998029738,0
6591,4887,36,15.6,25813.6,2,690.0,19.31,5,0,debt_consolidation,RENT,37,0.01492235560759031,0
6592,44422,36,7.09,94714.35,1,680.0,19.94,10,0,credit_card,RENT,42,0.02437643341778507,0
6593,38854,60,13.73,,15,725.0,0.0,3,0,credit_card,RENT,74,0.00988874572329949,0
6594,38948,60,8.51,91235.7,7,639.0,30.06,5,0,credit_card,RENT,40,0.04200153542002049,0
6595,4841,60,12.38,90816.74,18,648.0,10.54,9,1,debt_consolidation,RENT,27,0.019635601810359837,0
6596,30756,36,10.23,68727.47,0,630.0,29.14,2,0,home_improvement,OWN,33,0.038502085032141385,0
6597,8040,36,6.94,40138.64,14,719.0,10.41,5,1,debt_consolidation,OWN,48,0.010052804037486745,0
6598,12304,36,14.89,41040.72,6,578.0,21.37,6,0,major_purchase,OWN,55,0.03514077746543335,0
6599,32341,36,10.97,42988.39,0,625.0,14.56,3,0,debt_consolidation,RENT,22,0.024309457425675203,0
6600,6758,36,15.43,55474.65,9,560.0,11.48,5,0,other,RENT,41,0.024265380013058245,0
6601,19010,36,15.72,,13,639.0,39.15,2,0,debt_consolidation,RENT,67,0.055629759095594616,0
6602,33658,60,17.25,17119.95,8,682.0,16.05,6,0,debt_consolidation,RENT,53,0.02648486329644131,0
6603,39782,60,9.97,17903.58,1,752.0,6.6,5,1,debt_consolidation,RENT,25,0.015460890207317534,0
6604,3375,36,8.28,59154.29,20,760.0,29.47,5,2,credit_card,RENT,28,0.026604761558076145,0
6605,35949,36,16.8,53266.8,4,596.0,24.7,4,1,debt_consolidation,MORTGAGE,47,0.09630079438812097,0
6606,24092,36,12.41,72745.82,26,657.0,30.47,7,0,credit_card,MORTGAGE,46,0.03554169799692913,0
6607,2490,36,17.4,55488.82,25,705.0,7.29,6,0,debt_consolidation,MORTGAGE,74,0.008936806403456374,0
6608,5729,60,7.27,88809.81,2,661.0,10.78,4,0,debt_consolidation,MORTGAGE,74,0.008436462018412385,0
6609,7974,36,14.75,45267.86,7,630.0,20.99,2,0,debt_consolidation,RENT,58,0.022457437105466434,0
6610,21680,36,12.17,68259.92,1,575.0,15.09,4,0,debt_consolidation,OTHER,39,0.02890807967119996,0
6611,20324,36,11.83,73802.48,12,613.0,13.3,5,0,major_purchase,OWN,47,0.0208767792063455,0
6612,33334,36,10.71,61336.96,22,757.0,23.59,6,1,credit_card,RENT,37,0.026956089050066162,0
6613,23398,60,7.56,85342.01,10,748.0,8.22,5,0,major_purchase,OWN,31,0.006605403087046562,0
6614,36650,36,14.66,73154.17,3,842.0,8.4,6,1,credit_card,MORTGAGE,70,0.011658416554833096,0
6615,23292,60,10.43,,0,733.0,20.35,7,0,other,RENT,43,0.013698712811121587,0
6616,37755,36,12.85,43974.14,0,621.0,10.18,7,1,major_purchase,OWN,57,0.04305778324751715,0
6617,40353,60,19.73,54516.09,10,708.0,14.29,6,1,other,MORTGAGE,19,0.04424158471515514,1
6618,5159,36,9.85,8000.0,28,713.0,19.69,5,2,home_improvement,OWN,60,0.02673403285119428,0
6619,34626,36,10.81,58429.89,13,720.0,12.58,1,1,debt_consolidation,MORTGAGE,70,0.021378064935600342,0
6620,31351,36,11.35,25742.37,15,670.0,11.13,3,0,debt_consolidation,MORTGAGE,50,0.016298009695722863,0
6621,39298,36,10.42,118673.88,4,663.0,28.24,4,0,debt_consolidation,OWN,70,0.037275177433967,0
6622,19065,60,10.55,67531.34,9,709.0,16.29,4,0,small_business,RENT,22,0.012085377843875256,0
6623,23638,36,14.79,50039.85,4,629.0,23.21,6,1,credit_card,RENT,67,0.05607588042386046,0
6624,3073,60,17.29,78814.61,25,746.0,13.33,3,0,debt_consolidation,OWN,45,0.008690123717561327,0
6625,48511,36,12.52,25232.23,1,615.0,16.73,6,0,credit_card,MORTGAGE,37,0.04250983453346809,0
6626,20771,60,14.96,47651.98,10,609.0,19.65,4,0,home_improvement,OWN,23,0.03184289785018275,0
6627,37461,36,11.31,51282.74,15,656.0,18.06,6,0,credit_card,MORTGAGE,38,0.026886406413479124,0
6628,44330,60,11.21,76117.75,13,713.0,19.88,9,0,credit_card,RENT,52,0.02422847196040754,0
6629,31320,60,10.4,35544.7,3,741.0,35.1,8,0,other,RENT,71,0.02750224845830964,0
6630,6340,36,8.94,42568.84,7,707.0,25.63,7,2,credit_card,RENT,36,0.03479052737504858,0
6631,36924,36,16.95,62789.66,11,643.0,22.5,5,0,debt_consolidation,MORTGAGE,26,0.044276270775007356,0
6632,18184,36,9.99,75785.58,27,,26.89,1,0,home_improvement,MORTGAGE,53,,0
6633,42734,36,14.44,65285.36,8,653.0,14.62,4,0,debt_consolidation,OWN,26,0.03027999828120356,0
6634,4580,36,8.65,37345.72,4,744.0,,2,0,major_purchase,MORTGAGE,33,0.006243818202174442,0
6635,42025,36,12.18,62663.42,6,693.0,6.11,8,0,debt_consolidation,OWN,54,0.015764571699785738,0
6636,30967,60,12.0,42874.85,8,764.0,22.23,5,0,small_business,RENT,69,0.015135516252777826,0
6637,4159,60,8.68,36427.08,29,726.0,28.92,3,1,home_improvement,MORTGAGE,22,0.0198010615418851,0
6638,15900,60,10.61,70203.18,10,664.0,6.65,3,0,home_improvement,MORTGAGE,29,0.010055789999904067,0
6639,13440,36,7.73,73658.8,1,672.0,18.72,0,0,other,RENT,40,0.012396097544400434,0
6640,16678,60,12.07,59659.41,22,685.0,13.79,4,0,debt_consolidation,RENT,65,0.012979238907279976,0
6641,49204,36,4.96,72777.14,2,676.0,7.35,4,0,debt_consolidation,RENT,44,0.014204081515204364,0
6642,14021,36,11.77,79248.19,0,726.0,19.72,4,0,credit_card,RENT,59,0.012029629219734345,0
6643,8772,36,14.6,8000.0,0,705.0,15.28,6,1,credit_card,OWN,18,0.01977507023777482,0
6644,3627,60,11.95,70264.65,18,647.0,26.93,4,3,credit_card,RENT,28,0.08748317775275838,1
6645,46432,60,9.2,98716.55,25,803.0,17.53,8,1,credit_card,OWN,42,0.019876119234104428,0
6646,10219,36,9.4,52894.15,3,693.0,9.45,1,0,small_business,RENT,65,0.007801400650909393,0
6647,25464,60,16.83,98428.66,8,622.0,,3,0,debt_consolidation,RENT,30,0.02927753798846629,0
6648,32232,36,12.63,67884.25,10,717.0,14.13,6,1,debt_consolidation,MORTGAGE,41,0.02531641229922477,0
6649,44481,60,15.38,61991.13,6,617.0,29.72,2,1,debt_consolidation,OWN,54,0.11060462228046652,0
6650,10488,36,15.77,66658.25,0,699.0,20.96,9,0,credit_card,RENT,64,0.017682484817481477,0
6651,36949,36,10.22,21966.13,0,677.0,18.05,3,2,credit_card,RENT,68,0.056785109588074575,0
6652,46362,36,7.99,101789.31,7,684.0,33.67,8,0,other,RENT,19,0.04308828437950039,0
6653,41932,36,14.58,47573.72,19,629.0,20.45,9,0,debt_consolidation,RENT,19,0.045288329794977766,0
6654,20981,36,8.57,30045.76,0,673.0,14.62,9,1,debt_consolidation,MORTGAGE,56,0.022641256999604373,0
6655,2901,36,9.64,46658.81,2,674.0,15.45,7,0,home_improvement,OWN,51,0.010292642309988134,0
6656,24444,36,12.41,60576.42,3,679.0,22.3,3,0,debt_consolidation,RENT,51,0.022039779827077027,0
6657,44058,60,11.0,88235.67,9,791.0,12.04,6,0,major_purchase,MORTGAGE,59,0.010737260245759418,0
6658,20061,60,4.0,58113.59,0,647.0,42.62,4,0,debt_consolidation,RENT,22,0.036055301976343525,0
6659,4881,36,7.06,51969.9,23,693.0,20.39,3,0,debt_consolidation,RENT,59,0.009836403813425838,0
6660,31863,60,16.03,52364.87,7,601.0,19.31,5,0,debt_consolidation,OWN,32,0.043320602389206,0
6661,47826,36,11.67,26099.75,7,556.0,3.45,3,1,debt_consolidation,MORTGAGE,74,0.053252886915070276,0
6662,7622,60,14.93,46827.59,4,661.0,0.0,2,0,credit_card,OWN,27,0.008186407677794593,0
6663,3378,36,8.75,45243.36,2,765.0,12.98,7,0,credit_card,RENT,23,0.005242294037311995,0
6664,19632,36,7.55,,5,604.0,13.71,3,1,debt_consolidation,RENT,68,0.0285964333376999,0
6665,30311,36,14.89,16927.9,26,723.0,12.31,2,0,debt_consolidation,RENT,74,0.0144162224735744,0
6666,7650,60,17.19,48963.36,0,751.0,16.7,6,1,credit_card,OTHER,36,0.017714473656174987,0
6667,47201,36,8.51,92691.25,0,766.0,2.23,5,0,credit_card,MORTGAGE,65,0.00786622245815593,0
6668,44224,60,16.07,70498.85,0,720.0,22.9,3,0,major_purchase,MORTGAGE,41,0.031188518896878986,0
6669,9036,36,8.09,83499.96,18,632.0,17.6,4,0,other,OWN,39,0.01458915803708064,0
6670,41255,36,5.45,50172.98,0,607.0,21.65,5,0,credit_card,OWN,53,0.032977380485487366,0
6671,24499,36,14.34,101652.58,4,567.0,20.19,4,0,major_purchase,OTHER,55,0.043213802949337174,1
6672,39016,60,8.18,79924.01,6,792.0,11.72,11,1,debt_consolidation,OWN,46,0.014288904191175776,0
6673,6603,36,7.16,61711.36,8,732.0,21.01,10,0,debt_consolidation,OWN,69,0.008910804558429124,0
6674,29773,60,7.25,76154.5,0,718.0,28.86,4,0,home_improvement,RENT,73,0.019730923035854123,0
6675,21937,36,10.61,29107.42,7,537.0,12.15,8,0,debt_consolidation,RENT,24,0.03116616696380512,0
6676,14632,60,5.2,28584.86,2,718.0,26.03,6,0,home_improvement,RENT,45,0.01207869365035446,0
6677,32607,36,14.38,80175.95,0,692.0,28.32,3,1,debt_consolidation,OWN,33,0.05375524592378582,0
6678,28337,36,13.93,88345.32,8,700.0,18.99,5,0,debt_consolidation,OWN,61,0.020289372961273592,0
6679,2220,36,13.92,,16,655.0,16.78,3,1,debt_consolidation,OWN,37,0.023239229122282944,0
6680,48994,36,16.83,81363.61,27,690.0,15.85,3,1,major_purchase,MORTGAGE,62,0.05192565195494858,0
6681,6818,36,15.88,73368.47,26,617.0,18.89,4,0,debt_consolidation,OWN,54,0.023521450300414953,0
6682,9349,60,8.37,40127.21,6,685.0,36.71,2,0,debt_consolidation,RENT,57,0.022618254645567146,0
6683,7618,36,14.7,35161.39,14,604.0,12.87,3,0,debt_consolidation,MORTGAGE,47,0.01904279537271432,0
6684,29464,36,16.44,41966.46,13,741.0,,3,0,other,RENT,73,0.01544780486890218,0
6685,44624,36,15.26,47781.92,6,731.0,20.87,2,0,credit_card,OWN,51,0.02593915923732201,0
6686,39344,36,15.56,50082.63,0,724.0,26.42,4,0,credit_card,MORTGAGE,46,0.031300511473903836,0
6687,20255,36,11.4,20196.17,5,590.0,17.68,9,1,small_business,OWN,59,0.04663262140260269,0
6688,26299,36,9.41,47814.26,30,685.0,20.75,5,0,debt_consolidation,RENT,27,0.018279615411800305,0
6689,49975,60,11.06,67948.11,9,723.0,11.73,5,0,debt_consolidation,RENT,47,0.017700558488920732,0
6690,3462,36,9.21,76551.18,5,726.0,13.44,8,0,debt_consolidation,RENT,55,0.006973362194218064,0
6691,17905,60,16.01,45234.27,16,786.0,17.48,2,0,debt_consolidation,OWN,22,0.01006873931827058,0
6692,26920,36,12.75,97356.77,13,622.0,4.92,8,2,other,MORTGAGE,28,0.046119612070533715,0
6693,18252,36,15.29,60504.68,9,662.0,14.97,4,0,home_improvement,RENT,45,0.01882324646784005,0
6694,43004,36,6.2,123387.92,10,706.0,21.67,0,0,major_purchase,RENT,27,0.018907278846447988,0
6695,42581,60,10.21,41331.49,9,690.0,27.59,6,0,small_business,MORTGAGE,43,0.033430646961551555,0
6696,36836,36,7.9,69043.74,28,731.0,13.75,8,0,home_improvement,RENT,23,0.01244049347253375,0
6697,7753,60,5.5,57808.78,8,569.0,17.37,6,0,debt_consolidation,MORTGAGE,58,0.018358382642931617,0
6698,42005,36,13.2,,9,660.0,18.22,4,0,debt_consolidation,OWN,49,0.03103538767818934,0
6699,16175,60,7.74,81539.65,7,661.0,13.62,7,1,debt_consolidation,RENT,54,0.020021969654700565,0
6700,8191,36,10.51,79068.82,10,727.0,15.06,6,0,debt_consolidation,RENT,46,0.008490505370543992,0
6701,19898,36,8.11,53588.27,24,752.0,24.1,2,0,small_business,MORTGAGE,21,0.011267069361823168,0
6702,20982,36,10.37,67961.09,5,699.0,35.65,6,0,credit_card,OTHER,74,0.028752405267240377,1
6703,16622,36,14.36,66493.63,8,800.0,20.15,3,0,other,RENT,53,0.009344675057746036,0
6704,3001,36,8.17,53467.01,7,676.0,26.45,2,2,debt_consolidation,OTHER,60,0.036987727048057646,0
6705,49645,36,10.19,41104.26,6,643.0,7.23,3,0,debt_consolidation,OWN,57,0.02217424520109566,0
6706,45000,60,14.11,59954.63,20,778.0,20.81,5,0,debt_consolidation,RENT,51,0.019263343314074984,0
6707,25283,36,14.73,55232.59,3,670.0,30.22,3,2,debt_consolidation,OTHER,67,0.09203474029155584,0
6708,23435,36,10.42,33463.99,8,635.0,26.76,5,0,debt_consolidation,OTHER,47,0.030771841710751945,0
6709,29223,36,13.18,76441.38,26,741.0,16.46,6,0,other,MORTGAGE,36,0.014285242623430923,0
6710,39244,36,15.27,61120.85,1,637.0,25.88,2,0,debt_consolidation,RENT,29,0.0488731162351623,0
6711,32024,36,7.77,56604.32,0,713.0,20.57,10,0,other,MORTGAGE,60,0.01668827186275298,0
6712,32734,36,9.15,22721.38,3,762.0,7.01,6,0,small_business,OTHER,38,0.007619317404976116,0
6713,2515,60,10.5,67927.15,26,680.0,11.49,5,0,credit_card,RENT,41,0.008619255079826908,0
6714,47246,36,13.79,22792.99,0,758.0,23.69,10,0,credit_card,RENT,31,0.026186392796850835,0
6715,3191,36,12.75,63527.04,1,705.0,16.2,6,1,debt_consolidation,RENT,27,0.016779425843565336,0
6716,34264,36,12.26,81308.76,4,588.0,6.0,7,0,debt_consolidation,RENT,57,0.02485032841945315,0
6717,45628,36,7.89,101554.19,17,737.0,19.75,1,0,debt_consolidation,RENT,66,0.016874386787012478,0
6718,48216,36,15.48,61673.03,16,773.0,13.16,7,0,debt_consolidation,MORTGAGE,31,0.017068915635732585,0
6719,8297,36,10.0,103958.47,0,711.0,0.0,7,0,credit_card,OWN,20,0.00506632688493182,0
6720,29856,36,10.93,78317.22,27,661.0,17.09,6,0,major_purchase,OWN,43,0.021273709670226255,0
6721,10334,36,12.78,71810.87,3,699.0,3.85,5,0,debt_consolidation,OWN,55,0.007433331790964947,0
6722,26162,60,19.89,,3,649.0,17.4,9,0,debt_consolidation,RENT,58,0.03421556498820764,0
6723,8008,36,9.44,93476.84,6,766.0,17.11,7,0,debt_consolidation,MORTGAGE,57,0.006967962977975745,0
6724,9987,36,9.24,80586.51,10,697.0,36.78,3,0,debt_consolidation,RENT,29,0.02255335217562932,0
6725,32966,36,10.5,56472.85,8,703.0,22.71,3,0,debt_consolidation,OWN,18,0.020932860968935527,0
6726,5332,36,16.64,46591.92,26,673.0,20.52,5,0,home_improvement,OWN,67,0.01836883794775948,0
6727,2787,60,12.6,,9,747.0,28.2,4,0,credit_card,MORTGAGE,25,0.01239169104160248,0
6728,40990,36,13.5,64201.64,22,627.0,14.69,6,1,credit_card,MORTGAGE,29,0.053676966680109656,0
6729,11873,36,15.23,89532.92,0,825.0,14.69,5,1,debt_consolidation,OWN,51,0.0103185487476694,0
6730,19006,60,16.51,35957.14,22,685.0,12.11,3,1,home_improvement,MORTGAGE,52,0.025581286844969568,0
6731,22225,36,9.32,33085.34,2,,27.24,2,0,credit_card,RENT,21,,0
6732,38444,60,14.09,104948.21,5,626.0,19.52,2,0,credit_card,RENT,44,0.037985683274652744,1
6733,37340,60,16.61,53595.28,4,782.0,12.71,5,0,other,OWN,35,0.013303963848899923,0
6734,41683,36,12.82,16983.39,5,710.0,24.3,6,0,credit_card,MORTGAGE,27,0.029217346906427296,0
6735,7033,36,8.72,23588.86,26,729.0,8.39,2,0,major_purchase,RENT,68,0.005531551692723923,0
6736,9788,36,7.94,71066.57,7,649.0,11.18,11,0,credit_card,OWN,70,0.011051894470767402,0
6737,17689,36,13.81,48098.3,3,763.0,,6,0,credit_card,OWN,36,0.009720790411801185,0
6738,46220,36,7.39,71961.32,4,645.0,,3,1,other,MORTGAGE,35,0.03931275075587003,0
6739,23598,36,8.75,54457.35,19,737.0,20.65,4,0,other,MORTGAGE,68,0.012169960462062392,0
6740,39480,60,10.04,65282.02,8,659.0,16.26,5,0,debt_consolidation,RENT,48,0.02384609014101505,0
6741,31703,36,13.12,104182.24,7,610.0,19.91,6,0,credit_card,RENT,71,0.03684338287033509,0
6742,2066,36,14.33,55334.95,26,,24.14,3,0,major_purchase,MORTGAGE,31,,0
6743,47246,36,9.16,89436.6,27,613.0,30.38,0,0,credit_card,MORTGAGE,20,0.05679260853190083,0
6744,9533,60,6.81,62836.88,17,678.0,18.31,6,0,credit_card,OWN,62,0.011047523425671613,0
6745,17103,36,15.27,31233.05,8,776.0,31.48,6,1,credit_card,RENT,65,0.02985074885578981,0
6746,6616,36,14.7,109409.27,0,789.0,,7,2,credit_card,RENT,37,0.01895259351383758,0
6747,48045,60,13.88,113058.98,14,830.0,15.86,3,1,major_purchase,MORTGAGE,61,0.01963329193811802,0
6748,40498,60,13.5,56171.55,20,667.0,13.93,5,0,credit_card,OWN,70,0.025090875667881454,0
6749,45492,60,10.41,63795.13,22,676.0,7.7,9,0,credit_card,RENT,37,0.018385073265521253,0
6750,13772,60,11.29,,9,697.0,14.31,5,0,credit_card,OWN,47,0.011321563019811074,0
6751,25849,36,12.3,55379.44,10,582.0,23.96,5,0,credit_card,RENT,51,0.04304048096792042,0
6752,14940,36,8.63,84162.1,14,647.0,11.86,4,1,home_improvement,MORTGAGE,48,0.02008879034401552,0
6753,18932,36,13.53,39655.01,23,645.0,11.82,6,0,debt_consolidation,OWN,63,0.01742860818289988,0
6754,31769,36,12.48,105826.09,0,628.0,14.01,6,0,debt_consolidation,OWN,25,0.025625194812686426,0
6755,26648,36,11.46,69086.21,9,660.0,22.91,3,0,home_improvement,MORTGAGE,19,0.025144746842738278,0
6756,49411,36,15.65,78769.41,5,595.0,12.85,8,1,home_improvement,RENT,43,0.0790532893842906,0
6757,34966,60,11.6,93912.38,21,686.0,2.3,5,0,credit_card,RENT,24,0.011604614324656783,0
6758,29777,36,14.64,80467.91,1,585.0,3.96,3,2,credit_card,OWN,39,0.060422996981134985,0
6759,34567,36,7.25,58733.48,25,645.0,10.96,4,0,debt_consolidation,RENT,73,0.016499955486084426,0
6760,19174,36,15.36,103012.55,1,579.0,18.43,3,1,debt_consolidation,RENT,49,0.057037369244626705,0
6761,44598,60,14.42,80878.08,0,749.0,15.87,12,0,debt_consolidation,OWN,74,0.020307668531597933,0
6762,15798,36,20.65,55883.77,5,800.0,17.0,6,1,home_improvement,RENT,55,0.018678261769548146,0
6763,19558,36,18.4,22419.88,30,648.0,28.87,4,0,major_purchase,OTHER,51,0.04180481400278398,0
6764,46237,36,15.75,59636.04,10,629.0,31.84,7,1,other,MORTGAGE,51,0.12258665829860958,1
6765,2178,36,9.84,46761.57,0,720.0,9.39,4,1,other,OWN,19,0.009767879309114014,0
6766,22470,36,8.46,60614.26,3,643.0,7.74,4,0,small_business,RENT,58,0.01229732447979725,0
6767,19118,60,9.1,43958.48,1,608.0,26.36,5,1,debt_consolidation,RENT,67,0.04944241899259681,0
6768,24616,60,14.04,69603.79,0,576.0,18.57,10,0,debt_consolidation,RENT,67,0.04035376548118741,0
6769,2798,60,17.18,48772.88,8,605.0,18.2,6,0,debt_consolidation,MORTGAGE,68,0.024673560006348582,0
6770,9601,36,7.16,95676.6,5,751.0,10.06,4,0,debt_consolidation,RENT,40,0.005150078171277651,0
6771,27363,60,8.63,75347.56,10,754.0,7.49,3,0,debt_consolidation,RENT,41,0.00692519350772512,0
6772,4795,60,12.13,48363.95,2,650.0,0.0,2,1,home_improvement,OWN,74,0.011802164140897669,0
6773,33926,60,7.46,60226.77,21,708.0,18.76,6,1,major_purchase,OWN,32,0.025678681774805392,0
6774,47264,36,10.31,72719.43,5,758.0,,2,0,debt_consolidation,OWN,44,0.014525464578993013,0
6775,39356,60,16.98,22431.3,7,602.0,22.37,1,0,debt_consolidation,RENT,43,0.05619562541916838,0
6776,9297,36,14.89,71708.09,15,694.0,20.06,3,1,debt_consolidation,RENT,73,0.025304077481265824,0
6777,5084,60,15.32,17258.51,1,574.0,10.09,4,0,debt_consolidation,RENT,51,0.02017914714699719,0
6778,32329,36,8.06,98376.24,3,667.0,6.94,6,0,major_purchase,OWN,27,0.012557254121473765,0
6779,13110,36,5.02,50674.95,1,727.0,23.32,5,0,credit_card,RENT,31,0.009795387397688815,0
6780,2731,60,10.28,86223.57,17,764.0,8.42,3,1,credit_card,MORTGAGE,67,0.007401967042522238,0
6781,3129,36,4.0,31377.77,0,719.0,11.33,9,0,major_purchase,MORTGAGE,54,0.0051776133937394015,0
6782,30022,36,13.81,74360.55,7,545.0,11.81,4,0,debt_consolidation,OWN,23,0.038543568505103556,0
6783,3605,60,14.99,30674.4,16,614.0,17.88,2,1,debt_consolidation,OWN,30,0.033015669786690516,0
6784,13970,60,8.86,52647.97,8,665.0,18.34,4,0,debt_consolidation,RENT,50,0.014147065115121298,0
6785,45705,36,14.33,84193.68,8,696.0,24.5,3,1,credit_card,OWN,67,0.0581182504258477,0
6786,46130,60,14.31,75424.08,0,691.0,18.29,3,2,debt_consolidation,MORTGAGE,22,0.07611797117276187,0
6787,31265,36,7.52,74138.37,18,638.0,17.18,6,0,other,OWN,61,0.021258723616268713,0
6788,34330,36,10.4,,10,,27.16,4,1,credit_card,OWN,47,,0
6789,4933,36,10.13,33860.31,12,684.0,12.96,5,1,debt_consolidation,OWN,22,0.015061461187693755,0
6790,17187,36,15.73,79528.13,17,612.0,18.19,4,0,credit_card,RENT,25,0.028632567757212974,0
6791,27791,36,14.93,36998.06,9,645.0,9.75,4,0,debt_consolidation,RENT,66,0.020081311320305436,0
6792,26900,36,14.29,44445.48,8,843.0,19.22,6,0,major_purchase,OWN,40,0.008777912417759565,0
6793,7074,60,9.76,95683.95,11,758.0,24.46,6,0,credit_card,RENT,23,0.009659375031279543,0
6794,48805,36,17.46,74457.9,25,736.0,12.98,3,0,debt_consolidation,OWN,50,0.022583352440935317,0
6795,28426,60,12.72,25910.69,10,699.0,31.24,5,0,credit_card,MORTGAGE,53,0.031072096750964225,0
6796,41867,60,13.98,59728.51,18,621.0,18.25,2,0,debt_consolidation,MORTGAGE,44,0.03955669479625318,0
6797,2893,36,18.92,56049.11,7,675.0,22.46,6,0,home_improvement,MORTGAGE,47,0.021087950301937313,0
6798,36158,60,14.65,50634.04,9,641.0,5.68,4,1,debt_consolidation,RENT,30,0.033145533904468616,0
6799,21773,60,11.52,51394.46,2,673.0,29.23,6,0,debt_consolidation,MORTGAGE,26,0.027994864642683824,0
6800,6239,36,10.01,92713.34,7,625.0,26.73,3,2,credit_card,MORTGAGE,58,0.05866145385175474,0
6801,22863,36,5.06,109863.21,1,713.0,2.23,4,0,home_improvement,RENT,67,0.005549182626700178,0
6802,5432,60,5.73,58937.58,7,634.0,6.96,7,0,debt_consolidation,MORTGAGE,23,0.008078321782367146,0
6803,37139,60,15.42,64095.59,0,640.0,24.37,7,0,debt_consolidation,OWN,68,0.046026437462380214,0
6804,3515,60,4.1,25896.11,9,707.0,25.57,2,1,home_improvement,MORTGAGE,18,0.015158787885000354,0
6805,33670,36,16.05,102366.62,4,799.0,3.09,1,1,debt_consolidation,OWN,33,0.01172196080512813,0
6806,41094,36,15.21,43534.84,21,617.0,23.85,10,0,debt_consolidation,MORTGAGE,55,0.05648591383371187,0
6807,16605,36,8.54,49425.88,5,639.0,12.66,2,0,home_improvement,MORTGAGE,47,0.013406743857743892,0
6808,7586,36,12.73,79761.89,26,683.0,17.19,4,0,other,RENT,36,0.012968482254689162,0
6809,37685,36,14.3,67021.93,7,651.0,16.27,7,0,credit_card,MORTGAGE,30,0.030280585549120283,0
6810,33186,36,12.37,73733.99,22,,11.86,4,0,debt_consolidation,OWN,30,,0
6811,28928,36,16.92,76985.96,4,777.0,16.04,9,0,debt_consolidation,OWN,39,0.013982879908487263,0
6812,34728,60,6.43,59795.12,7,617.0,10.6,4,0,home_improvement,OWN,42,0.01848858734436289,0
6813,19551,36,14.02,82073.08,10,699.0,,6,0,debt_consolidation,RENT,68,0.014891224314279495,0
6814,23493,36,9.56,17320.03,3,725.0,8.64,3,1,home_improvement,MORTGAGE,25,0.013700334232708982,0
6815,22711,60,5.05,100891.05,11,614.0,27.95,4,0,major_purchase,RENT,32,0.027403994592980423,0
6816,22039,60,7.36,55457.94,4,697.0,13.92,5,1,debt_consolidation,MORTGAGE,64,0.01769847213982648,0
6817,38561,36,9.9,81830.07,7,719.0,25.71,6,0,credit_card,MORTGAGE,55,0.023907153213497314,0
6818,11947,36,12.09,72316.68,0,558.0,22.55,4,0,credit_card,MORTGAGE,60,0.035142811876369105,0
6819,34335,60,8.4,10054.8,0,669.0,26.73,4,0,home_improvement,MORTGAGE,66,0.027974191583930025,0
6820,17859,36,9.98,65460.32,2,,14.38,4,0,credit_card,OWN,38,,0
6821,25122,60,10.42,8000.0,19,738.0,16.36,6,0,credit_card,MORTGAGE,61,0.011656573099214279,0
6822,3577,36,8.48,72351.62,11,575.0,18.81,12,0,debt_consolidation,OWN,63,0.021205523463109333,0
6823,44256,36,9.73,65433.41,24,686.0,8.25,3,1,debt_consolidation,OWN,41,0.025721248876407258,0
6824,30350,36,14.29,28017.22,25,736.0,18.6,3,0,debt_consolidation,OWN,33,0.01678239571968443,0
6825,43932,36,18.6,64708.65,5,699.0,15.56,4,0,debt_consolidation,RENT,34,0.03009147073529931,0
6826,35798,36,12.83,48122.02,5,724.0,27.48,4,0,debt_consolidation,MORTGAGE,61,0.026665946684282398,0
6827,33898,36,12.53,55908.06,21,723.0,29.4,5,0,credit_card,MORTGAGE,28,0.027718643140386953,0
6828,17881,60,11.68,8000.0,6,626.0,32.47,5,0,other,OWN,45,0.03858361105611407,0
6829,12785,36,10.44,29045.96,22,736.0,3.65,6,1,credit_card,RENT,54,0.009172777883954406,0
6830,8691,36,14.3,40324.06,8,725.0,23.55,5,1,debt_consolidation,RENT,69,0.023679528175506854,0
6831,19297,60,15.93,31574.74,6,651.0,15.32,3,0,debt_consolidation,RENT,35,0.021232522868632107,0
6832,8358,36,7.35,46864.23,3,676.0,12.53,4,1,credit_card,RENT,55,0.014341676889875891,0
6833,21581,60,16.15,43194.84,1,729.0,30.17,9,0,debt_consolidation,RENT,36,0.026907345159537622,0
6834,3462,60,18.5,67542.86,8,757.0,9.91,1,1,home_improvement,RENT,21,0.012232391278693244,0
6835,17511,36,7.97,8000.0,4,669.0,19.66,5,0,debt_consolidation,RENT,52,0.01508462070044019,0
6836,12570,36,15.68,109811.92,3,703.0,10.45,9,0,home_improvement,RENT,49,0.011837204053033014,0
6837,46414,60,18.54,44619.55,1,762.0,0.0,9,0,credit_card,RENT,68,0.012410551931867705,0
6838,17474,36,14.86,52339.9,6,649.0,5.98,5,1,debt_consolidation,OWN,40,0.022702412553973036,0
6839,9037,36,11.3,74865.94,9,773.0,0.0,4,0,credit_card,OWN,51,0.0036759534918244584,0
6840,30129,60,15.12,103472.63,21,628.0,14.5,5,0,credit_card,RENT,64,0.0284866348860773,0
6841,44267,60,8.75,45271.94,20,670.0,7.69,5,0,debt_consolidation,OWN,66,0.016470771020687724,0
6842,15386,60,10.75,77234.0,22,726.0,27.25,7,0,debt_consolidation,MORTGAGE,64,0.016289995441857236,0
6843,8221,36,9.07,43226.39,9,751.0,22.63,5,0,debt_consolidation,MORTGAGE,67,0.0091675079742816,0
6844,25474,36,6.61,83506.28,9,693.0,10.63,3,0,credit_card,RENT,30,0.009826279740356112,0
6845,42537,36,12.17,77428.48,25,569.0,9.76,5,2,credit_card,OWN,18,0.09411797788108714,0
6846,49124,36,13.22,33351.11,4,668.0,13.4,3,0,credit_card,OWN,71,0.02796277336057079,0
6847,23045,36,14.65,74475.67,1,666.0,14.99,4,0,credit_card,OWN,33,0.019589070815721338,0
6848,27783,36,4.0,24317.98,0,672.0,27.77,3,1,debt_consolidation,RENT,41,0.03275044448485819,0
6849,42157,36,12.73,41464.17,24,753.0,13.78,2,1,debt_consolidation,OTHER,24,0.023726273128483896,0
6850,6922,36,12.32,26514.55,5,613.0,18.78,4,0,small_business,MORTGAGE,43,0.020186266278347346,0
6851,48407,36,7.64,60023.19,8,675.0,13.58,2,0,credit_card,RENT,72,0.020101392762073844,0
6852,24706,36,10.22,84958.75,19,670.0,22.55,2,0,debt_consolidation,OWN,29,0.020982104787048046,0
6853,44771,60,15.02,28935.17,5,666.0,23.78,7,0,major_purchase,MORTGAGE,63,0.044007920453445794,0
6854,34479,36,12.39,70022.77,23,625.0,27.5,2,0,small_business,OWN,63,0.04432284158696139,0
6855,7178,60,11.93,53952.4,4,694.0,25.4,5,1,other,MORTGAGE,64,0.026392201058491268,0
6856,32022,60,15.57,34331.82,15,657.0,0.0,9,0,credit_card,MORTGAGE,56,0.015022643841284555,0
6857,17240,36,21.26,49449.79,12,640.0,5.83,3,0,major_purchase,OWN,48,0.01947417032241735,0
6858,28220,36,11.03,74472.15,2,651.0,19.67,5,0,major_purchase,OWN,42,0.02404944511516586,0
6859,38736,36,12.99,,1,645.0,19.89,8,1,debt_consolidation,RENT,66,0.0562433783990209,0
6860,4716,60,8.43,67687.46,0,622.0,15.74,7,0,home_improvement,RENT,54,0.013835573999907681,0
6861,18574,36,20.58,59073.81,11,633.0,25.68,4,0,debt_consolidation,OWN,39,0.04392637444325262,0
6862,48279,60,9.84,60573.07,0,591.0,30.03,4,1,credit_card,MORTGAGE,19,0.1093673162506586,0
6863,19719,60,4.77,41708.7,11,785.0,12.5,7,0,debt_consolidation,RENT,57,0.00518328236509972,0
6864,10181,60,14.49,62422.22,18,692.0,5.54,5,0,debt_consolidation,MORTGAGE,43,0.008992956339108148,0
6865,47763,36,5.56,23244.53,4,674.0,21.5,4,1,small_business,OWN,47,0.040670171835135716,0
6866,46066,60,17.18,57035.33,16,741.0,13.15,6,0,home_improvement,MORTGAGE,48,0.021254978716738097,0
6867,22213,60,14.36,102483.36,1,696.0,0.94,6,1,debt_consolidation,OWN,46,0.01527507384452339,0
6868,8380,36,7.89,49026.35,28,717.0,20.3,2,1,debt_consolidation,OWN,39,0.01539951415837691,0
6869,2615,36,14.68,88029.76,3,690.0,21.54,5,1,credit_card,RENT,49,0.024313727122640412,0
6870,2463,36,10.66,76773.36,7,785.0,12.35,6,0,small_business,RENT,67,0.004850843618755242,0
6871,33973,36,13.71,95945.65,29,835.0,16.72,5,0,debt_consolidation,RENT,67,0.009228019171763179,0
6872,11158,60,6.87,8000.0,25,792.0,20.53,2,0,debt_consolidation,RENT,20,0.00609519909883711,0
6873,22651,36,6.63,64426.47,11,495.0,29.74,2,0,home_improvement,RENT,55,0.06146339872872114,0
6874,5158,60,13.27,74701.26,5,644.0,22.92,6,0,debt_consolidation,RENT,47,0.02042138216744862,0
6875,22008,60,19.54,79959.48,13,647.0,6.01,6,0,credit_card,MORTGAGE,70,0.0195614342509109,0
6876,48202,36,9.42,90032.01,7,760.0,29.86,8,0,major_purchase,MORTGAGE,24,0.026582499247408433,0
6877,6938,36,9.12,77410.31,0,656.0,31.63,2,0,small_business,RENT,55,0.021752372580707575,0
6878,40185,36,10.65,65914.5,19,661.0,21.38,5,0,debt_consolidation,RENT,65,0.030043642607201704,0
6879,24388,60,6.71,36030.71,23,651.0,27.0,3,0,debt_consolidation,MORTGAGE,48,0.02359736463016822,0
6880,10881,36,14.21,12427.74,6,661.0,8.31,5,0,credit_card,OWN,50,0.012062952496397416,0
6881,7603,36,15.61,93482.97,11,679.0,18.31,11,2,credit_card,OTHER,73,0.04525893752237071,0
6882,36980,36,13.93,44817.64,0,714.0,24.83,5,0,debt_consolidation,RENT,48,0.027795284795414533,0
6883,24504,60,11.32,51243.68,2,674.0,20.07,6,0,debt_consolidation,RENT,61,0.020329963206388107,0
6884,18766,60,7.9,82638.99,9,672.0,12.06,3,0,home_improvement,OWN,74,0.010994769071261892,0
6885,30386,36,20.25,59523.26,3,651.0,9.96,5,0,debt_consolidation,RENT,21,0.02692567956845612,0
6886,13695,36,8.57,31068.25,27,,20.31,4,0,small_business,MORTGAGE,60,,0
6887,19796,60,8.48,17312.85,21,568.0,24.05,7,0,home_improvement,MORTGAGE,69,0.035363197476467774,0
6888,44543,36,4.83,51037.51,11,576.0,8.83,5,0,credit_card,RENT,57,0.024832886778617596,0
6889,16559,36,6.31,62397.88,30,620.0,13.69,5,1,debt_consolidation,MORTGAGE,22,0.023528801242509764,0
6890,40914,36,13.4,79905.52,3,717.0,36.79,7,0,major_purchase,MORTGAGE,60,0.046436510257322844,0
6891,35139,36,10.29,56877.28,26,580.0,23.14,4,0,major_purchase,OWN,64,0.04534197428339946,0
6892,40333,36,8.54,60500.06,4,737.0,16.01,5,1,major_purchase,RENT,64,0.02302366116791633,0
6893,10802,36,8.81,27003.34,10,687.0,25.85,5,1,credit_card,MORTGAGE,29,0.025794524528749644,0
6894,10307,36,9.94,86032.97,6,614.0,23.91,7,1,debt_consolidation,OWN,69,0.03899822963705693,1
6895,42205,36,9.34,135327.19,7,711.0,19.83,3,0,debt_consolidation,RENT,67,0.020199324408498826,0
6896,35214,36,17.61,92529.79,17,624.0,20.0,7,1,debt_consolidation,OWN,52,0.07315404178952002,0
6897,36159,36,10.51,90267.63,5,681.0,12.7,4,0,debt_consolidation,MORTGAGE,37,0.017304716354099036,0
6898,13516,36,12.58,68627.75,8,649.0,25.54,2,0,debt_consolidation,OWN,66,0.024054609291128404,0
6899,31086,36,12.24,33872.46,2,739.0,11.6,6,0,small_business,RENT,46,0.011817569058357869,0
6900,32480,60,12.37,38455.65,17,729.0,24.97,7,0,small_business,MORTGAGE,33,0.022159072493017098,0
6901,46659,36,10.52,76466.16,9,740.0,25.53,7,0,small_business,MORTGAGE,56,0.02559026205621458,0
6902,49766,60,10.1,82269.88,3,755.0,13.48,6,1,debt_consolidation,RENT,34,0.024590912399325624,0
6903,40737,36,14.57,36521.69,3,724.0,4.5,6,0,home_improvement,RENT,28,0.01324554447554635,0
6904,11265,36,12.88,71364.22,4,698.0,23.73,5,0,credit_card,RENT,47,0.01679890444252777,0
6905,7454,36,8.97,62828.11,13,569.0,24.24,4,0,credit_card,MORTGAGE,24,0.027738053970430315,0
6906,37918,36,4.0,72378.8,9,682.0,21.48,5,1,debt_consolidation,RENT,39,0.03004830552135369,0
6907,28181,60,9.57,68943.8,20,558.0,6.33,3,1,credit_card,RENT,29,0.036520410776039326,0
6908,17386,36,6.56,70232.32,9,604.0,20.39,6,0,home_improvement,OWN,32,0.021401090203319373,0
6909,41182,36,8.31,11364.63,4,726.0,32.11,9,0,credit_card,OWN,27,0.02952752962404103,0
6910,39425,60,6.71,105596.86,28,609.0,31.15,2,0,small_business,OWN,33,0.04679739228516385,0
6911,45254,36,16.64,95383.64,24,708.0,28.03,7,1,debt_consolidation,MORTGAGE,60,0.07111279747822762,0
6912,26327,36,16.61,59626.11,3,668.0,22.68,5,0,debt_consolidation,OWN,48,0.030955495354888122,0
6913,23181,36,15.03,30497.52,26,669.0,22.06,2,0,major_purchase,RENT,56,0.025419760765188384,0
6914,49662,36,10.66,74080.48,15,659.0,14.03,11,0,major_purchase,RENT,32,0.029126154132964377,0
6915,23452,36,9.34,23451.75,6,710.0,31.33,2,0,debt_consolidation,RENT,28,0.021865010959806558,0
6916,40248,36,6.02,101923.79,7,661.0,19.57,4,0,debt_consolidation,OWN,30,0.02215603916922464,0
6917,42801,36,15.66,55964.62,7,654.0,27.31,6,0,major_purchase,RENT,51,0.05302144466752595,0
6918,35751,36,15.47,45089.53,19,703.0,15.69,5,1,debt_consolidation,MORTGAGE,57,0.035506750500832414,1
6919,23991,60,13.97,74591.05,2,675.0,22.92,5,2,debt_consolidation,MORTGAGE,21,0.06568886960983754,0
6920,43311,60,7.57,48261.19,0,611.0,17.13,4,0,debt_consolidation,OWN,50,0.030885977408158162,0
6921,11916,60,10.65,52999.5,8,674.0,,2,2,debt_consolidation,OWN,24,0.03219622952743413,0
6922,12143,60,11.52,40160.2,4,602.0,11.96,2,0,small_business,OWN,65,0.017212788555173067,0
6923,27855,60,4.93,75627.15,9,680.0,14.82,4,0,debt_consolidation,RENT,59,0.012205355447195943,0
6924,17581,60,17.72,67687.58,29,753.0,30.2,6,0,debt_consolidation,MORTGAGE,42,0.02270108137131458,0
6925,3907,36,6.59,86258.67,12,624.0,9.14,4,0,debt_consolidation,MORTGAGE,62,0.009186784971344187,0
6926,31424,36,8.88,19372.2,28,731.0,10.11,4,0,debt_consolidation,OWN,44,0.00976517138983821,0
6927,25308,36,4.91,29570.44,15,717.0,12.18,6,0,home_improvement,RENT,20,0.008550824291332517,0
6928,43984,36,11.19,47059.77,0,588.0,27.74,5,0,credit_card,OWN,59,0.06421072889163171,0
6929,43505,60,11.01,87781.04,24,686.0,16.84,7,0,debt_consolidation,RENT,34,0.024084676865373706,0
6930,48525,36,15.92,24373.34,2,750.0,17.07,4,0,credit_card,RENT,35,0.022738383320587138,0
6931,38942,36,8.21,38760.67,23,644.0,24.48,3,0,major_purchase,OWN,59,0.03181577956769344,1
6932,28957,36,7.66,95510.83,16,642.0,31.31,2,0,debt_consolidation,RENT,67,0.03332804381593123,0
6933,27464,36,12.32,73242.16,21,630.0,33.73,9,0,debt_consolidation,RENT,70,0.050906340644759004,0
6934,25649,36,4.0,87008.5,3,695.0,30.43,3,0,credit_card,OWN,39,0.018709814424380414,0
6935,44065,36,17.33,57722.88,20,583.0,16.53,5,0,debt_consolidation,MORTGAGE,26,0.0579214977576125,0
6936,29125,36,6.71,104207.7,10,608.0,14.98,4,0,debt_consolidation,RENT,59,0.02102487444610362,0
6937,36758,36,19.27,23722.97,0,628.0,16.76,2,0,home_improvement,RENT,55,0.041929167767656116,0
6938,7596,36,8.83,54639.74,24,566.0,4.16,3,1,credit_card,OWN,24,0.02071063164168164,0
6939,18374,36,6.29,52585.81,23,580.0,6.75,1,2,debt_consolidation,RENT,46,0.036684735273104396,0
6940,5775,60,14.33,52894.87,9,626.0,22.98,5,0,debt_consolidation,OWN,57,0.02401426363477282,0
6941,29388,36,14.1,28612.23,7,659.0,5.75,7,0,credit_card,OWN,59,0.016123223119385622,0
6942,23029,36,14.2,73861.98,6,757.0,9.63,9,0,debt_consolidation,RENT,23,0.009506570890580334,0
6943,20445,60,12.4,29384.46,10,742.0,19.53,11,0,credit_card,OWN,36,0.013628094978059451,0
6944,16645,36,20.96,26691.11,21,707.0,9.53,4,0,debt_consolidation,OWN,51,0.014921767631842523,0
6945,33105,36,6.6,8000.0,9,808.0,13.51,3,0,small_business,OWN,62,0.0064609307481818656,0
6946,15668,36,17.45,41446.05,1,676.0,13.64,4,0,debt_consolidation,OWN,23,0.017386189338077732,0
6947,17960,60,5.56,63667.66,4,729.0,0.0,8,0,debt_consolidation,OWN,52,0.0044659383033867125,0
6948,13357,36,18.61,67211.31,12,655.0,17.53,3,0,credit_card,RENT,39,0.02295134299879469,1
6949,39203,36,13.41,54399.09,10,719.0,15.03,2,0,major_purchase,RENT,53,0.01819510509804448,0
6950,17804,60,18.24,43258.64,8,641.0,16.17,3,0,home_improvement,OWN,74,0.025305064051244282,0
6951,16626,36,15.57,49861.34,3,567.0,6.9,6,0,debt_consolidation,RENT,72,0.024010045232026295,0
6952,30132,60,4.0,43134.62,3,663.0,11.12,4,0,small_business,OWN,39,0.011651965720307874,0
6953,9951,36,10.65,111348.68,7,758.0,14.49,2,0,debt_consolidation,OWN,69,0.006916670947967683,0
6954,8449,36,6.99,29292.28,6,574.0,9.26,7,0,credit_card,RENT,21,0.014271449639024495,0
6955,21065,60,17.98,40616.1,4,619.0,13.85,4,0,debt_consolidation,MORTGAGE,26,0.02793071780849219,1
6956,37967,36,15.2,59987.7,21,694.0,37.8,12,0,debt_consolidation,RENT,72,0.05937563029850482,0
6957,41536,60,12.61,32596.0,8,715.0,20.67,6,0,credit_card,RENT,60,0.02431657399351862,0
6958,11130,60,10.35,61152.33,8,737.0,14.44,4,0,credit_card,OWN,26,0.008047609674641952,0
6959,25824,36,13.69,19047.02,6,741.0,17.17,4,1,credit_card,RENT,24,0.02257187715080166,0
6960,43401,60,8.17,63096.46,12,680.0,27.75,4,0,debt_consolidation,OWN,18,0.03218688294951406,0
6961,38993,36,13.13,48893.78,2,605.0,12.99,6,1,credit_card,RENT,22,0.05396009291396239,0
6962,33875,60,11.51,41366.79,27,738.0,20.1,6,0,credit_card,RENT,57,0.016939874548144312,0
6963,8054,36,8.73,52703.43,0,628.0,28.69,5,0,debt_consolidation,RENT,23,0.02359552145809556,0
6964,36273,36,14.78,46476.09,14,622.0,17.62,8,0,other,OWN,67,0.037952078211512114,0
6965,43821,36,19.54,49928.32,14,777.0,16.2,8,0,major_purchase,MORTGAGE,55,0.021236263897528366,0
6966,12832,36,6.29,79165.28,0,661.0,30.03,6,1,major_purchase,MORTGAGE,59,0.032810051190968345,0
6967,31670,36,15.78,104975.43,30,695.0,26.2,1,1,debt_consolidation,MORTGAGE,41,0.05023035266319883,0
6968,24852,60,8.77,8000.0,0,736.0,22.25,8,1,credit_card,OWN,32,0.022743717055321078,0
6969,25620,60,14.34,54196.82,5,686.0,17.18,4,0,small_business,RENT,19,0.019658329743640093,0
6970,30307,36,9.53,27930.59,6,686.0,8.71,3,1,home_improvement,RENT,63,0.019744079629390753,0
6971,49551,36,10.8,51470.17,19,776.0,34.27,7,1,debt_consolidation,MORTGAGE,19,0.05048955727778584,0
6972,3551,60,11.2,70068.31,0,622.0,26.86,8,0,credit_card,OTHER,42,0.024207676189766807,0
6973,49922,36,17.45,119679.55,9,689.0,17.35,3,0,other,MORTGAGE,40,0.03594840842944368,0
6974,29812,36,11.63,51940.48,2,703.0,27.59,4,0,debt_consolidation,OWN,70,0.025415301898721612,0
6975,15799,36,10.64,63246.57,9,549.0,26.07,3,0,debt_consolidation,MORTGAGE,27,0.04215954954221569,0
6976,28312,36,11.67,37152.29,10,637.0,13.12,4,0,small_business,MORTGAGE,30,0.020684686984257267,0
6977,41620,36,19.58,35845.7,0,604.0,15.78,6,1,debt_consolidation,MORTGAGE,34,0.08537974988802782,0
6978,3449,60,14.24,34655.39,0,734.0,24.24,5,0,credit_card,OWN,21,0.012699397543546013,0
6979,26426,36,9.56,42060.93,0,686.0,10.98,7,0,credit_card,MORTGAGE,68,0.012738827549678545,0
6980,37427,36,17.99,48131.93,22,670.0,23.51,5,0,debt_consolidation,MORTGAGE,61,0.041824045674441125,0
6981,42277,60,12.72,95538.68,26,666.0,16.18,7,1,debt_consolidation,MORTGAGE,18,0.045335914617968716,0
6982,33551,36,8.55,51344.07,6,747.0,11.96,6,0,debt_consolidation,OWN,27,0.010000394524036085,0
6983,26277,36,13.57,73876.86,23,673.0,10.53,4,2,major_purchase,RENT,59,0.04217812923097863,0
6984,37489,36,11.4,67351.94,7,698.0,16.2,5,0,credit_card,RENT,33,0.019450888163317814,0
6985,47212,36,4.0,83805.86,6,631.0,20.44,7,3,credit_card,OWN,52,0.118766840139946,0
6986,11637,36,13.32,12447.6,8,733.0,13.29,3,0,other,MORTGAGE,52,0.00912419072518342,0
6987,45258,36,7.7,68575.63,19,743.0,15.14,2,0,home_improvement,RENT,70,0.013489797613650715,0
6988,37693,36,6.91,65740.49,2,582.0,19.46,8,0,other,OWN,45,0.03611582507106118,0
6989,11824,36,4.23,57504.19,4,649.0,,8,0,debt_consolidation,OWN,53,0.010814222412661108,0
6990,28950,36,12.51,86907.24,22,621.0,20.62,3,0,major_purchase,OWN,51,0.03177760535025161,0
6991,25488,60,11.41,56978.62,26,692.0,21.3,9,0,debt_consolidation,RENT,49,0.02023815188072158,0
6992,41008,36,15.8,81973.14,1,688.0,17.99,3,1,debt_consolidation,OWN,31,0.04660861994837035,0
6993,2215,36,8.81,64251.73,14,717.0,34.9,6,0,major_purchase,OWN,23,0.016123857662258975,0
6994,42067,60,10.07,,0,639.0,2.22,8,0,major_purchase,MORTGAGE,37,0.016784705980538765,1
6995,13523,36,19.92,67904.46,3,675.0,9.28,5,0,debt_consolidation,MORTGAGE,49,0.016105782812724304,0
6996,12364,36,4.1,55015.72,0,655.0,11.32,3,0,debt_consolidation,OWN,34,0.008620793309310797,0
6997,5153,36,16.86,99099.33,8,597.0,25.07,4,0,debt_consolidation,OWN,33,0.03412052335128593,0
6998,25834,60,8.88,86889.67,5,611.0,14.38,5,0,debt_consolidation,OWN,62,0.021245827234602947,0
6999,36474,36,24.46,58511.62,1,563.0,24.43,6,0,credit_card,MORTGAGE,41,0.10542772990013746,0
7000,45066,36,14.89,64274.61,0,756.0,0.0,6,0,debt_consolidation,RENT,63,0.010148992448269794,0
7001,36335,36,9.49,72024.73,6,605.0,20.59,8,0,home_improvement,RENT,45,0.03643184385694687,0
7002,12400,36,6.42,80251.68,4,657.0,8.12,4,0,debt_consolidation,OWN,52,0.008508033590734035,0
7003,12345,60,13.64,100317.54,0,773.0,25.04,7,0,debt_consolidation,OTHER,60,0.012279118651322085,0
7004,35896,36,4.36,82669.43,22,647.0,9.36,8,0,debt_consolidation,OWN,59,0.014179458481247544,1
7005,21894,36,14.75,55639.4,6,,11.71,5,0,home_improvement,MORTGAGE,64,,0
7006,30899,60,6.43,39561.38,18,655.0,6.97,6,1,debt_consolidation,RENT,29,0.01980688507462882,0
7007,42635,36,8.12,84804.28,6,697.0,9.08,5,0,major_purchase,OWN,27,0.013924267201559795,0
7008,30229,36,4.0,67225.85,0,664.0,,6,1,credit_card,RENT,26,0.022545417448089015,0
7009,7583,36,12.52,35436.11,6,605.0,15.06,7,0,major_purchase,RENT,63,0.019266366309297837,0
7010,6897,60,13.12,81333.79,24,794.0,12.14,3,0,small_business,RENT,58,0.005462017842894718,0
7011,8001,60,12.11,97910.51,0,739.0,5.35,4,0,debt_consolidation,OWN,61,0.005683547053721844,0
7012,45881,60,5.11,60177.39,25,,12.07,6,0,debt_consolidation,RENT,37,,0
7013,6567,36,17.74,99165.11,11,624.0,26.49,5,0,credit_card,OWN,61,0.033373177495666914,0
7014,11271,36,11.35,79154.73,30,628.0,19.15,8,1,debt_consolidation,RENT,46,0.03295570225724824,0
7015,49116,36,9.91,31035.31,26,661.0,21.03,0,0,home_improvement,RENT,45,0.032389980579572465,0
7016,13703,60,15.21,70563.92,23,622.0,29.07,4,0,major_purchase,OWN,73,0.037519969759153324,0
7017,15329,36,10.24,15721.0,0,678.0,25.22,4,0,small_business,OWN,74,0.018879474226082466,0
7018,37509,36,13.76,68850.96,3,755.0,27.96,5,0,debt_consolidation,OWN,55,0.024760824552665366,0
7019,8256,60,8.88,34384.11,5,648.0,19.47,3,0,other,OWN,18,0.014484581970801297,0
7020,2228,36,15.26,64807.79,13,760.0,13.28,4,0,credit_card,RENT,51,0.007165828261519952,0
7021,26746,36,15.16,76938.76,10,614.0,18.77,4,1,home_improvement,OWN,21,0.05466684546469309,0
7022,18678,60,10.19,45293.7,1,742.0,18.87,6,0,home_improvement,MORTGAGE,42,0.010942047394703194,0
7023,39052,36,12.61,102262.08,15,747.0,1.92,4,0,credit_card,OWN,28,0.008980665994225936,0
7024,48032,36,11.9,36963.1,1,743.0,15.23,5,1,home_improvement,OWN,52,0.02950747727048321,0
7025,48158,36,11.5,8000.0,7,706.0,26.59,4,2,home_improvement,OWN,53,0.08752469819142893,0
7026,25185,36,7.25,59277.88,9,675.0,2.05,6,0,home_improvement,RENT,20,0.008229226341905318,0
7027,35686,36,7.81,94129.97,23,736.0,3.98,3,1,credit_card,MORTGAGE,59,0.01246139652993397,0
7028,13445,36,10.46,59475.08,10,689.0,9.63,2,0,small_business,MORTGAGE,54,0.009131064403485871,0
7029,35266,36,12.28,45174.63,28,686.0,13.0,2,0,debt_consolidation,OWN,35,0.017868602201511753,0
7030,4809,60,8.47,18783.11,30,622.0,16.39,5,0,small_business,MORTGAGE,28,0.013970752220321698,0
7031,39729,36,12.06,45713.39,8,624.0,32.77,5,0,debt_consolidation,MORTGAGE,29,0.06090393459218732,0
7032,43785,36,4.0,31446.49,0,710.0,23.71,6,0,debt_consolidation,MORTGAGE,59,0.01934285125225339,0
7033,38547,36,12.01,,0,659.0,20.03,8,0,home_improvement,RENT,42,0.03072832712337135,0
7034,44818,60,12.31,68210.36,22,724.0,16.53,4,0,major_purchase,MORTGAGE,48,0.02021437129149156,0
7035,36886,36,15.27,36276.25,8,737.0,17.26,3,0,credit_card,RENT,24,0.018883920268963874,0
7036,8391,60,17.69,51843.65,5,598.0,25.16,7,1,credit_card,RENT,73,0.06242798022921223,0
7037,2145,60,14.74,96155.04,4,637.0,27.56,4,0,debt_consolidation,RENT,42,0.025340111568977728,0
7038,15929,60,19.19,49351.31,4,633.0,12.08,2,0,debt_consolidation,OWN,74,0.022604994442550846,0
7039,26326,60,11.88,48716.77,0,771.0,21.33,1,1,credit_card,MORTGAGE,20,0.019990991830841656,0
7040,31991,36,12.19,64662.82,4,672.0,19.3,2,0,debt_consolidation,RENT,51,0.023187531239466947,0
7041,49685,60,15.23,24752.53,10,701.0,26.64,1,0,credit_card,MORTGAGE,57,0.042079665383817244,0
7042,39333,60,11.57,83745.3,5,633.0,29.59,8,1,debt_consolidation,RENT,74,0.08171726739730906,0
7043,18576,60,10.68,49672.33,28,683.0,20.87,4,1,debt_consolidation,RENT,29,0.02744667167938617,0
7044,41405,36,17.5,31048.07,12,646.0,16.67,3,0,debt_consolidation,RENT,66,0.03819526121035595,0
7045,30464,36,14.89,73432.21,23,572.0,5.37,5,1,other,OWN,42,0.04464161698747281,0
7046,10243,36,14.64,,0,644.0,8.97,5,0,home_improvement,MORTGAGE,58,0.013811580830272153,0
7047,33601,36,8.54,38104.35,7,694.0,19.72,8,0,debt_consolidation,OWN,31,0.018961892446614056,0
7048,4410,60,15.77,61816.22,0,850.0,27.52,5,0,debt_consolidation,OWN,37,0.007982413706760672,0
7049,3820,60,12.33,86294.26,25,602.0,31.55,11,0,major_purchase,RENT,44,0.03567081042825182,0
7050,37289,36,8.04,49732.59,1,674.0,0.45,6,0,small_business,RENT,55,0.010269849105831886,0
7051,40650,60,14.79,35870.58,19,695.0,14.45,3,0,home_improvement,RENT,21,0.022765064217000197,0
7052,36635,36,7.2,8000.0,26,730.0,19.85,5,0,major_purchase,OWN,53,0.014871873000585309,0
7053,9465,36,4.0,23748.84,7,658.0,,4,0,small_business,RENT,69,0.0092972120725656,0
7054,34439,36,4.78,47940.66,6,646.0,14.78,2,1,debt_consolidation,RENT,60,0.026935113422448666,0
7055,29314,36,11.01,27314.07,10,725.0,15.6,5,0,credit_card,RENT,51,0.013530046344324474,0
7056,46229,60,18.16,42530.22,16,723.0,19.31,3,1,credit_card,RENT,61,0.04959397186301255,0
7057,21583,36,13.25,108200.35,10,732.0,2.84,4,1,other,RENT,50,0.012197641769344122,0
7058,29155,36,11.59,90778.65,0,721.0,14.86,4,0,credit_card,MORTGAGE,52,0.013667132885846414,0
7059,40871,36,17.28,39547.66,18,585.0,14.49,5,1,small_business,RENT,46,0.07951317181598831,0
7060,14197,36,14.04,63452.37,1,724.0,20.89,10,0,debt_consolidation,RENT,40,0.015180300659495865,0
7061,31511,60,16.1,32986.37,7,689.0,21.51,4,0,home_improvement,RENT,39,0.0279665789319899,0
7062,17424,36,15.89,99052.87,4,546.0,12.84,5,0,debt_consolidation,OWN,61,0.03491094472025229,1
7063,2240,36,10.75,61778.4,26,716.0,17.88,4,2,home_improvement,RENT,24,0.023927697148383623,0
7064,6631,60,11.07,86255.48,8,654.0,18.54,6,0,debt_consolidation,RENT,31,0.014975071947822806,0
7065,11599,36,8.67,40333.63,8,741.0,15.71,5,0,debt_consolidation,RENT,55,0.0077512477789237625,0
7066,46462,60,15.32,100031.26,0,666.0,26.17,9,0,credit_card,OWN,65,0.05146776913344222,0
7067,26658,36,7.09,49001.32,25,715.0,16.55,10,0,credit_card,OWN,22,0.012244721827435268,0
7068,39845,36,8.46,15855.32,3,709.0,35.14,2,0,debt_consolidation,MORTGAGE,51,0.03361792083920588,0
7069,34574,60,11.72,55662.31,6,616.0,11.55,6,0,debt_consolidation,OWN,26,0.025418769840138345,0
7070,38536,60,12.44,42828.15,30,760.0,24.02,3,0,small_business,OWN,20,0.01933185246970747,0
7071,43910,36,14.35,85127.17,0,631.0,26.73,3,0,debt_consolidation,OWN,39,0.05514319706209755,0
7072,9995,36,11.83,44489.54,14,625.0,9.03,4,0,credit_card,RENT,19,0.013289531911484263,0
7073,27186,60,10.55,73445.54,3,740.0,22.04,3,0,debt_consolidation,OWN,41,0.01466988462648813,0
7074,31245,36,14.89,42943.91,6,691.0,29.08,2,0,other,MORTGAGE,29,0.034111955747674824,0
7075,24813,36,15.66,38854.2,6,811.0,22.76,2,0,small_business,RENT,74,0.012052707799569384,0
7076,15276,36,5.2,60020.36,27,613.0,0.0,2,0,debt_consolidation,RENT,22,0.007825743544766815,0
7077,21989,36,16.28,73293.84,0,720.0,24.65,4,1,debt_consolidation,RENT,64,0.03590822896293123,0
7078,14746,36,10.69,20989.11,5,707.0,21.82,9,0,major_purchase,RENT,19,0.014777234302267525,0
7079,46243,60,18.39,83073.31,22,756.0,22.11,7,0,debt_consolidation,OWN,73,0.02967748005887536,0
7080,20557,36,9.4,83426.79,25,767.0,,7,1,debt_consolidation,OWN,65,0.013375563950714774,0
7081,30060,60,8.02,52386.1,4,725.0,10.22,5,0,debt_consolidation,RENT,39,0.00957479714322356,0
7082,8568,36,14.59,55243.2,3,712.0,31.2,4,0,debt_consolidation,MORTGAGE,74,0.021183118733551907,0
7083,37369,36,20.52,8000.0,7,680.0,27.99,4,0,debt_consolidation,OWN,37,0.052301071867318416,1
7084,21041,36,5.51,105066.23,16,681.0,28.04,9,0,small_business,OWN,49,0.019301542775301328,0
7085,8080,36,15.35,51957.64,1,734.0,16.15,4,0,major_purchase,OWN,27,0.010572188302909478,0
7086,15854,36,14.24,87098.67,18,715.0,20.02,8,1,credit_card,MORTGAGE,18,0.025828219018201433,0
7087,4159,36,11.87,44873.31,8,715.0,23.07,5,0,debt_consolidation,RENT,70,0.012242544956610906,0
7088,29025,60,20.29,60072.32,1,676.0,19.94,3,0,home_improvement,OWN,50,0.0328183029167042,0
7089,43081,36,4.35,73076.4,12,598.0,19.02,5,0,credit_card,RENT,48,0.03082616947395992,0
7090,6368,36,16.45,48527.07,10,642.0,24.56,4,0,major_purchase,RENT,65,0.025837781967594873,0
7091,36085,60,15.89,20870.14,10,646.0,12.25,6,1,debt_consolidation,RENT,71,0.04479626018176164,0
7092,29094,60,16.79,56853.13,17,,30.13,5,0,credit_card,RENT,47,,0
7093,48040,36,16.28,24639.79,2,746.0,18.42,6,1,debt_consolidation,OWN,27,0.040918255592329596,0
7094,3230,36,12.94,38430.11,13,675.0,11.74,3,0,credit_card,RENT,43,0.010062760660044804,0
7095,19517,60,10.78,44249.88,24,628.0,11.11,4,0,other,RENT,60,0.016234323493647475,0
7096,25991,60,9.56,61974.09,8,572.0,4.52,5,3,credit_card,MORTGAGE,35,0.07919172741216692,1
7097,3301,36,14.35,43925.08,7,654.0,22.37,5,0,debt_consolidation,OWN,58,0.018971195853607615,0
7098,30610,36,11.98,29517.1,19,622.0,11.94,10,0,debt_consolidation,RENT,58,0.024287645945598332,0
7099,17927,60,11.16,64694.4,1,730.0,18.87,7,0,debt_consolidation,RENT,52,0.012265057731351817,0
7100,36678,60,9.79,76306.26,5,722.0,19.95,4,1,debt_consolidation,RENT,29,0.028722260851277326,0
7101,26466,60,10.37,25340.58,22,634.0,0.0,7,1,debt_consolidation,RENT,26,0.019148813440970143,0
7102,16904,36,15.11,60476.84,8,701.0,15.94,5,0,debt_consolidation,RENT,52,0.015145059330532092,0
7103,42875,36,12.07,78811.17,21,686.0,34.2,4,0,credit_card,OWN,69,0.04756158731709852,0
7104,28081,36,16.84,62536.73,3,619.0,23.46,5,0,credit_card,RENT,39,0.044277963441167516,0
7105,26354,36,6.59,29739.4,6,703.0,20.31,6,1,other,RENT,46,0.023225159797750587,0
7106,29761,36,14.48,65985.69,20,685.0,15.03,8,1,debt_consolidation,MORTGAGE,21,0.033582851729930356,0
7107,20300,36,7.97,59991.27,1,730.0,0.0,5,0,major_purchase,RENT,19,0.005089364244000658,0
7108,31491,36,16.84,63800.0,25,674.0,18.8,3,0,small_business,OWN,23,0.028190356332507313,0
7109,37525,36,16.94,60944.19,4,767.0,19.74,3,0,debt_consolidation,RENT,59,0.01917286937843559,0
7110,28532,60,6.36,9535.86,29,645.0,10.15,4,1,debt_consolidation,OWN,24,0.022196806260500496,0
7111,8464,60,8.94,55661.98,21,596.0,10.91,2,0,other,RENT,68,0.014017666640209429,0
7112,18562,60,9.11,83757.27,7,693.0,13.72,6,0,debt_consolidation,OWN,70,0.011290264387520618,0
7113,43856,60,17.05,95927.15,16,752.0,19.75,6,0,other,MORTGAGE,69,0.024545379762708198,0
7114,49892,36,9.62,84859.54,9,614.0,4.83,5,0,debt_consolidation,RENT,73,0.023847021256914142,0
7115,49028,36,14.76,60645.9,22,665.0,2.52,2,0,major_purchase,OWN,51,0.01982786369044806,0
7116,44511,36,9.36,77293.84,8,715.0,23.75,6,0,debt_consolidation,OWN,42,0.024800457704390492,0
7117,10683,36,16.3,73574.81,30,547.0,13.73,3,0,credit_card,MORTGAGE,20,0.0315494887125711,0
7118,34634,60,16.7,54198.11,1,812.0,28.08,5,0,credit_card,RENT,27,0.019433730289155366,0
7119,2060,36,18.68,88732.85,12,697.0,9.54,7,0,major_purchase,RENT,65,0.010930581681485757,0
7120,11269,36,11.31,43832.92,3,655.0,16.57,5,0,debt_consolidation,OWN,70,0.015122702065007442,0
7121,25065,36,12.01,57307.81,2,731.0,27.0,5,0,debt_consolidation,RENT,46,0.019758794230152046,0
7122,4895,36,11.44,,6,682.0,27.68,3,0,debt_consolidation,MORTGAGE,44,0.017380040198988533,0
7123,17323,36,12.11,37079.5,5,649.0,18.51,8,0,other,MORTGAGE,58,0.02039938898762135,0
7124,14352,36,10.3,26604.78,0,727.0,8.64,4,1,major_purchase,RENT,39,0.011840011682275546,0
7125,46643,36,16.23,35742.03,6,703.0,3.23,7,0,debt_consolidation,OWN,47,0.01755958053061027,0
7126,40591,36,8.96,71104.09,28,,17.21,4,1,small_business,MORTGAGE,18,,0
7127,32890,60,11.42,115838.35,7,658.0,25.22,4,0,credit_card,OWN,53,0.03166396153918715,0
7128,34016,36,12.77,89945.25,4,648.0,11.68,5,0,debt_consolidation,RENT,45,0.02183893411695541,0
7129,13962,36,13.96,79569.06,28,659.0,24.01,5,1,credit_card,RENT,53,0.03855468743283998,0
7130,35302,36,7.24,99149.41,8,699.0,4.89,6,1,debt_consolidation,RENT,28,0.015979186768899502,0
7131,21846,36,11.02,67235.35,4,547.0,,6,1,debt_consolidation,RENT,34,0.05294617988764263,0
7132,6011,36,12.09,44554.11,18,738.0,24.69,6,0,other,MORTGAGE,61,0.012060569241446328,0
7133,21782,36,15.21,58465.97,2,647.0,25.71,7,1,small_business,OWN,53,0.05533315727746142,0
7134,4155,60,11.15,53311.64,3,726.0,20.14,3,1,other,OWN,74,0.01583142982449026,0
7135,41725,60,11.59,35922.71,4,646.0,14.45,2,0,home_improvement,RENT,28,0.02623693151122806,0
7136,11196,36,12.55,54791.19,6,661.0,12.54,4,0,debt_consolidation,OWN,18,0.013086774216592979,0
7137,45459,36,16.2,21002.36,9,793.0,4.7,5,1,home_improvement,RENT,74,0.01711023752240457,0
7138,23709,36,4.0,51934.49,8,618.0,13.87,2,0,debt_consolidation,RENT,33,0.014643311754191934,0
7139,15327,36,12.42,57556.66,16,649.0,29.83,2,0,credit_card,RENT,67,0.029219616087373085,0
7140,37474,36,16.68,55676.73,14,641.0,16.39,7,0,small_business,MORTGAGE,31,0.03602264622203909,0
7141,34769,36,8.69,,0,777.0,18.59,5,0,debt_consolidation,OWN,64,0.011112389814247656,0
7142,43993,36,8.99,65007.96,1,601.0,20.16,6,0,credit_card,MORTGAGE,55,0.04068968437055297,0
7143,26700,60,16.9,104116.45,2,732.0,15.09,7,0,major_purchase,OWN,72,0.016473363138776176,0
7144,16820,60,10.6,25689.58,10,583.0,24.89,2,1,other,MORTGAGE,69,0.05386012547479932,0
7145,12891,60,10.72,81908.97,25,604.0,19.31,3,0,home_improvement,RENT,34,0.02236192061157012,0
7146,36629,36,13.11,65349.32,4,632.0,16.57,2,1,debt_consolidation,MORTGAGE,73,0.048747760755817514,0
7147,7269,36,4.0,57563.63,28,660.0,12.12,4,0,debt_consolidation,OWN,72,0.007846424180732753,0
7148,45880,36,4.73,26859.14,1,741.0,24.05,1,1,credit_card,RENT,45,0.027387474564317865,0
7149,10320,36,14.32,68506.07,26,666.0,19.55,2,0,debt_consolidation,RENT,34,0.017608641243549036,0
7150,12740,36,11.02,116857.02,19,711.0,18.12,5,0,other,MORTGAGE,33,0.011711539284775158,0
7151,37897,36,11.36,71015.73,6,641.0,17.63,3,0,home_improvement,MORTGAGE,58,0.02833646764323579,0
7152,32930,36,9.37,58844.62,2,684.0,21.66,5,0,credit_card,OWN,71,0.02165766947530822,0
7153,19285,60,10.9,63717.01,6,742.0,10.08,3,0,home_improvement,MORTGAGE,38,0.007859825477112182,0
7154,16380,60,16.77,,2,718.0,9.7,3,0,debt_consolidation,OWN,33,0.01127420127076923,0
7155,13360,36,12.53,99065.29,9,714.0,20.83,4,2,debt_consolidation,MORTGAGE,50,0.03671726098312892,0
7156,7398,36,16.24,50757.02,9,569.0,24.34,4,0,debt_consolidation,OWN,31,0.039527071705862366,0
7157,7529,36,11.38,64624.37,17,643.0,5.84,4,0,credit_card,RENT,58,0.009806839357232438,0
7158,31062,36,12.08,60120.7,8,688.0,23.2,3,1,major_purchase,OWN,41,0.039363390135275074,0
7159,38686,36,13.3,48609.66,5,667.0,28.33,1,0,other,OWN,34,0.04030732069765341,0
7160,19451,60,14.11,64904.34,25,649.0,1.24,5,1,debt_consolidation,RENT,68,0.01889318615666673,0
7161,8937,36,8.61,98266.03,0,628.0,12.69,6,0,debt_consolidation,RENT,48,0.012854036855154577,0
7162,41886,36,11.9,43699.24,20,739.0,18.25,4,1,credit_card,OWN,60,0.0298495904903082,0
7163,12860,36,9.3,69210.78,6,700.0,37.47,3,0,debt_consolidation,RENT,59,0.024150577533680464,0
7164,27142,36,18.04,70063.16,2,732.0,15.67,5,0,major_purchase,OWN,24,0.01763010431473939,1
7165,27279,36,5.1,59754.71,0,822.0,14.84,1,0,major_purchase,RENT,68,0.005077630488607451,0
7166,40106,60,14.34,70759.82,2,568.0,20.45,4,0,other,RENT,53,0.05836617232718936,0
7167,47240,36,8.91,69668.58,0,696.0,11.1,6,0,debt_consolidation,OWN,45,0.017434774200676954,0
7168,37908,36,7.46,37141.58,7,666.0,17.99,3,1,debt_consolidation,OWN,69,0.03339964033475195,0
7169,42764,60,10.79,58497.07,5,751.0,16.78,8,0,small_business,OWN,34,0.01614258773153949,0
7170,16201,36,17.16,,5,739.0,28.64,4,0,credit_card,OWN,31,0.021533430219978545,0
7171,42544,36,9.43,33774.54,1,671.0,17.82,2,1,small_business,RENT,30,0.0383897029750888,0
7172,39711,36,4.78,61473.88,11,688.0,37.08,4,1,home_improvement,OWN,41,0.056169112464451935,0
7173,47654,60,8.22,59310.49,10,741.0,7.38,8,1,credit_card,RENT,40,0.018766814670608492,0
7174,10997,36,12.49,110582.57,29,723.0,16.7,4,0,debt_consolidation,RENT,52,0.01060718326949903,0
7175,42566,36,5.53,39383.83,1,790.0,18.34,8,0,credit_card,MORTGAGE,44,0.010471409706797594,0
7176,22175,60,14.88,85008.74,21,696.0,18.65,2,0,debt_consolidation,OTHER,26,0.018478427898776108,0
7177,42860,60,5.68,71832.48,0,660.0,6.91,5,0,credit_card,OWN,19,0.014169397551866941,0
7178,5225,36,10.07,85824.38,0,628.0,20.52,4,0,major_purchase,OWN,30,0.01713750315905921,0
7179,46578,60,15.28,39969.25,10,692.0,4.56,1,0,debt_consolidation,OWN,37,0.01773989653261936,0
7180,49682,36,9.99,12934.24,6,624.0,9.52,4,0,debt_consolidation,OWN,18,0.027118134192389523,0
7181,37228,36,6.63,57316.05,3,687.0,12.17,3,1,debt_consolidation,MORTGAGE,24,0.02233220778068128,0
7182,43505,36,11.64,79264.9,0,784.0,22.85,7,1,debt_consolidation,MORTGAGE,74,0.0288071902323154,0
7183,48688,36,10.03,51962.01,11,738.0,23.47,7,0,debt_consolidation,RENT,27,0.0242701157779051,0
7184,25110,36,16.85,56314.41,7,598.0,20.27,5,0,home_improvement,RENT,25,0.04178639158709409,0
7185,12754,60,15.29,109385.95,1,570.0,14.31,5,0,debt_consolidation,MORTGAGE,53,0.028525405678196593,0
7186,28655,36,14.03,41812.43,29,578.0,25.77,5,1,credit_card,OWN,50,0.0860694543571426,0
7187,45601,36,12.09,83135.45,5,644.0,14.84,9,0,home_improvement,MORTGAGE,31,0.0318644851730769,0
7188,5114,36,11.12,35478.68,4,660.0,9.99,5,0,debt_consolidation,RENT,33,0.009930935693998133,0
7189,28502,60,11.1,88754.06,8,747.0,24.52,4,0,home_improvement,MORTGAGE,65,0.016525939913223833,0
7190,22028,60,5.16,58254.71,3,728.0,0.0,4,0,home_improvement,RENT,62,0.004589244764931884,0
7191,19587,36,12.01,72208.35,3,714.0,18.12,4,0,debt_consolidation,RENT,41,0.013694660084982255,0
7192,44719,60,8.83,43936.4,29,644.0,13.08,1,0,debt_consolidation,RENT,48,0.02309168969719577,0
7193,37333,36,11.66,62354.5,3,646.0,22.82,6,1,other,RENT,24,0.056065295088501194,0
7194,5174,36,12.21,64218.94,10,640.0,19.15,4,0,debt_consolidation,OTHER,32,0.016790317915560207,0
7195,37398,60,10.06,24659.55,0,764.0,17.21,2,1,credit_card,OWN,60,0.020339525402605214,0
7196,37929,36,15.73,47667.27,1,643.0,7.56,6,0,debt_consolidation,RENT,18,0.024114781094568608,0
7197,6321,60,7.7,66679.81,0,592.0,18.55,3,0,major_purchase,MORTGAGE,66,0.01766095912415136,0
7198,32435,36,10.02,41155.89,8,670.0,20.58,4,0,debt_consolidation,MORTGAGE,21,0.022818517773677407,0
7199,47972,36,10.69,64384.05,8,773.0,14.94,6,0,debt_consolidation,MORTGAGE,26,0.014252611084423227,0
7200,9099,60,16.62,55371.78,4,676.0,17.6,6,0,credit_card,RENT,65,0.017480744176610045,0
7201,25760,60,12.12,74858.96,13,676.0,23.87,5,0,credit_card,MORTGAGE,63,0.024602428402739445,0
7202,13360,36,11.93,55788.15,10,600.0,13.26,9,1,major_purchase,RENT,19,0.03337833938640728,0
7203,12313,36,15.48,119521.94,10,712.0,6.38,4,0,credit_card,RENT,47,0.008955070168626388,0
7204,48270,60,9.91,10764.71,5,740.0,24.52,10,0,credit_card,RENT,28,0.025374711742407085,0
7205,22462,36,15.5,40174.46,4,669.0,21.91,7,1,home_improvement,MORTGAGE,19,0.0433819808759729,0
7206,7801,60,13.59,76952.35,23,725.0,23.69,4,2,credit_card,RENT,39,0.03637291409643565,0
7207,16130,60,16.95,64640.07,9,500.0,13.13,6,0,home_improvement,MORTGAGE,39,0.04766588461403545,0
7208,16271,36,10.48,70907.64,3,776.0,18.02,6,0,debt_consolidation,RENT,28,0.008361009058811094,0
7209,18075,36,10.82,8000.0,8,687.0,20.2,7,0,credit_card,OTHER,20,0.01643937348253024,0
7210,38919,36,12.57,55448.05,3,638.0,23.28,6,0,credit_card,MORTGAGE,25,0.0399284005698149,0
7211,43679,36,11.76,60154.71,2,656.0,21.24,5,0,other,RENT,30,0.03472946322699726,0
7212,20984,60,15.07,75210.13,4,810.0,13.36,3,1,debt_consolidation,MORTGAGE,45,0.012463365661154401,0
7213,24559,60,11.13,68889.29,10,693.0,18.44,9,2,major_purchase,MORTGAGE,61,0.04596939073156225,0
7214,14861,36,7.76,60326.03,8,703.0,8.29,6,0,small_business,OWN,46,0.0074565348220252976,0
7215,35434,36,17.42,57448.58,1,683.0,19.27,4,1,credit_card,OWN,72,0.04938229640559353,1
7216,18667,36,19.66,28510.82,25,647.0,32.12,6,0,credit_card,MORTGAGE,36,0.05064895701695876,0
7217,7840,36,5.73,68625.7,8,593.0,3.55,3,0,debt_consolidation,OWN,38,0.009078736937771224,0
7218,5565,36,13.92,56924.39,19,725.0,16.17,9,0,debt_consolidation,OWN,56,0.010395832784802219,0
7219,45194,36,14.99,49204.47,4,659.0,16.13,5,0,debt_consolidation,RENT,64,0.0337181269910101,0
7220,22977,36,12.97,59671.9,28,674.0,19.22,6,0,home_improvement,OWN,55,0.020690764907396773,0
7221,23118,60,18.3,51006.12,16,744.0,15.22,3,1,debt_consolidation,RENT,61,0.024177930728656243,0
7222,24641,36,6.63,23822.08,7,725.0,8.3,6,1,debt_consolidation,RENT,53,0.012325535339564899,0
7223,9366,60,9.75,76422.78,25,654.0,20.65,5,0,debt_consolidation,OWN,58,0.015934905975160438,0
7224,28636,60,12.43,106796.14,14,710.0,23.21,2,1,debt_consolidation,OWN,67,0.03333062129498175,0
7225,17630,36,15.68,66931.15,6,724.0,28.52,7,0,credit_card,OWN,56,0.023053821827277676,0
7226,22056,36,16.83,67384.37,29,635.0,21.36,5,1,debt_consolidation,RENT,42,0.05350553582432414,0
7227,9382,36,7.18,97489.07,4,655.0,25.76,6,0,debt_consolidation,MORTGAGE,32,0.017242925831090786,0
7228,18149,36,4.89,107579.23,3,698.0,10.99,7,0,small_business,RENT,20,0.007994934975786962,0
7229,48041,60,15.12,55606.37,24,726.0,12.84,2,0,major_purchase,MORTGAGE,45,0.0207228041626396,0
7230,2992,36,12.47,41944.61,14,704.0,2.63,4,1,debt_consolidation,MORTGAGE,28,0.009513729867883937,0
7231,8858,36,12.66,70911.67,5,704.0,24.85,4,0,debt_consolidation,RENT,29,0.015830806604733908,0
7232,4121,36,15.22,63937.93,3,655.0,16.62,5,0,credit_card,OWN,49,0.015956874237914555,0
7233,29160,60,8.76,84155.06,2,625.0,20.42,6,1,small_business,RENT,21,0.04302483224619794,0
7234,47156,36,11.04,60093.33,4,710.0,24.42,5,0,major_purchase,OWN,71,0.02965330036211366,0
7235,22906,36,14.09,61918.73,1,639.0,25.82,7,0,debt_consolidation,RENT,29,0.034939257202914714,0
7236,21572,36,8.2,35991.69,1,653.0,13.74,3,0,credit_card,OWN,23,0.014105841529910911,0
7237,6136,60,9.83,,18,571.0,12.53,8,0,small_business,MORTGAGE,42,0.01833244988593892,0
7238,18727,36,12.42,44115.94,0,645.0,14.52,4,0,major_purchase,RENT,49,0.017921678374109507,0
7239,34167,36,14.09,30165.0,7,655.0,9.49,3,0,home_improvement,RENT,43,0.02018231090174291,0
7240,47421,36,6.21,8000.0,6,621.0,19.17,6,0,major_purchase,OTHER,61,0.0326006235605834,0
7241,17479,36,14.67,57470.44,28,626.0,26.26,6,0,small_business,MORTGAGE,65,0.035144168213375,0
7242,33376,36,13.75,42240.53,7,685.0,3.23,2,0,debt_consolidation,RENT,40,0.012669841577578805,0
7243,6823,36,8.63,54157.47,1,712.0,14.82,11,0,credit_card,OWN,49,0.008566946985724534,0
7244,6920,36,21.0,47781.65,0,713.0,7.21,0,0,debt_consolidation,RENT,73,0.010444296687186454,0
7245,21585,36,8.2,50867.43,15,718.0,11.22,4,0,small_business,RENT,62,0.008770954463914071,0
7246,40239,36,14.94,39413.05,1,740.0,14.24,3,0,credit_card,OWN,55,0.017316624061270856,0
7247,19272,36,13.11,41302.13,27,755.0,28.04,6,0,debt_consolidation,OTHER,19,0.016998926787547452,0
7248,28619,36,10.35,36271.97,9,670.0,31.41,2,0,debt_consolidation,RENT,63,0.032179407575844914,0
7249,11533,36,12.36,55082.63,6,653.0,23.91,6,0,debt_consolidation,OTHER,63,0.021818436012598637,0
7250,41895,60,14.13,31370.27,13,725.0,18.81,7,0,major_purchase,RENT,71,0.023357557881333767,0
7251,5720,36,23.42,91445.38,2,594.0,19.02,5,0,debt_consolidation,OWN,23,0.03850134464548553,0
7252,21267,36,6.21,59773.62,5,674.0,24.0,3,2,debt_consolidation,RENT,48,0.04443989771386094,0
7253,17696,36,4.0,21614.51,0,629.0,24.37,2,1,debt_consolidation,RENT,42,0.0300238330434544,0
7254,31968,36,7.96,65494.46,24,633.0,22.99,8,0,small_business,RENT,56,0.02899973638518866,0
7255,25345,36,11.88,37546.71,6,648.0,26.05,5,1,major_purchase,RENT,54,0.04996861084854625,0
7256,27693,36,14.66,86123.55,17,722.0,12.79,6,1,major_purchase,MORTGAGE,33,0.023578939230268048,0
7257,21385,60,12.39,44670.12,26,809.0,16.59,8,1,home_improvement,RENT,44,0.013213691278716244,0
7258,20122,60,11.39,94834.0,11,726.0,23.89,4,0,debt_consolidation,MORTGAGE,34,0.015697064354812044,0
7259,3364,60,18.15,84992.82,5,569.0,14.24,2,1,credit_card,MORTGAGE,23,0.043122932290201706,0
7260,4708,60,8.84,151005.79,10,667.0,35.98,5,1,debt_consolidation,MORTGAGE,73,0.038175428509663864,0
7261,14982,60,18.65,62436.51,5,641.0,23.38,2,0,debt_consolidation,OWN,70,0.032025911789017855,0
7262,19308,60,14.48,77237.74,9,,14.77,3,0,credit_card,RENT,50,,0
7263,34919,36,18.0,60315.01,6,669.0,31.6,5,0,debt_consolidation,RENT,39,0.054597637743337334,0
7264,27161,36,8.23,62126.31,1,637.0,24.25,3,0,credit_card,MORTGAGE,24,0.026153262343156538,0
7265,37089,36,10.59,90824.5,18,631.0,12.12,8,0,small_business,RENT,55,0.024128905082039406,0
7266,15865,36,6.15,79313.76,8,721.0,19.66,8,0,home_improvement,OWN,71,0.01010268485424228,0
7267,2495,36,13.2,57697.62,2,691.0,11.56,10,0,debt_consolidation,MORTGAGE,56,0.009720982939621939,0
7268,46755,60,13.28,93021.44,24,778.0,21.42,6,1,debt_consolidation,OTHER,44,0.032229898937810954,0
7269,4148,36,20.03,85031.94,22,607.0,9.51,4,1,major_purchase,OWN,73,0.03269979779449907,0
7270,35324,36,12.32,98913.95,9,593.0,19.08,6,0,debt_consolidation,OWN,69,0.04060857110198259,0
7271,15393,36,5.93,90507.83,29,661.0,17.48,7,0,credit_card,OWN,40,0.012837805300947575,0
7272,3552,36,15.78,51163.98,26,650.0,21.64,8,0,debt_consolidation,OWN,59,0.020951724383696326,0
7273,37853,36,8.35,48487.31,25,719.0,22.84,12,1,major_purchase,OTHER,36,0.03370444556030118,0
7274,34924,36,6.92,49362.96,1,705.0,22.79,6,0,debt_consolidation,OTHER,28,0.018634687771474038,0
7275,10926,36,14.81,79521.9,4,715.0,19.41,6,1,credit_card,RENT,36,0.023099360818597,1
7276,32851,36,8.93,93572.48,6,587.0,9.92,6,0,other,OWN,26,0.023853540061410588,0
7277,25889,36,9.6,,21,664.0,19.62,2,0,debt_consolidation,MORTGAGE,67,0.019238421340157817,0
7278,41930,36,17.61,24298.17,23,566.0,15.52,5,0,credit_card,RENT,56,0.059743068139638304,0
7279,10055,36,14.05,42136.98,16,744.0,30.76,2,0,debt_consolidation,RENT,41,0.016956535510200765,0
7280,6654,36,14.39,77081.26,7,630.0,23.6,5,0,debt_consolidation,RENT,37,0.02452049145128582,0
7281,24634,36,6.49,90724.64,1,678.0,,4,0,credit_card,RENT,35,0.012606949227250525,0
7282,34363,36,14.82,67702.7,0,591.0,19.92,2,0,debt_consolidation,MORTGAGE,57,0.04517690834533087,0
7283,13468,36,10.89,98199.86,13,631.0,37.54,8,0,debt_consolidation,OTHER,25,0.04146565101105471,0
7284,34922,36,10.22,12734.45,30,661.0,10.71,2,0,credit_card,OWN,70,0.01698723376715096,0
7285,42718,36,13.63,54766.29,5,673.0,22.57,8,0,major_purchase,OWN,28,0.03663811635646922,0
7286,19380,36,12.03,95428.48,9,685.0,14.62,8,0,debt_consolidation,MORTGAGE,25,0.014685503865336349,0
7287,28870,60,6.15,68478.5,20,722.0,,11,0,small_business,MORTGAGE,70,0.011128004896474272,0
7288,39394,36,15.81,39873.9,2,742.0,12.68,7,1,other,MORTGAGE,53,0.028019909776655243,0
7289,16259,36,16.19,79746.03,21,720.0,17.05,4,0,home_improvement,OWN,72,0.014581396861810276,0
7290,16873,36,9.65,63435.37,10,687.0,22.99,6,0,major_purchase,OWN,74,0.016750414261469514,0
7291,15016,36,14.44,48450.76,9,642.0,7.34,4,2,home_improvement,OWN,30,0.03746800277750367,0
7292,44137,36,15.65,20709.5,17,663.0,16.7,4,1,home_improvement,RENT,18,0.05443578768380509,0
7293,2153,60,4.53,77406.19,3,677.0,22.28,6,0,home_improvement,MORTGAGE,63,0.010038483630309111,0
7294,9853,60,9.94,32832.06,10,701.0,0.0,8,0,debt_consolidation,RENT,57,0.00558572310807875,0
7295,14379,36,4.0,113554.57,3,629.0,24.81,4,0,major_purchase,RENT,49,0.017915343296564596,0
7296,17792,60,14.54,15438.43,2,672.0,8.97,5,0,debt_consolidation,RENT,44,0.013514839217498244,0
7297,40367,36,13.79,61370.2,10,732.0,8.52,7,0,credit_card,RENT,26,0.01428214509605401,0
7298,20100,36,9.38,78788.73,3,738.0,28.18,5,0,small_business,OWN,24,0.015831429824490244,0
7299,49553,36,11.4,34574.2,14,655.0,13.22,5,0,debt_consolidation,RENT,70,0.028191452179594102,0
7300,13049,36,10.53,42261.73,8,647.0,3.88,1,0,credit_card,OWN,63,0.009199901678238712,0
7301,2786,36,4.0,81255.28,13,687.0,19.79,8,0,credit_card,RENT,23,0.008622844705279834,0
7302,6368,36,17.2,36232.2,24,676.0,26.22,4,0,other,RENT,62,0.023434329020281978,0
7303,32699,36,13.02,108015.82,1,571.0,11.32,7,0,debt_consolidation,RENT,34,0.03395350092581291,0
7304,49691,36,11.42,61390.91,0,784.0,20.44,4,0,debt_consolidation,MORTGAGE,58,0.017436830016064195,0
7305,39040,36,11.45,49512.38,6,640.0,18.05,4,0,debt_consolidation,RENT,62,0.030040728641933166,0
7306,29454,36,14.83,,14,652.0,9.59,6,0,credit_card,OWN,30,0.020078556578081403,0
7307,40762,36,5.65,33535.45,24,605.0,11.01,5,0,other,RENT,67,0.022056166840095464,0
7308,25600,36,8.5,103244.02,0,741.0,23.01,6,1,small_business,MORTGAGE,43,0.022344000901668725,0
7309,31238,36,12.85,35440.53,19,638.0,24.67,3,0,credit_card,MORTGAGE,26,0.03577966901945549,0
7310,27241,60,16.46,91487.2,0,705.0,18.77,6,0,debt_consolidation,OWN,47,0.02185175499188086,0
7311,21810,36,4.0,106610.24,9,718.0,0.0,5,0,credit_card,OWN,49,0.004624278116278176,0
7312,22167,60,15.98,57400.44,5,642.0,33.46,1,0,other,OWN,63,0.046919768438294256,0
7313,23811,36,9.17,57320.75,0,634.0,31.61,4,0,debt_consolidation,RENT,37,0.03506423057549944,0
7314,41779,36,10.85,52873.01,0,695.0,24.03,7,0,debt_consolidation,RENT,32,0.029008748543961033,0
7315,22085,60,12.14,40452.48,5,560.0,9.65,5,0,credit_card,RENT,52,0.025949773204553068,0
7316,48854,36,7.58,62119.91,28,720.0,8.01,4,0,credit_card,OWN,33,0.012698143792357862,0
7317,11261,36,7.04,82668.57,1,665.0,17.57,6,0,debt_consolidation,RENT,63,0.012128674613333387,0
7318,20733,36,12.83,74699.86,3,636.0,13.06,4,0,small_business,MORTGAGE,51,0.018938467700396963,0
7319,41779,36,19.58,72716.01,30,647.0,27.2,6,0,debt_consolidation,MORTGAGE,58,0.06480210935742424,0
7320,31079,36,8.22,41662.47,7,666.0,26.01,7,1,other,RENT,70,0.04298285464623509,0
7321,35980,36,8.18,33058.78,3,655.0,6.11,7,0,home_improvement,RENT,56,0.014245026358061158,0
7322,16141,60,7.11,104195.95,10,763.0,27.42,6,1,small_business,RENT,69,0.018112400976995163,0
7323,11344,36,11.1,26625.5,6,611.0,16.16,3,0,credit_card,RENT,60,0.01874840890826823,0
7324,41472,36,8.07,56203.28,22,623.0,12.58,6,0,credit_card,OWN,63,0.024319421189425604,0
7325,17896,60,8.16,78807.73,0,681.0,17.52,4,0,credit_card,OWN,26,0.013005655604051676,0
7326,25817,36,12.84,98028.28,30,747.0,8.4,1,0,credit_card,MORTGAGE,42,0.008769563529268365,0
7327,31813,36,6.22,60536.11,0,657.0,,7,0,home_improvement,OWN,18,0.01671257570758849,0
7328,20895,36,18.49,66858.87,8,623.0,16.64,9,0,debt_consolidation,MORTGAGE,36,0.03260945530676561,0
7329,2143,36,7.3,48186.53,13,685.0,26.71,8,0,debt_consolidation,RENT,30,0.01333761079174922,0
7330,12681,36,16.53,103270.72,9,720.0,26.59,4,0,debt_consolidation,RENT,28,0.02010887911137844,0
7331,9367,36,19.89,94307.5,4,717.0,13.56,1,0,credit_card,RENT,64,0.013154364822390305,0
7332,5228,36,16.79,,22,600.0,18.89,4,0,major_purchase,OWN,21,0.02633060153901361,0
7333,6582,60,16.3,76407.55,6,717.0,12.04,7,0,small_business,MORTGAGE,32,0.010417871672914166,0
7334,15147,60,15.18,57100.0,4,653.0,28.42,9,1,credit_card,MORTGAGE,57,0.05318839002384386,0
7335,13397,36,12.86,67809.28,17,593.0,14.01,6,0,debt_consolidation,OWN,29,0.022386419003470163,0
7336,40799,60,16.72,39966.21,1,736.0,23.3,2,0,credit_card,MORTGAGE,73,0.027598160827409155,0
7337,39011,36,10.96,11142.98,2,583.0,25.99,10,0,credit_card,OTHER,40,0.05840465591615476,0
7338,15647,36,15.46,32284.9,3,598.0,31.1,6,1,debt_consolidation,OWN,22,0.07958053343107303,0
7339,29718,36,16.43,46109.88,6,741.0,26.6,2,0,debt_consolidation,MORTGAGE,52,0.024218071898351814,0
7340,46264,36,14.03,47530.61,0,593.0,15.76,6,0,credit_card,RENT,40,0.04784232218102914,0
7341,44317,60,10.92,8000.0,30,641.0,29.64,6,0,small_business,OWN,74,0.05126797958743927,0
7342,49914,36,13.95,67785.34,10,624.0,26.51,5,0,credit_card,OWN,32,0.06369590719089274,0
7343,21097,36,10.52,24764.93,29,667.0,6.63,3,1,debt_consolidation,MORTGAGE,22,0.017830384877569647,0
7344,38953,36,9.82,59020.15,20,636.0,26.79,2,0,debt_consolidation,MORTGAGE,23,0.03900272716998269,0
7345,47254,36,15.15,30402.83,1,619.0,21.59,5,0,small_business,OWN,31,0.05479411364371142,0
7346,42096,36,12.58,15267.58,2,706.0,16.95,7,0,small_business,RENT,29,0.02259704196624605,0
7347,19107,60,15.1,58755.77,0,718.0,17.08,7,1,debt_consolidation,MORTGAGE,34,0.02490029685787567,0
7348,5010,60,12.61,54987.31,21,628.0,17.77,6,0,debt_consolidation,OWN,64,0.017697081374590758,0
7349,7555,36,14.04,62363.02,9,702.0,15.1,5,0,credit_card,RENT,73,0.011487974674234137,0
7350,2067,36,17.59,99905.62,2,832.0,21.32,7,0,debt_consolidation,RENT,59,0.007403583596848048,0
7351,30412,36,11.35,77743.63,29,679.0,26.61,8,0,debt_consolidation,RENT,24,0.02920260139591943,1
7352,46953,60,10.39,109274.1,15,680.0,9.55,4,1,credit_card,OWN,38,0.030785564142743155,0
7353,36305,36,13.72,52323.63,14,675.0,3.04,8,0,home_improvement,MORTGAGE,62,0.014974776934301246,0
7354,13549,36,4.0,41958.32,3,682.0,18.38,5,1,debt_consolidation,RENT,49,0.016531466784980176,0
7355,7680,60,14.84,71466.69,4,677.0,26.11,3,0,credit_card,MORTGAGE,67,0.021000189242463295,0
7356,27739,36,8.55,106459.36,12,572.0,23.67,6,0,major_purchase,MORTGAGE,26,0.0394330267387394,0
7357,23209,36,18.7,32026.71,9,698.0,14.26,9,0,debt_consolidation,MORTGAGE,24,0.020264342174053113,0
7358,43515,36,15.16,95003.96,10,640.0,16.06,3,0,debt_consolidation,MORTGAGE,27,0.035940091886830165,0
7359,24432,36,15.66,71877.54,24,615.0,2.81,5,0,home_improvement,MORTGAGE,74,0.017881242095695356,0
7360,17116,36,15.76,48968.88,1,595.0,28.92,2,1,credit_card,OWN,66,0.0749601623891898,0
7361,22045,36,10.16,97582.11,0,611.0,14.4,6,0,debt_consolidation,MORTGAGE,35,0.021225458239721086,0
7362,28327,36,10.96,30009.46,9,780.0,19.1,6,0,other,OWN,45,0.011080128827611231,0
7363,37709,36,5.23,76689.47,8,643.0,15.69,3,1,home_improvement,RENT,20,0.031227823379395715,0
7364,45617,60,17.98,55361.22,6,649.0,11.19,1,0,small_business,RENT,37,0.03308405896469169,0
7365,28905,36,6.85,87936.52,25,736.0,,5,0,debt_consolidation,OWN,61,0.009997226897023948,0
7366,9067,60,11.94,68373.01,9,730.0,14.22,3,0,credit_card,RENT,71,0.008553198376159452,0
7367,34559,36,16.9,87427.03,9,644.0,12.82,7,0,debt_consolidation,OWN,32,0.029454259435546196,0
7368,44919,36,18.14,61204.83,5,619.0,23.67,4,0,credit_card,OWN,46,0.06465681447367781,0
7369,19985,36,11.0,49127.9,5,769.0,23.91,8,0,major_purchase,MORTGAGE,31,0.012396097544400434,0
7370,29369,36,5.18,57977.92,30,710.0,16.04,7,0,small_business,RENT,48,0.011520726013137268,0
7371,19864,36,12.92,64574.2,10,643.0,19.0,7,0,other,RENT,53,0.023322908777955256,0
7372,24614,36,13.33,68808.38,21,767.0,29.9,3,1,other,RENT,65,0.030259450854129104,0
7373,49894,36,13.7,77059.58,7,655.0,5.33,4,0,credit_card,MORTGAGE,45,0.023114258922330166,0
7374,17613,36,10.78,60412.87,2,637.0,,3,0,debt_consolidation,OWN,74,0.017111582972563738,0
7375,8447,60,11.45,76991.25,4,615.0,30.86,9,0,small_business,MORTGAGE,45,0.0331128616199309,0
7376,7499,36,9.22,115470.82,5,600.0,24.32,5,0,debt_consolidation,OWN,21,0.02374805641606544,0
7377,41041,36,12.63,41900.6,9,689.0,21.51,6,1,debt_consolidation,MORTGAGE,64,0.04691887408032326,0
7378,33315,36,15.21,85116.48,1,484.0,21.52,5,0,other,MORTGAGE,64,0.0897737972852908,0
7379,3299,36,13.05,42980.34,6,605.0,6.24,3,1,debt_consolidation,RENT,28,0.020194970779494257,0
7380,41469,60,11.82,36413.81,0,676.0,22.69,4,1,credit_card,RENT,68,0.050305783729189445,0
7381,6994,36,16.5,95888.96,8,750.0,26.82,4,0,debt_consolidation,RENT,32,0.015182393781841025,0
7382,31878,36,13.03,37480.72,28,716.0,8.02,8,1,debt_consolidation,OWN,32,0.02071144292529025,0
7383,17627,36,12.12,59367.89,5,754.0,9.98,5,0,debt_consolidation,OWN,31,0.007643248211921347,0
7384,9489,60,12.31,39994.69,0,672.0,29.71,7,0,debt_consolidation,RENT,19,0.023699418497048843,0
7385,28111,36,7.16,120453.95,10,802.0,16.12,8,0,major_purchase,OWN,18,0.007267997026338077,0
7386,34355,36,7.64,59292.35,10,580.0,25.3,4,0,major_purchase,RENT,39,0.042741627846928726,0
7387,10269,36,11.5,32483.65,7,634.0,,6,1,debt_consolidation,RENT,74,0.026246641710113705,0
7388,4831,36,9.05,38298.08,6,729.0,23.35,7,0,home_improvement,RENT,19,0.010242847047901692,0
7389,46370,36,11.82,113041.12,24,,23.2,6,0,debt_consolidation,MORTGAGE,18,,0
7390,13819,60,15.43,54644.61,27,628.0,1.43,6,0,debt_consolidation,OWN,28,0.012705668132669089,0
7391,26813,60,14.82,57957.86,12,697.0,24.17,3,1,debt_consolidation,OWN,74,0.04077955755229635,0
7392,23637,36,13.57,97110.15,8,643.0,13.67,7,0,debt_consolidation,OWN,46,0.02104217098060332,0
7393,3996,36,15.38,91837.87,0,652.0,20.68,3,0,credit_card,OWN,18,0.01878228920698506,0
7394,46387,36,16.12,38041.99,4,793.0,16.03,1,0,other,RENT,58,0.01593678780263904,0
7395,5089,36,15.98,40113.19,4,740.0,25.85,6,0,credit_card,RENT,31,0.014843769841037694,0
7396,35291,36,15.88,46177.28,0,717.0,26.97,6,0,small_business,MORTGAGE,52,0.03187991335387402,0
7397,22659,36,7.2,51822.06,22,713.0,29.4,2,1,debt_consolidation,RENT,20,0.028781462238006976,0
7398,47178,60,4.44,80807.66,23,613.0,28.21,4,0,credit_card,RENT,70,0.04335376964711804,0
7399,32429,36,8.88,57827.24,26,622.0,26.51,3,0,debt_consolidation,OWN,48,0.03560482434078809,0
7400,17732,60,10.17,52344.43,16,716.0,16.94,4,0,debt_consolidation,RENT,55,0.01137091996175882,0
7401,21506,36,15.71,60125.55,14,737.0,16.66,5,1,debt_consolidation,RENT,47,0.023203391441202804,0
7402,42935,36,11.61,45866.49,7,738.0,14.19,6,1,debt_consolidation,OWN,52,0.02630856243929744,0
7403,7190,36,10.08,98896.5,22,652.0,12.03,3,1,debt_consolidation,RENT,71,0.01793329839544969,0
7404,6575,60,12.65,42580.55,8,627.0,5.51,6,0,debt_consolidation,OWN,42,0.011344644620954074,0
7405,42495,36,14.14,60669.4,0,705.0,22.82,7,0,credit_card,RENT,71,0.03105945445999285,0
7406,36565,60,15.1,75436.67,9,593.0,17.79,4,0,credit_card,OTHER,24,0.0443575883967295,0
7407,36899,60,10.35,76871.86,6,652.0,19.47,7,0,debt_consolidation,RENT,53,0.027713792495163217,0
7408,25706,36,8.17,50271.5,8,748.0,23.59,8,0,debt_consolidation,RENT,58,0.0134959205823987,0
7409,49668,36,8.89,87411.45,7,646.0,18.34,4,0,credit_card,MORTGAGE,53,0.03184413103038373,0
7410,24884,60,12.48,113577.84,8,723.0,15.07,10,0,debt_consolidation,RENT,51,0.013877387273075711,0
7411,19199,36,7.79,105054.14,0,555.0,16.46,2,0,credit_card,OWN,22,0.025878589013713524,0
7412,46100,36,15.79,8000.0,0,667.0,13.26,6,0,other,OWN,60,0.03076587728341358,0
7413,41434,36,7.83,57918.62,5,612.0,26.15,5,0,debt_consolidation,MORTGAGE,33,0.0428678230006176,0
7414,14479,60,5.77,43453.67,3,562.0,7.24,1,0,debt_consolidation,MORTGAGE,27,0.014142602792717354,1
7415,36178,36,12.62,73903.11,3,638.0,21.53,3,0,home_improvement,OWN,58,0.034481577052702536,0
7416,14665,60,10.9,86302.86,27,673.0,18.89,6,0,debt_consolidation,OWN,67,0.015764571699785738,0
7417,2534,36,13.88,31268.88,20,658.0,7.12,5,0,credit_card,RENT,65,0.009770974984429158,0
7418,28292,36,10.0,81698.44,0,688.0,16.51,8,0,debt_consolidation,OWN,24,0.016761617432269442,0
7419,38132,36,13.61,59337.77,0,710.0,23.06,6,1,credit_card,MORTGAGE,39,0.04375283540693297,0
7420,38110,36,16.03,53439.94,18,702.0,16.47,7,0,debt_consolidation,RENT,30,0.024855660190488595,0
7421,24469,60,9.51,73215.93,30,676.0,11.85,6,0,home_improvement,OWN,62,0.013293204029563443,0
7422,48233,60,14.05,56368.98,7,699.0,18.43,10,1,credit_card,MORTGAGE,23,0.050228444406956736,0
7423,39268,60,19.18,88322.03,6,593.0,6.5,9,0,debt_consolidation,RENT,68,0.03865563964682479,0
7424,3172,60,15.09,50154.58,3,603.0,13.51,9,0,credit_card,MORTGAGE,68,0.019461571666672783,0
7425,29914,36,8.83,93334.73,11,613.0,,3,0,other,MORTGAGE,41,0.022793557543130852,0
7426,22901,36,13.34,59470.38,7,681.0,19.98,7,1,major_purchase,MORTGAGE,19,0.03416537234652416,0
7427,42775,36,6.79,8000.0,1,730.0,26.62,4,0,other,RENT,28,0.021244163742951343,0
7428,36409,60,7.37,39923.38,7,779.0,21.46,3,0,debt_consolidation,MORTGAGE,21,0.011670867418027598,0
7429,21324,36,17.97,57386.92,5,705.0,31.66,9,0,other,OTHER,52,0.035618561740767614,0
7430,10738,60,13.63,69239.65,24,582.0,26.42,4,0,debt_consolidation,RENT,58,0.037364995636419235,1
7431,39494,36,18.15,57533.38,17,699.0,,4,0,credit_card,RENT,23,0.02642614053291494,0
7432,46557,60,13.7,42569.91,13,727.0,16.4,5,0,credit_card,OWN,60,0.022099347486237816,0
7433,26054,36,9.82,104523.58,4,648.0,21.2,5,1,other,MORTGAGE,48,0.03812845715909283,0
7434,31709,36,12.17,95103.53,1,661.0,12.16,3,0,major_purchase,OWN,43,0.018763132100788192,0
7435,45785,60,13.07,29820.88,23,735.0,21.78,9,1,home_improvement,MORTGAGE,28,0.041902662847410344,0
7436,22107,60,20.85,38942.58,5,671.0,21.28,5,0,debt_consolidation,RENT,73,0.0326044083116062,0
7437,2363,36,14.81,67978.36,9,686.0,20.34,3,0,credit_card,OWN,48,0.014278203745787635,0
7438,12358,60,9.03,56192.2,9,658.0,17.32,3,2,home_improvement,MORTGAGE,35,0.03638483294970158,0
7439,38077,60,11.23,8000.0,26,746.0,10.03,6,0,credit_card,OWN,62,0.011638154378756831,0
7440,5240,36,13.89,42026.0,1,589.0,21.26,5,2,debt_consolidation,RENT,57,0.07015570620204807,1
7441,8665,36,7.65,78326.34,17,664.0,18.62,4,0,credit_card,RENT,39,0.012207766959401579,0
7442,47689,36,11.93,62803.57,7,651.0,12.06,8,0,credit_card,OWN,34,0.028104461282229563,0
7443,3936,36,11.18,36721.94,1,645.0,18.47,5,0,credit_card,OTHER,63,0.014869236104783315,0
7444,48736,60,13.94,46022.07,21,610.0,15.14,5,0,credit_card,MORTGAGE,20,0.04382736849120403,0
7445,27538,36,11.6,54418.68,20,759.0,21.97,11,1,credit_card,RENT,61,0.024496105658554403,0
7446,45965,36,6.41,124018.17,0,658.0,22.03,1,0,credit_card,OTHER,43,0.027464828992577003,0
7447,13998,36,11.82,60905.41,14,637.0,13.79,4,0,debt_consolidation,RENT,65,0.01615180187977873,0
7448,2882,36,15.07,41921.26,1,728.0,17.61,0,0,debt_consolidation,RENT,45,0.009927593264806035,0
7449,22224,36,17.78,105077.37,10,680.0,14.18,1,0,credit_card,OWN,28,0.019468060885262983,0
7450,41691,36,15.85,74492.02,10,576.0,29.55,3,1,major_purchase,RENT,62,0.13381039416044163,1
7451,48476,36,5.62,39866.52,11,564.0,15.36,5,0,home_improvement,RENT,68,0.038453988317584134,0
7452,32825,36,6.65,60483.36,0,672.0,20.35,6,1,credit_card,MORTGAGE,68,0.03170691559298566,0
7453,7204,60,7.77,55210.39,10,712.0,32.47,4,0,home_improvement,OWN,70,0.015510286509195167,0
7454,30885,36,18.02,73715.39,0,674.0,0.0,9,0,debt_consolidation,MORTGAGE,24,0.014989534623913196,0
7455,42056,36,13.98,28564.34,16,594.0,23.15,5,0,credit_card,MORTGAGE,29,0.05743884427234861,0
7456,5203,36,22.56,30210.21,0,736.0,22.1,3,0,debt_consolidation,MORTGAGE,31,0.017637379887799124,0
7457,4244,36,17.14,53570.79,17,632.0,13.1,6,0,home_improvement,OWN,34,0.01770368846540701,0
7458,34786,36,12.38,37995.08,24,808.0,6.99,5,0,debt_consolidation,MORTGAGE,37,0.0070079321788917605,0
7459,5083,60,10.18,85430.28,4,670.0,14.44,4,1,debt_consolidation,OWN,18,0.017263611652676297,0
7460,23584,36,13.5,34288.89,18,710.0,15.84,4,0,home_improvement,OWN,45,0.014924413702401456,1
7461,10521,60,15.36,120186.4,6,747.0,20.67,7,0,debt_consolidation,RENT,62,0.012657338355126137,0
7462,35541,36,16.84,56205.19,19,696.0,7.01,2,0,debt_consolidation,OWN,34,0.01674481543655718,0
7463,31063,60,10.84,63288.03,13,676.0,10.26,6,0,credit_card,MORTGAGE,64,0.015182094746966537,0
7464,6732,60,20.77,68775.66,4,724.0,14.21,1,0,other,RENT,56,0.012837551843495968,0
7465,29518,36,11.82,58177.38,2,662.0,34.19,7,0,credit_card,OWN,29,0.042982031947177805,0
7466,41563,36,16.73,89492.37,26,692.0,14.99,5,0,home_improvement,OWN,38,0.026997562583280864,0
7467,41752,36,13.35,63639.46,21,669.0,11.57,6,1,major_purchase,RENT,68,0.03773651909463189,0
7468,31697,36,10.58,46964.67,11,,24.34,2,0,major_purchase,OWN,24,,0
7469,4567,60,4.15,25874.64,5,730.0,4.97,6,0,major_purchase,MORTGAGE,41,0.00378710164139558,0
7470,18121,36,7.04,69782.94,8,607.0,11.02,2,0,credit_card,RENT,57,0.014531764293767279,0
7471,3674,36,16.71,82859.79,9,652.0,2.13,3,0,other,OWN,20,0.00958599370346869,0
7472,12875,60,15.01,28315.84,0,650.0,17.27,3,0,small_business,RENT,69,0.0194322058629299,0
7473,46340,60,14.37,50471.73,29,739.0,13.37,4,0,debt_consolidation,OWN,64,0.018635053523718907,0
7474,2739,36,18.22,84142.04,0,672.0,28.63,3,0,credit_card,MORTGAGE,31,0.025555375671767633,0
7475,3545,60,8.08,38716.16,15,624.0,19.6,6,0,debt_consolidation,RENT,72,0.015140883505244474,0
7476,31140,36,10.11,38488.54,8,562.0,17.49,5,0,credit_card,OWN,68,0.037539475229639574,0
7477,11327,36,10.38,56210.51,17,748.0,,3,1,credit_card,RENT,65,0.01258655079373644,0
7478,7127,36,6.65,92883.16,3,679.0,15.91,9,0,debt_consolidation,RENT,68,0.009731963268927883,0
7479,25331,60,8.8,82964.66,6,668.0,25.36,4,1,home_improvement,OWN,26,0.037076879285814504,0
7480,25004,36,7.71,92901.79,8,675.0,10.36,4,3,debt_consolidation,OWN,62,0.04926506931513678,0
7481,43833,36,5.72,35159.09,0,747.0,24.93,3,1,debt_consolidation,RENT,37,0.0281367104646522,0
7482,12492,36,8.41,43510.98,22,706.0,8.85,6,1,debt_consolidation,OWN,60,0.012108562065413353,0
7483,15749,36,11.74,55539.54,30,567.0,16.24,7,1,major_purchase,OWN,55,0.04607036540536122,0
7484,25508,36,19.15,,6,715.0,23.78,3,1,home_improvement,MORTGAGE,58,0.043474204290071025,0
7485,11045,60,7.92,40580.13,5,573.0,22.92,6,0,major_purchase,MORTGAGE,21,0.02674496313988802,0
7486,22116,36,16.29,72020.58,9,723.0,11.02,9,1,credit_card,RENT,38,0.021873139470845578,0
7487,20667,36,12.88,19254.71,13,652.0,13.31,4,0,debt_consolidation,RENT,24,0.017425183543078003,0
7488,11521,60,13.75,63740.18,23,724.0,17.36,7,0,credit_card,MORTGAGE,71,0.01198928747094454,0
7489,10669,60,12.58,101546.58,5,728.0,32.0,3,0,major_purchase,RENT,29,0.01860362455712537,0
7490,29302,36,4.59,61962.54,17,642.0,31.65,4,1,major_purchase,RENT,29,0.04831647260868115,0
7491,13283,36,7.79,39194.57,3,679.0,27.13,7,0,debt_consolidation,OWN,32,0.01774686795438329,0
7492,32935,60,14.29,27989.31,12,694.0,25.05,1,0,credit_card,RENT,32,0.028503798493948965,0
7493,8998,60,12.18,69020.21,7,637.0,7.16,3,1,credit_card,OWN,39,0.0185850110181345,1
7494,30806,36,5.42,103409.45,11,636.0,27.77,8,0,credit_card,RENT,19,0.029653300362113645,0
7495,33624,36,11.13,65335.88,5,707.0,9.38,5,2,debt_consolidation,OWN,72,0.03429628614753442,0
7496,15440,36,14.37,51619.96,4,757.0,10.18,3,1,debt_consolidation,RENT,40,0.013028524407010788,0
7497,47465,36,6.98,40925.27,7,610.0,20.7,6,1,debt_consolidation,MORTGAGE,73,0.061589273732179164,0
7498,48501,36,10.41,23065.88,25,711.0,18.07,1,0,small_business,RENT,48,0.022038486622487523,0
7499,23797,36,18.07,66812.24,12,666.0,17.85,2,0,debt_consolidation,RENT,50,0.02576689685911049,0
7500,3269,36,14.36,19962.31,10,721.0,7.94,4,0,debt_consolidation,RENT,18,0.0071389855678384235,0
7501,9868,60,18.35,82879.25,15,708.0,14.97,5,0,debt_consolidation,MORTGAGE,71,0.014282426662097789,0
7502,32251,36,10.49,75677.2,15,699.0,7.7,5,0,home_improvement,MORTGAGE,20,0.011932561843491266,0
7503,14373,36,16.33,54598.79,4,594.0,27.11,6,3,debt_consolidation,MORTGAGE,63,0.17283883277189788,0
7504,20987,60,7.87,76194.88,3,792.0,2.43,5,0,small_business,RENT,63,0.0039050966664455115,0
7505,40729,36,15.32,64317.79,8,674.0,22.7,4,0,small_business,MORTGAGE,64,0.036776727346970274,0
7506,17734,36,9.14,75971.46,1,663.0,14.88,6,0,other,RENT,32,0.013910269153343036,0
7507,44429,60,13.83,82366.14,7,721.0,7.1,7,1,debt_consolidation,MORTGAGE,35,0.025532973170550005,0
7508,43337,36,14.03,53624.11,13,569.0,22.47,5,1,credit_card,MORTGAGE,51,0.10461564151357984,0
7509,42325,60,14.75,27591.14,0,727.0,23.83,7,0,home_improvement,RENT,25,0.029175964365187306,0
7510,20064,36,7.97,116450.15,0,739.0,15.72,1,0,other,OWN,54,0.008616521121415938,0
7511,10433,36,13.27,54668.22,28,606.0,29.26,3,0,credit_card,MORTGAGE,47,0.03511298522032131,0
7512,11111,60,12.1,49300.04,26,705.0,12.37,2,0,credit_card,RENT,64,0.00958447476626871,0
7513,40450,36,17.02,71099.68,6,676.0,28.26,2,0,credit_card,OWN,51,0.047625046778651335,0
7514,17047,60,9.44,55167.84,9,703.0,27.43,2,0,debt_consolidation,OWN,19,0.017329561543155993,0
7515,10084,36,6.78,28550.35,1,590.0,4.17,4,0,small_business,MORTGAGE,62,0.010534388604959507,0
7516,23751,36,5.42,30204.08,4,755.0,36.74,3,0,credit_card,OWN,69,0.01738892297471977,0
7517,18453,60,10.86,37741.24,19,722.0,19.68,4,0,debt_consolidation,RENT,57,0.012834003957720504,0
7518,22308,36,10.29,68933.54,22,617.0,22.0,2,1,debt_consolidation,OWN,53,0.043465888209829495,0
7519,40968,36,10.8,42613.11,6,650.0,7.54,0,0,debt_consolidation,OWN,24,0.018180819370554317,0
7520,32077,36,10.82,83387.83,4,741.0,32.66,3,2,home_improvement,OWN,53,0.06434064058378837,0
7521,45046,36,17.58,56125.63,12,702.0,17.42,4,0,home_improvement,OWN,51,0.030909932023883674,0
7522,36775,60,11.41,58033.19,14,641.0,,6,0,major_purchase,RENT,27,0.025831238524664044,0
7523,48097,60,16.53,61499.48,30,693.0,19.58,8,0,major_purchase,RENT,33,0.03709902099431977,0
7524,26503,36,13.54,34014.95,13,656.0,16.0,7,1,debt_consolidation,MORTGAGE,50,0.03665223727943445,0
7525,4779,36,8.35,91880.38,3,607.0,22.26,2,1,small_business,MORTGAGE,59,0.030221327178770685,0
7526,23304,36,12.03,67756.34,0,666.0,,7,0,debt_consolidation,RENT,46,0.017838091995937343,0
7527,2755,36,18.18,55672.66,3,709.0,27.8,7,1,small_business,OWN,51,0.033637418948504784,0
7528,41263,60,16.06,46770.25,2,640.0,29.19,5,0,credit_card,MORTGAGE,49,0.06041845537617486,0
7529,44955,36,16.81,46286.93,0,711.0,20.92,3,0,home_improvement,MORTGAGE,30,0.0319967843665915,0
7530,44281,36,14.02,31069.02,7,735.0,22.89,4,1,small_business,RENT,74,0.04237977625047995,0
7531,19400,60,10.09,26709.58,4,725.0,8.34,8,0,debt_consolidation,MORTGAGE,51,0.008212104866894578,0
7532,42115,36,18.56,26715.72,26,708.0,9.0,5,0,debt_consolidation,OWN,24,0.021505635719434334,0
7533,16249,36,14.24,86574.0,6,607.0,17.6,8,0,other,MORTGAGE,43,0.027357656462035036,0
7534,49647,36,15.72,40836.29,23,664.0,10.33,3,0,credit_card,RENT,45,0.02897665512455814,0
7535,48825,60,12.43,33092.63,4,692.0,0.0,6,1,home_improvement,OWN,55,0.023112452592047625,0
7536,46825,36,7.87,92198.77,21,677.0,21.86,7,0,small_business,MORTGAGE,51,0.028261123238772966,0
7537,26600,36,13.58,61517.41,7,727.0,31.0,2,2,home_improvement,MORTGAGE,70,0.06654589110801011,0
7538,39706,60,18.78,,0,674.0,22.21,6,1,debt_consolidation,RENT,27,0.0683395348675453,0
7539,21222,60,15.23,74268.66,7,743.0,17.86,7,0,credit_card,RENT,26,0.014235761538998358,0
7540,35505,60,14.22,96329.54,2,733.0,27.27,5,0,debt_consolidation,RENT,58,0.026959236763740783,0
7541,40968,36,8.56,76950.35,4,651.0,20.98,5,0,debt_consolidation,MORTGAGE,32,0.028764136384810114,0
7542,43139,36,18.09,63454.75,13,610.0,11.55,4,0,debt_consolidation,OWN,70,0.04145849727637247,0
7543,43302,36,17.39,71697.2,8,731.0,10.13,6,0,credit_card,OWN,26,0.019166100652795014,0
7544,31148,36,4.87,89870.37,24,756.0,9.58,4,0,debt_consolidation,RENT,24,0.006717226795225693,0
7545,24302,36,15.72,103199.55,27,660.0,14.82,3,0,debt_consolidation,OWN,52,0.021559150315114923,0
7546,4623,36,11.0,36223.9,13,706.0,24.09,10,0,major_purchase,OWN,66,0.01365446715513183,0
7547,10646,36,13.17,60559.39,23,736.0,21.13,3,1,credit_card,RENT,59,0.019466915574955373,0
7548,15543,36,8.73,75114.45,2,594.0,29.36,4,0,home_improvement,RENT,44,0.0338218890228496,0
7549,30960,60,12.48,64299.61,0,771.0,16.59,7,0,credit_card,RENT,38,0.012138023795088639,0
7550,24785,36,7.6,73242.4,4,659.0,12.01,5,0,debt_consolidation,OWN,35,0.013414682377049854,0
7551,14817,36,8.79,115215.41,4,775.0,26.33,4,0,credit_card,RENT,58,0.010242036045187098,0
7552,33406,36,14.07,53454.46,11,726.0,13.89,5,0,small_business,OTHER,66,0.015847330087054527,0
7553,25456,36,8.97,24681.29,21,701.0,20.94,5,0,home_improvement,MORTGAGE,59,0.016130521845637617,0
7554,25777,36,13.72,106251.53,4,782.0,22.7,5,0,credit_card,OWN,44,0.013620569300808797,0
7555,22914,36,12.44,104194.84,6,700.0,35.03,3,0,debt_consolidation,OWN,69,0.031113067878970297,0
7556,31553,60,21.53,73581.52,0,756.0,14.24,3,0,debt_consolidation,RENT,26,0.01836378982991785,0
7557,25548,60,9.41,47621.18,6,726.0,27.38,4,1,small_business,RENT,22,0.02961706662286008,0
7558,39265,36,10.66,81438.04,2,653.0,16.66,5,0,debt_consolidation,OWN,65,0.02574832718338539,0
7559,42701,60,9.13,60816.22,5,618.0,27.91,7,0,major_purchase,RENT,62,0.04921544472577518,0
7560,8727,36,17.72,52265.37,3,763.0,15.19,5,0,small_business,RENT,48,0.009855121549229939,0
7561,46924,60,12.43,43089.94,20,688.0,23.07,2,2,credit_card,RENT,55,0.08508191798695298,0
7562,34427,36,11.35,59593.53,0,720.0,38.45,10,0,debt_consolidation,MORTGAGE,50,0.04008048057178329,0
7563,18692,36,15.08,73672.47,5,708.0,7.67,5,0,credit_card,RENT,30,0.01084271422189376,0
7564,33625,60,8.52,64104.42,29,711.0,25.78,4,1,debt_consolidation,OWN,34,0.034016534578091236,0
7565,26918,36,6.63,82107.89,12,725.0,27.95,5,0,debt_consolidation,MORTGAGE,26,0.016920900675567216,0
7566,43395,36,13.14,54519.1,18,677.0,14.48,6,0,debt_consolidation,MORTGAGE,66,0.02538460595499114,0
7567,43136,60,12.65,49534.98,23,770.0,30.47,1,0,credit_card,MORTGAGE,58,0.02543215050315659,0
7568,17577,60,9.05,69685.99,5,753.0,8.58,9,0,credit_card,RENT,46,0.006491428984856709,0
7569,21619,36,13.42,62157.54,0,654.0,24.74,8,0,debt_consolidation,OWN,51,0.02928322259637343,0
7570,48240,36,19.4,97101.26,6,653.0,20.98,6,0,small_business,RENT,58,0.05551429482591609,0
7571,35710,60,13.79,51335.51,11,615.0,25.21,8,0,debt_consolidation,OWN,53,0.04983585731981282,0
7572,39388,60,4.07,47442.85,5,792.0,16.99,5,0,credit_card,OWN,68,0.008316685655431812,0
7573,18195,36,17.67,55779.9,7,662.0,25.93,5,0,debt_consolidation,OWN,58,0.03269157485815128,0
7574,29689,60,19.96,49670.86,21,712.0,26.61,4,0,debt_consolidation,OWN,71,0.03469595549234032,0
7575,13154,60,14.12,44244.82,0,654.0,3.09,4,0,home_improvement,RENT,42,0.010546904052829278,0
7576,41121,36,12.69,19196.31,5,705.0,14.67,4,1,small_business,OWN,58,0.03241192637094304,0
7577,31412,60,5.81,31160.34,7,729.0,18.56,11,0,debt_consolidation,RENT,43,0.012706420808723142,0
7578,23341,36,8.54,56994.69,4,753.0,16.05,1,0,debt_consolidation,RENT,19,0.008817327755702473,0
7579,34018,36,10.77,27310.76,7,741.0,22.27,3,0,debt_consolidation,OWN,65,0.017017652074112263,0
7580,11145,36,9.06,74116.44,6,594.0,2.92,8,0,credit_card,RENT,23,0.011643446813151166,0
7581,44262,36,9.96,69249.52,26,725.0,15.7,5,0,other,OWN,66,0.01731424187604958,0
7582,48330,60,12.49,43252.9,8,794.0,19.84,5,0,debt_consolidation,RENT,60,0.016637804925527144,0
7583,24223,36,9.26,58678.68,7,662.0,19.68,3,0,credit_card,MORTGAGE,52,0.01875540101117637,0
7584,4880,60,18.08,55209.31,3,757.0,9.36,1,0,small_business,OTHER,34,0.007347649765369816,0
7585,23271,60,12.3,14879.61,0,622.0,34.36,4,0,debt_consolidation,RENT,58,0.048008409854877136,0
7586,35313,60,14.02,71123.54,4,714.0,10.79,4,1,credit_card,OWN,52,0.02520610086785829,0
7587,48900,36,14.04,45062.56,0,681.0,19.62,2,1,credit_card,MORTGAGE,70,0.054619320828243834,0
7588,15304,36,13.53,35631.18,21,566.0,14.09,1,0,small_business,RENT,49,0.026861823632000598,0
7589,36695,36,12.19,76955.25,2,648.0,25.35,6,0,major_purchase,OWN,57,0.03839782530532305,0
7590,32225,60,16.0,66080.11,25,742.0,29.54,8,0,credit_card,RENT,23,0.02942911354827203,0
7591,22536,36,16.84,82781.16,24,714.0,20.88,5,1,small_business,MORTGAGE,69,0.03369663000556639,0
7592,32831,60,4.0,57052.81,11,676.0,22.34,2,0,debt_consolidation,MORTGAGE,29,0.017365017962511917,0
7593,13673,60,6.25,65382.5,23,728.0,14.05,3,0,home_improvement,RENT,42,0.007103491597546257,0
7594,23917,60,9.83,79978.91,24,591.0,12.64,6,0,credit_card,RENT,56,0.022741494517355975,0
7595,29829,36,7.54,101908.44,18,668.0,0.0,2,1,major_purchase,OWN,49,0.013865076335213474,0
7596,17372,36,9.06,52213.14,8,628.0,11.56,5,0,debt_consolidation,MORTGAGE,30,0.014699111721629948,0
7597,27938,60,10.19,66202.36,28,574.0,11.04,5,0,major_purchase,MORTGAGE,43,0.025727263880943558,0
7598,4663,36,10.97,74339.21,20,733.0,21.12,3,0,major_purchase,RENT,19,0.00964675598639692,0
7599,49801,60,6.04,74139.72,1,708.0,7.91,7,0,debt_consolidation,RENT,58,0.013208737341085512,0
7600,11465,36,10.34,47170.76,6,663.0,12.28,9,1,debt_consolidation,RENT,72,0.019830584734094988,0
7601,5326,60,17.69,57199.32,8,650.0,26.31,3,0,debt_consolidation,OWN,67,0.02721009737549778,0
7602,5659,60,10.99,74094.14,8,,9.87,6,1,credit_card,MORTGAGE,22,,0
7603,29594,36,14.37,64400.79,5,671.0,9.09,4,0,major_purchase,OWN,42,0.016922896941342858,0
7604,6763,36,11.73,107865.96,8,717.0,32.22,5,1,debt_consolidation,RENT,64,0.029556772422306532,0
7605,25121,60,12.46,52262.32,0,645.0,33.33,5,0,debt_consolidation,RENT,31,0.04264027417689709,0
7606,12828,36,11.54,40006.73,11,751.0,16.9,3,0,credit_card,RENT,24,0.008867634655750769,0
7607,49588,36,14.97,72112.7,8,591.0,24.61,3,0,other,OWN,57,0.07301043043987256,0
7608,13221,36,8.72,36540.57,18,559.0,23.01,4,0,debt_consolidation,MORTGAGE,62,0.03097289849539589,0
7609,13211,36,12.68,48538.7,13,684.0,23.23,7,0,major_purchase,RENT,71,0.01876939289129313,0
7610,15569,36,9.69,62017.11,0,719.0,14.55,3,0,debt_consolidation,MORTGAGE,71,0.009413801783974428,0
7611,33358,60,14.68,59175.95,5,711.0,20.03,3,0,home_improvement,OWN,37,0.02223416802183808,0
7612,39860,36,7.57,58489.78,15,601.0,,3,0,debt_consolidation,OWN,30,0.02791443206609326,0
7613,8022,36,14.6,45912.83,5,667.0,21.85,3,1,debt_consolidation,OWN,49,0.030544202020673275,0
7614,47337,60,12.83,69243.6,9,698.0,19.06,5,1,debt_consolidation,RENT,31,0.04576632609743185,0
7615,15515,36,6.94,114314.73,28,729.0,20.49,3,0,debt_consolidation,RENT,43,0.009784723767299188,0
7616,8159,36,18.98,80736.07,0,568.0,13.93,6,0,major_purchase,OWN,22,0.031412893157659424,0
7617,47991,60,14.23,13906.47,2,679.0,,7,0,home_improvement,RENT,63,0.029809075135147845,0
7618,43213,60,7.66,49817.19,7,698.0,25.26,9,0,debt_consolidation,RENT,54,0.026848234037427095,0
7619,23691,36,12.63,73299.45,16,617.0,17.33,3,0,major_purchase,OWN,22,0.025995815932297828,0
7620,26904,60,5.44,22604.31,4,695.0,13.24,2,1,debt_consolidation,RENT,30,0.016951202250976613,0
7621,45790,60,5.14,8000.0,0,634.0,36.95,9,0,debt_consolidation,RENT,44,0.056615026866246566,0
7622,5044,36,16.78,41879.1,4,722.0,35.55,6,1,debt_consolidation,RENT,36,0.040694368712810125,0
7623,11612,36,7.2,39783.08,10,753.0,8.37,6,0,debt_consolidation,RENT,27,0.005061792311824388,0
7624,7636,60,15.15,101001.98,19,620.0,16.05,6,0,debt_consolidation,MORTGAGE,74,0.020678205792576843,0
7625,13593,36,16.67,68886.98,29,621.0,29.68,3,2,small_business,MORTGAGE,53,0.10401020537963766,0
7626,4892,36,8.06,56384.77,17,750.0,11.22,8,0,credit_card,OWN,29,0.005376321760928579,0
7627,23672,60,20.32,52101.82,8,703.0,11.52,3,0,debt_consolidation,RENT,33,0.01820368182214676,0
7628,7812,36,12.37,71266.45,4,707.0,19.31,5,0,home_improvement,RENT,68,0.012190173735427717,0
7629,33085,36,12.19,64951.44,26,610.0,23.33,4,0,credit_card,MORTGAGE,21,0.0404809762673878,0
7630,2654,36,8.01,71219.33,8,705.0,10.01,4,0,debt_consolidation,RENT,54,0.006144588249894161,0
7631,19143,36,8.08,68079.07,13,684.0,24.87,7,1,credit_card,MORTGAGE,73,0.029245723957031896,0
7632,3798,36,4.0,85978.84,7,735.0,30.49,6,0,credit_card,MORTGAGE,44,0.009908150645584096,0
7633,39927,36,8.89,60820.41,3,719.0,11.36,4,0,debt_consolidation,MORTGAGE,22,0.013040617196674624,0
7634,31087,36,16.67,79467.17,9,669.0,13.94,3,0,other,RENT,71,0.023633796080971204,0
7635,13618,36,7.93,68920.95,21,640.0,23.34,4,0,home_improvement,MORTGAGE,29,0.01893660980956032,0
7636,10446,60,8.28,65061.43,5,726.0,13.29,3,0,debt_consolidation,MORTGAGE,73,0.007235600633729315,0
7637,23646,60,6.86,50009.11,12,707.0,0.46,4,0,debt_consolidation,RENT,25,0.00595423805270225,0
7638,38591,36,6.55,58362.76,0,584.0,16.65,2,0,credit_card,OWN,52,0.030216638251451988,0
7639,29200,60,15.55,58801.69,27,629.0,15.62,4,0,credit_card,RENT,65,0.029377743600422068,0
7640,31571,60,7.14,86968.79,29,732.0,9.95,3,0,debt_consolidation,RENT,73,0.008787662745017492,0
7641,24538,60,11.47,65891.01,6,571.0,25.61,4,0,debt_consolidation,RENT,60,0.045332452298348855,0
7642,42555,36,10.58,37407.33,8,624.0,16.38,9,1,major_purchase,RENT,26,0.053722701223099904,0
7643,45964,36,15.83,21333.89,1,744.0,26.77,3,1,debt_consolidation,RENT,41,0.05203406341226016,0
7644,22900,60,8.65,31553.77,2,625.0,1.42,6,0,other,MORTGAGE,49,0.011066549935828533,0
7645,24356,36,10.28,42777.18,10,580.0,0.0,3,0,debt_consolidation,RENT,62,0.01479034300684415,0
7646,25023,36,7.63,71522.59,10,635.0,24.13,8,0,debt_consolidation,RENT,42,0.025759868962469647,0
7647,41148,36,9.44,44522.79,5,637.0,5.72,3,2,debt_consolidation,OWN,24,0.04660861994837035,0
7648,19392,60,8.39,90662.42,5,647.0,8.25,8,2,credit_card,MORTGAGE,22,0.03184043162833383,0
7649,22698,36,11.42,29335.05,8,660.0,9.41,2,0,home_improvement,RENT,62,0.01353778977976798,0
7650,44470,36,18.4,76573.19,27,704.0,32.6,8,2,debt_consolidation,OWN,67,0.14422906205730568,0
7651,28535,36,11.19,13427.21,1,761.0,23.5,6,0,credit_card,OWN,53,0.01498215398967154,0
7652,37450,60,16.7,32067.72,9,609.0,3.24,4,1,small_business,OWN,40,0.04107551997928666,1
7653,35757,36,15.78,35167.15,0,618.0,15.07,5,1,debt_consolidation,RENT,71,0.05726692236802702,0
7654,14476,36,11.83,34856.68,7,733.0,17.2,6,0,debt_consolidation,RENT,63,0.010782604284458323,0
7655,43214,36,15.85,44062.44,6,775.0,7.5,4,0,debt_consolidation,MORTGAGE,45,0.012089915627324763,0
7656,6711,36,12.92,79667.0,1,595.0,15.15,3,1,other,MORTGAGE,60,0.032177538994696886,0
7657,8479,36,6.28,77940.34,1,689.0,10.47,5,0,debt_consolidation,RENT,40,0.007163125265677997,0
7658,33390,36,11.84,34828.22,7,711.0,30.12,4,0,debt_consolidation,RENT,22,0.028989600953260038,0
7659,15161,36,12.82,55094.92,1,,16.65,1,0,debt_consolidation,RENT,63,,0
7660,34152,36,19.05,71359.65,4,580.0,5.01,6,0,debt_consolidation,RENT,59,0.0344210358343975,0
7661,16635,60,8.27,55374.87,0,775.0,19.26,6,0,debt_consolidation,RENT,40,0.007975290036415145,0
7662,42843,36,13.83,99428.42,4,533.0,21.42,6,0,debt_consolidation,RENT,69,0.07706994965288755,0
7663,32297,36,7.08,69550.02,8,545.0,12.0,6,1,debt_consolidation,OWN,62,0.048334868728558876,0
7664,22836,36,18.17,38419.18,16,699.0,22.13,2,0,debt_consolidation,OWN,27,0.02475696121025625,0
7665,26831,36,16.89,40905.79,21,658.0,18.37,2,0,debt_consolidation,MORTGAGE,25,0.027596550682906982,0
7666,3007,36,7.2,35831.76,5,729.0,13.48,7,0,debt_consolidation,RENT,32,0.006092049722987507,0
7667,28331,36,18.96,42518.27,27,578.0,15.64,6,0,home_improvement,RENT,72,0.0466290648899952,0
7668,42456,60,16.31,60538.42,3,693.0,17.13,3,1,other,RENT,41,0.04616890882986003,0
7669,12763,36,17.06,54112.35,0,790.0,0.0,4,0,debt_consolidation,RENT,64,0.00476472188705088,0
7670,5908,36,18.28,48260.62,26,640.0,16.64,5,1,home_improvement,RENT,19,0.034150196472885266,0
7671,29573,36,16.5,74545.25,8,,25.45,5,0,home_improvement,MORTGAGE,55,,0
7672,21187,36,10.65,68573.23,5,716.0,15.13,2,1,credit_card,RENT,55,0.018622987417288798,0
7673,13957,36,18.01,20510.75,25,666.0,25.94,9,1,credit_card,OWN,51,0.050270441908860326,0
7674,6379,36,8.43,28149.53,18,782.0,7.48,8,0,debt_consolidation,OWN,73,0.004014899428754403,0
7675,29959,36,8.9,35390.58,21,682.0,5.04,4,0,debt_consolidation,OWN,22,0.010392541217508568,0
7676,18482,36,10.18,39804.37,4,647.0,6.2,6,1,debt_consolidation,RENT,50,0.018977152383106783,0
7677,29105,36,13.33,44022.13,23,684.0,19.48,9,0,credit_card,RENT,39,0.023289219704100972,0
7678,2877,36,8.33,49916.54,11,538.0,21.25,4,1,home_improvement,MORTGAGE,45,0.04253507739671463,0
7679,20252,36,7.21,68910.83,16,566.0,7.67,4,2,debt_consolidation,MORTGAGE,44,0.0459281834878889,0
7680,33334,36,8.34,31901.03,4,676.0,19.21,6,0,debt_consolidation,OWN,56,0.019958887293797807,0
7681,21049,36,10.55,40886.25,3,713.0,15.64,6,0,debt_consolidation,RENT,20,0.012201498006234747,0
7682,19772,36,12.28,20404.54,6,613.0,15.21,9,0,credit_card,RENT,71,0.023656882316313417,0
7683,4637,36,8.96,36968.71,9,570.0,13.66,7,0,debt_consolidation,OWN,74,0.017760469965164387,0
7684,9242,36,7.15,54804.71,11,641.0,19.24,7,0,other,RENT,32,0.014570767783365853,0
7685,44025,36,13.56,37572.89,8,668.0,0.18,4,0,debt_consolidation,RENT,66,0.015484654252975898,0
7686,43381,36,19.22,34205.57,13,796.0,2.11,3,0,debt_consolidation,RENT,57,0.010120902221572902,0
7687,37651,36,10.34,47188.29,14,707.0,16.26,6,1,credit_card,RENT,74,0.028984534526096693,0
7688,35972,36,15.57,65900.24,11,,23.58,3,0,credit_card,MORTGAGE,47,,0
7689,18928,36,12.01,,3,779.0,19.95,4,2,credit_card,RENT,73,0.026417908884557702,0
7690,30742,60,14.55,85546.1,7,799.0,24.72,4,2,other,MORTGAGE,55,0.04019992027786556,0
7691,13831,60,15.26,38841.66,17,731.0,22.59,5,1,debt_consolidation,OWN,64,0.025511584204668696,0
7692,21556,36,12.02,49588.28,24,732.0,0.0,3,1,debt_consolidation,RENT,65,0.010152006688325922,0
7693,27343,60,8.07,88946.86,8,636.0,10.2,9,0,debt_consolidation,RENT,47,0.016022012001900246,0
7694,24834,36,7.08,74359.67,30,662.0,33.92,5,0,major_purchase,OWN,39,0.03033877972321843,0
7695,48762,36,16.6,56525.78,1,637.0,14.16,2,0,debt_consolidation,RENT,33,0.039911536969515944,0
7696,41288,60,14.52,69286.03,2,722.0,29.09,5,2,credit_card,RENT,69,0.08975418774500273,0
7697,35422,60,15.92,28320.3,7,711.0,0.0,7,0,debt_consolidation,RENT,64,0.01164045514501873,0
7698,25205,60,14.71,105160.67,8,756.0,8.54,3,0,home_improvement,MORTGAGE,62,0.009241194202915432,0
7699,20830,36,16.29,,6,738.0,16.53,3,0,debt_consolidation,RENT,48,0.013984810270087454,0
7700,10412,36,12.89,65211.82,6,656.0,23.24,5,1,debt_consolidation,MORTGAGE,68,0.03377551701189604,0
7701,5666,36,5.92,88076.19,7,707.0,6.53,7,0,credit_card,RENT,22,0.005212445862250331,0
7702,39045,36,13.13,66575.27,4,793.0,17.62,10,0,debt_consolidation,MORTGAGE,64,0.013846220474294608,0
7703,22786,36,19.17,58714.72,1,673.0,17.38,2,0,debt_consolidation,RENT,54,0.02512171538561007,0
7704,7515,60,13.4,88138.26,28,687.0,24.13,3,0,home_improvement,OWN,42,0.017014975792678706,0
7705,43973,36,7.08,75509.33,19,665.0,16.89,6,0,other,OWN,24,0.02251194532146002,0
7706,28627,36,14.94,47826.99,20,692.0,9.38,4,1,home_improvement,RENT,38,0.024910010812614694,0
7707,17198,36,20.67,98560.65,5,697.0,18.03,4,1,debt_consolidation,RENT,27,0.035800374476553404,0
7708,5985,36,9.77,41389.23,6,739.0,29.71,8,0,credit_card,OWN,43,0.013289531911484263,0
7709,47903,36,13.3,100637.19,27,647.0,11.24,9,0,home_improvement,MORTGAGE,57,0.030197303875516796,0
7710,42935,60,13.9,74831.08,29,696.0,17.57,6,1,credit_card,RENT,22,0.042717085712265325,0
7711,31475,36,12.81,50162.32,27,606.0,10.34,6,0,major_purchase,MORTGAGE,69,0.02552103299066887,0
7712,42216,36,15.19,34472.31,10,610.0,28.9,7,0,debt_consolidation,OWN,63,0.0704249462324451,0
7713,21403,60,10.38,,3,739.0,12.55,6,0,other,OWN,22,0.00923991247974533,0
7714,5681,60,14.51,44559.38,10,594.0,26.14,5,1,major_purchase,MORTGAGE,49,0.05318738284514047,0
7715,28019,60,16.67,62696.77,9,,21.98,1,2,small_business,MORTGAGE,72,,0
7716,29586,60,11.06,79088.26,25,628.0,2.08,8,0,debt_consolidation,RENT,21,0.014628025002036764,0
7717,44292,36,15.22,82099.65,4,603.0,22.69,3,0,credit_card,RENT,30,0.058219054913431614,0
7718,39521,60,10.49,94717.49,2,707.0,12.7,3,0,debt_consolidation,OWN,54,0.015687487817399065,0
7719,41850,36,6.49,34374.08,3,820.0,17.44,6,0,credit_card,RENT,52,0.008569835276791022,0
7720,38770,60,6.48,66033.74,3,707.0,10.01,6,0,credit_card,OWN,54,0.011748635229613256,0
7721,7629,36,13.84,24649.79,10,655.0,40.72,7,0,debt_consolidation,RENT,53,0.041621736671202565,0
7722,29710,36,4.5,60098.34,20,641.0,21.02,10,0,credit_card,RENT,56,0.02112389950224434,0
7723,32328,36,12.37,21150.63,5,627.0,25.73,5,0,major_purchase,RENT,71,0.04039793550791801,0
7724,14278,36,8.84,112961.58,2,667.0,14.99,7,1,small_business,RENT,30,0.02073782658335,0
7725,10417,36,4.0,92368.99,5,733.0,16.84,6,0,credit_card,MORTGAGE,36,0.006652683900742944,0
7726,36765,36,14.73,21454.41,9,687.0,2.61,3,0,credit_card,OWN,27,0.013846220474294622,0
7727,10963,60,6.39,44307.34,11,669.0,20.52,6,1,credit_card,OWN,30,0.02095008342661469,0
7728,39292,36,21.23,78081.78,9,581.0,7.41,8,0,credit_card,RENT,64,0.046875070390053175,0
7729,27009,36,18.55,65853.41,3,602.0,13.04,3,0,credit_card,RENT,34,0.034134367711559546,0
7730,29675,60,11.73,60479.66,26,616.0,12.19,5,0,debt_consolidation,OWN,20,0.02346730627756774,0
7731,38175,36,4.0,66288.53,6,659.0,4.46,5,0,debt_consolidation,OWN,36,0.010856236242953086,0
7732,8731,36,13.18,81327.95,7,674.0,14.18,6,0,debt_consolidation,MORTGAGE,50,0.012955688186147252,0
7733,42563,36,19.34,110249.34,29,781.0,24.47,4,0,debt_consolidation,RENT,37,0.026624450321406843,0
7734,13332,36,16.25,31681.75,23,693.0,6.82,5,0,credit_card,RENT,55,0.010921288041464347,0
7735,21177,60,16.5,54879.97,19,656.0,,5,0,debt_consolidation,MORTGAGE,37,0.022151273337453654,0
7736,25718,60,18.17,15028.45,2,730.0,17.89,6,0,credit_card,OWN,44,0.01923615727423947,0
7737,4911,60,6.99,58713.38,21,737.0,17.12,3,1,credit_card,RENT,40,0.010884406880455982,0
7738,20799,36,16.35,101037.23,7,687.0,1.37,2,0,credit_card,OWN,50,0.01031568975832258,0
7739,17194,36,19.76,71838.03,2,670.0,12.4,5,0,debt_consolidation,MORTGAGE,23,0.019994126687928757,0
7740,6951,36,9.52,,30,765.0,31.86,9,0,home_improvement,RENT,26,0.012609937100114637,0
7741,42866,36,10.39,64537.42,1,693.0,12.09,4,0,debt_consolidation,OWN,51,0.017852814669344685,0
7742,30333,36,18.21,42049.98,26,607.0,21.65,6,1,debt_consolidation,OWN,43,0.07952341913503769,1
7743,23673,36,17.58,21628.62,0,659.0,13.46,5,0,home_improvement,MORTGAGE,69,0.022684226322117737,0
7744,42870,36,8.52,96276.54,6,703.0,7.19,6,0,debt_consolidation,RENT,44,0.012906929419157841,0
7745,7565,36,6.82,48814.26,0,656.0,12.61,6,0,other,MORTGAGE,52,0.009667222364724608,0
7746,24821,36,11.54,55463.49,26,713.0,28.64,5,0,debt_consolidation,OTHER,63,0.02277663543263286,0
7747,27494,60,6.11,10950.16,1,592.0,27.23,7,0,credit_card,RENT,63,0.03600528774178099,0
7748,35941,36,8.56,43837.46,12,732.0,6.8,10,0,credit_card,OWN,63,0.009725989988455374,0
7749,10624,60,9.27,63297.02,10,656.0,12.74,5,1,debt_consolidation,OWN,32,0.018883179190512807,0
7750,49162,60,16.49,68538.35,18,646.0,,4,0,credit_card,MORTGAGE,65,0.03999208383614264,1
7751,48024,36,17.58,100211.91,16,730.0,13.73,1,0,major_purchase,MORTGAGE,71,0.023400482860098094,0
7752,2835,36,16.51,53692.34,0,677.0,22.66,4,0,credit_card,OWN,52,0.018281768992817256,0
7753,20646,36,8.7,57332.82,6,645.0,19.6,7,0,debt_consolidation,RENT,67,0.019491745423696274,0
7754,13824,36,11.66,98043.57,4,671.0,28.1,3,0,debt_consolidation,RENT,25,0.022697975574936084,0
7755,39335,36,10.19,89337.8,29,671.0,37.34,8,0,debt_consolidation,MORTGAGE,18,0.05184792458056787,0
7756,5815,60,12.85,24804.41,18,649.0,19.97,9,0,major_purchase,MORTGAGE,59,0.01804990616448006,0
7757,4429,60,15.01,96211.69,14,700.0,25.25,6,0,major_purchase,RENT,45,0.01727752893604695,0
7758,43950,36,10.09,19879.1,7,675.0,34.33,3,0,credit_card,MORTGAGE,25,0.046828627370416216,0
7759,43886,60,7.94,71765.39,24,730.0,10.25,7,0,other,RENT,62,0.01242821373306607,0
7760,46398,36,18.29,78809.11,0,583.0,29.0,1,0,home_improvement,MORTGAGE,49,0.09660407394221115,0
7761,4607,60,16.29,64681.79,3,683.0,13.46,6,1,debt_consolidation,RENT,23,0.020980461501536686,0
7762,27650,36,13.36,50611.68,13,760.0,23.06,5,1,debt_consolidation,MORTGAGE,62,0.026170587027839913,0
7763,40698,36,7.75,48809.41,8,648.0,11.59,9,0,home_improvement,RENT,60,0.020174797777319918,0
7764,34353,36,15.47,8000.0,8,667.0,29.98,6,0,debt_consolidation,MORTGAGE,35,0.045990446298703205,0
7765,38790,60,11.32,63784.79,6,762.0,21.46,4,1,other,OWN,45,0.027072265975670282,0
7766,13991,36,4.0,60812.47,1,540.0,17.18,7,0,credit_card,MORTGAGE,32,0.02291056568056961,0
7767,23168,36,9.89,97632.09,1,774.0,17.79,7,0,debt_consolidation,MORTGAGE,49,0.009428546998058106,0
7768,33099,60,13.83,53198.24,4,712.0,,5,1,debt_consolidation,RENT,51,0.028789849350493755,0
7769,41385,60,11.14,46834.42,7,680.0,17.55,1,1,credit_card,MORTGAGE,34,0.03793163693909715,0
7770,37919,36,14.04,47181.82,20,737.0,4.79,8,0,debt_consolidation,OWN,35,0.011658186107126281,0
7771,33416,60,13.87,39017.78,7,663.0,13.93,10,0,debt_consolidation,RENT,69,0.02391648923179293,0
7772,7580,36,7.63,48624.44,25,616.0,26.15,4,0,small_business,RENT,58,0.021312888661211726,0
7773,9054,36,14.74,34239.86,0,659.0,32.93,1,0,major_purchase,MORTGAGE,60,0.03050987166541809,0
7774,26090,36,15.1,75338.85,3,658.0,23.58,4,0,home_improvement,MORTGAGE,65,0.031128747124890385,0
7775,42387,36,11.88,69972.62,0,654.0,5.48,6,1,debt_consolidation,OWN,41,0.030677734531434693,0
7776,17823,36,12.06,23649.28,8,696.0,12.28,1,0,credit_card,MORTGAGE,74,0.011370020667141737,0
7777,48015,36,12.04,62362.87,0,684.0,14.55,6,0,other,OWN,63,0.025340111568977707,0
7778,39341,36,18.05,87851.0,19,693.0,,7,0,credit_card,OWN,44,0.027958424751946254,0
7779,17339,60,13.53,86441.52,0,767.0,18.2,3,1,debt_consolidation,RENT,44,0.016778765941252095,0
7780,5491,60,12.5,,7,663.0,25.59,5,0,credit_card,RENT,65,0.01946309835087399,0
7781,2706,36,13.88,93314.24,6,764.0,12.17,3,0,debt_consolidation,RENT,18,0.0062489082257462065,0
7782,33957,36,13.8,46763.12,2,757.0,17.42,3,0,debt_consolidation,MORTGAGE,71,0.014831491162540811,0
7783,17728,36,11.6,60537.02,9,556.0,12.77,3,0,small_business,RENT,73,0.026322911441551952,0
7784,8997,60,6.66,51204.69,6,609.0,20.23,6,0,credit_card,OWN,27,0.01760414417758502,0
7785,40001,36,12.43,29918.89,2,605.0,11.65,9,0,debt_consolidation,RENT,62,0.03221804841404556,0
7786,40523,36,14.36,40503.44,21,775.0,21.12,10,0,debt_consolidation,OWN,45,0.019326923971361053,0
7787,27163,36,13.16,91124.98,11,677.0,23.43,5,0,debt_consolidation,OWN,30,0.025994296773494373,0
7788,19718,36,10.01,91805.66,0,655.0,22.33,2,0,credit_card,MORTGAGE,61,0.020393394873925493,0
7789,23972,36,11.22,77020.56,8,603.0,14.37,6,1,credit_card,RENT,69,0.039439087675463794,0
7790,20231,60,15.97,54366.81,3,741.0,28.81,3,1,debt_consolidation,RENT,61,0.03521340832370159,0
7791,41619,36,5.26,105030.8,26,658.0,19.6,8,1,credit_card,MORTGAGE,55,0.03773797162045853,0
7792,14126,36,9.03,84706.51,15,554.0,26.22,3,1,debt_consolidation,OWN,19,0.059458342465943406,0
7793,25595,36,12.53,57074.04,10,782.0,34.35,10,0,debt_consolidation,MORTGAGE,26,0.02125664303684772,0
7794,42633,60,16.16,11138.91,0,678.0,31.47,5,0,debt_consolidation,OWN,54,0.05475683555724412,0
7795,14118,36,19.26,81531.64,27,753.0,15.14,6,0,credit_card,MORTGAGE,29,0.012654089512965648,0
7796,5317,36,15.56,91037.68,1,680.0,27.72,8,0,debt_consolidation,OWN,37,0.022823869866517296,0
7797,46980,36,9.63,70716.52,7,649.0,,4,0,credit_card,RENT,55,0.027043307749023908,0
7798,46115,60,4.95,12244.69,12,679.0,34.16,4,0,credit_card,RENT,28,0.037406021761435426,0
7799,45158,36,19.47,64956.05,8,706.0,8.53,3,0,credit_card,OWN,42,0.023245131637424043,0
7800,49631,36,8.63,114401.57,24,637.0,14.45,3,0,debt_consolidation,RENT,19,0.028198576193951334,0
7801,41828,60,12.58,56159.9,21,571.0,25.86,5,0,debt_consolidation,OWN,29,0.06748121709149608,0
7802,17504,60,11.53,109092.99,1,545.0,27.24,5,0,small_business,RENT,27,0.049556277919232214,0
7803,5057,36,11.72,77553.57,10,683.0,23.07,5,2,small_business,MORTGAGE,28,0.03961752673904185,0
7804,28660,60,7.34,61182.18,0,702.0,20.18,2,1,debt_consolidation,MORTGAGE,36,0.024254491173322252,0
7805,39196,36,19.18,95072.45,15,670.0,30.66,3,0,home_improvement,OTHER,56,0.058929291643855373,1
7806,2402,36,8.5,44797.09,15,621.0,15.89,4,0,credit_card,MORTGAGE,42,0.013030324759222903,0
7807,10605,36,12.63,29090.53,5,649.0,21.82,5,0,home_improvement,OWN,51,0.02028062861281303,0
7808,17761,36,10.22,29609.29,18,684.0,19.47,2,0,home_improvement,MORTGAGE,39,0.014935296848402415,0
7809,29043,36,14.45,65190.3,11,699.0,9.97,3,0,credit_card,RENT,70,0.014602677940665013,0
7810,35635,36,11.16,71146.81,8,675.0,22.26,8,0,small_business,RENT,52,0.027682014237724286,0
7811,15779,60,10.75,42944.08,7,639.0,11.92,4,1,credit_card,RENT,53,0.02379679172083911,0
7812,17155,60,16.35,90489.14,0,761.0,28.45,8,0,debt_consolidation,OWN,64,0.019125912671892783,0
7813,42978,36,10.71,62208.8,8,626.0,11.09,6,0,home_improvement,MORTGAGE,47,0.026407622832021034,0
7814,35132,36,17.64,80735.45,1,621.0,10.37,6,0,major_purchase,OWN,24,0.03178191312310475,0
7815,25851,36,7.07,42960.28,11,659.0,16.51,3,0,small_business,MORTGAGE,64,0.01562584176124555,0
7816,17366,36,11.0,55450.55,9,751.0,28.26,3,0,small_business,OWN,59,0.014799088505878492,0
7817,30408,36,8.56,15863.92,4,720.0,,3,0,credit_card,MORTGAGE,35,0.012082512742234309,0
7818,8571,36,12.12,,3,677.0,17.86,5,0,debt_consolidation,MORTGAGE,53,0.013786540926940979,0
7819,16017,36,6.51,65639.45,7,617.0,22.59,4,0,credit_card,RENT,19,0.020581629296373177,0
7820,41236,36,14.48,45986.92,8,627.0,15.25,6,0,debt_consolidation,MORTGAGE,33,0.035802445656699065,0
7821,6150,60,14.88,58484.06,19,663.0,0.0,3,0,home_improvement,RENT,31,0.007915385526580332,0
7822,47833,60,18.02,65976.04,4,654.0,17.51,8,0,debt_consolidation,MORTGAGE,38,0.045828380025201426,0
7823,21423,36,15.39,46628.41,6,650.0,16.37,9,0,debt_consolidation,OWN,42,0.023957142311898327,0
7824,6137,36,15.34,53388.71,5,764.0,14.64,3,0,debt_consolidation,RENT,70,0.007933782094774088,0
7825,31992,36,14.72,41723.55,6,850.0,17.44,1,0,debt_consolidation,RENT,20,0.008437800569787135,0
7826,47004,36,11.13,36468.51,9,634.0,17.38,3,0,debt_consolidation,RENT,61,0.03448224291085985,0
7827,30902,36,18.48,90737.0,9,720.0,13.78,6,0,credit_card,RENT,41,0.019516989030130705,0
7828,46921,36,14.22,24248.12,5,734.0,16.43,7,1,credit_card,RENT,40,0.03635539319577443,0
7829,15833,36,21.9,81346.93,10,649.0,22.53,8,1,debt_consolidation,RENT,57,0.060022299534005986,0
7830,3381,36,19.02,25889.46,10,633.0,28.35,3,0,credit_card,MORTGAGE,74,0.03339512085537956,0
7831,10154,36,13.39,97786.4,8,625.0,13.44,7,0,debt_consolidation,OTHER,39,0.017639459164478687,0
7832,36235,36,13.58,74381.88,7,714.0,26.99,0,0,debt_consolidation,MORTGAGE,20,0.02790358002885461,0
7833,15439,36,15.33,50657.32,0,714.0,21.62,2,0,debt_consolidation,OWN,63,0.016726056326871484,0
7834,21122,60,18.34,83598.04,8,746.0,6.84,1,1,debt_consolidation,MORTGAGE,60,0.016255098557367887,0
7835,25956,60,5.86,87178.13,14,808.0,22.1,9,1,home_improvement,RENT,34,0.013230913941100549,0
7836,19264,36,17.25,74471.92,2,712.0,20.55,2,0,credit_card,OTHER,60,0.019223332500682363,0
7837,46774,36,13.49,71848.77,18,687.0,22.88,3,0,credit_card,RENT,25,0.03499865037099758,0
7838,5149,60,16.32,65593.92,9,625.0,13.06,2,0,home_improvement,RENT,51,0.017316624061270842,0
7839,26660,36,9.12,95417.28,3,727.0,7.53,3,1,home_improvement,RENT,46,0.013498317272799976,0
7840,42660,60,8.94,59378.29,1,504.0,3.51,2,0,small_business,OWN,21,0.035114340448061804,0
7841,22528,36,13.36,63001.58,3,656.0,20.24,4,1,major_purchase,MORTGAGE,35,0.03849986391317575,0
7842,3168,60,15.9,81556.72,17,556.0,25.1,7,0,credit_card,RENT,64,0.04094809140415492,0
7843,47124,60,7.07,52040.79,3,660.0,22.53,3,0,debt_consolidation,RENT,33,0.02980502653247627,0
7844,37897,36,10.41,87500.51,12,728.0,23.13,7,0,debt_consolidation,RENT,34,0.020951724383696333,0
7845,17032,36,7.21,82299.3,9,785.0,30.44,7,0,debt_consolidation,RENT,24,0.011303667599429504,0
7846,37294,36,13.67,131149.07,9,537.0,21.72,7,1,major_purchase,OWN,66,0.10872609146631547,1
7847,45827,36,19.97,56917.57,22,754.0,16.59,5,0,small_business,OTHER,18,0.02544752194629451,0
7848,5516,36,10.66,74961.35,23,663.0,32.87,6,2,credit_card,RENT,53,0.06239287101144407,0
7849,21751,36,15.14,71673.68,8,678.0,14.26,6,0,major_purchase,OWN,38,0.018064445677450035,0
7850,32373,36,12.49,80254.21,0,732.0,12.43,8,0,small_business,RENT,42,0.013481815250206537,0
7851,32270,36,13.48,58227.72,1,672.0,28.05,4,1,debt_consolidation,OWN,20,0.057291761640392486,0
7852,12386,60,9.62,71617.84,28,635.0,3.67,5,1,debt_consolidation,OWN,28,0.015758676685603084,0
7853,38323,36,14.62,63633.09,1,646.0,10.35,8,0,credit_card,MORTGAGE,32,0.025717239634058347,0
7854,16157,36,11.2,81500.08,21,629.0,12.75,4,0,debt_consolidation,OWN,56,0.016449724922836743,0
7855,39879,36,19.17,11959.74,8,688.0,8.98,4,0,debt_consolidation,MORTGAGE,58,0.02359782544513914,0
7856,41520,36,9.96,54036.63,0,756.0,18.98,3,0,debt_consolidation,RENT,40,0.015241116712401526,0
7857,41132,36,15.92,113031.96,26,732.0,33.56,6,0,home_improvement,MORTGAGE,36,0.042250907628866505,0
7858,5626,60,19.89,98519.7,26,686.0,15.71,2,1,debt_consolidation,OWN,34,0.02632444928620449,0
7859,22400,36,16.75,67583.43,10,640.0,5.48,4,1,debt_consolidation,OTHER,68,0.028050428876165913,0
7860,38643,36,8.39,74805.16,6,698.0,6.31,5,0,small_business,OWN,60,0.011621142670051557,0
7861,40265,36,8.01,72996.76,10,788.0,21.82,5,2,debt_consolidation,OTHER,63,0.03391481742408111,0
7862,17979,36,13.81,75765.98,10,,17.77,4,1,credit_card,MORTGAGE,65,,0
7863,13529,60,12.25,38086.74,10,725.0,25.17,6,0,major_purchase,RENT,39,0.015517923217750218,0
7864,18645,36,14.06,43363.83,15,706.0,20.43,9,0,home_improvement,RENT,47,0.017935059649872825,0
7865,28424,36,16.78,43729.7,0,637.0,12.63,2,0,debt_consolidation,RENT,60,0.02559774374113696,1
7866,15382,36,12.35,48881.29,0,695.0,9.69,4,0,credit_card,OWN,51,0.010279611498915812,0
7867,6025,60,9.48,99350.78,4,655.0,10.92,6,0,home_improvement,OWN,56,0.010063756859002253,0
7868,45226,36,12.83,30841.67,5,628.0,18.45,4,0,credit_card,MORTGAGE,59,0.03939289558763538,0
7869,15844,60,18.08,109095.17,10,622.0,4.96,3,0,other,MORTGAGE,22,0.017417309379758484,0
7870,6175,36,12.14,70129.86,1,637.0,6.75,6,0,small_business,OWN,67,0.010862681161281263,0
7871,32519,36,20.61,30824.16,8,610.0,16.82,5,0,home_improvement,RENT,18,0.04714117195763034,0
7872,11174,36,15.54,45754.56,2,797.0,14.52,5,0,major_purchase,RENT,38,0.007386260644806709,0
7873,5443,36,15.16,70962.69,5,623.0,21.7,6,1,major_purchase,RENT,22,0.039424694409153055,0
7874,23395,36,9.82,,27,774.0,16.17,4,1,home_improvement,RENT,25,0.014087218456681854,0
7875,12725,36,11.5,51292.72,25,703.0,14.48,6,0,home_improvement,MORTGAGE,71,0.010994551595706345,0
7876,35461,36,14.09,31574.45,28,577.0,21.18,9,0,debt_consolidation,MORTGAGE,44,0.054111395833234245,0
7877,43115,60,11.88,75887.39,9,630.0,18.76,5,0,debt_consolidation,RENT,69,0.0364986013082176,0
7878,46548,36,17.04,31969.0,8,701.0,19.35,6,0,debt_consolidation,RENT,55,0.03425590263467774,0
7879,33351,36,12.85,22299.74,22,640.0,0.0,4,0,credit_card,RENT,69,0.014196242345694929,0
7880,20196,36,9.64,96604.79,0,692.0,14.96,4,1,major_purchase,RENT,56,0.020279039127837153,0
7881,48609,36,13.41,52373.98,29,568.0,16.32,7,2,credit_card,OWN,71,0.14276404193255682,0
7882,16254,36,10.72,50174.98,7,683.0,21.68,4,0,debt_consolidation,RENT,41,0.016630934705249546,0
7883,16021,36,14.9,71782.64,12,673.0,29.65,1,0,debt_consolidation,OWN,21,0.028565337639989342,0
7884,48136,36,10.11,59306.37,15,794.0,10.11,3,0,debt_consolidation,RENT,63,0.00984030043695646,0
7885,7724,36,19.6,39432.68,10,640.0,11.9,5,0,debt_consolidation,OWN,28,0.01927430388468631,0
7886,30690,36,6.25,44733.15,24,723.0,27.15,3,1,other,RENT,41,0.028039525493723513,0
7887,3407,60,10.9,77961.25,4,758.0,16.72,4,2,debt_consolidation,RENT,35,0.01841397082710611,0
7888,10032,36,12.98,35896.53,8,745.0,20.21,3,0,credit_card,MORTGAGE,42,0.01064503072416189,0
7889,49340,36,10.32,59097.9,6,749.0,9.11,5,0,debt_consolidation,OWN,27,0.01303752862337184,0
7890,19794,60,4.0,101696.45,14,676.0,13.53,4,1,debt_consolidation,RENT,73,0.015845146768136198,0
7891,21881,36,20.01,,6,706.0,16.11,9,0,credit_card,RENT,66,0.021594617328103756,0
7892,22756,36,15.33,90812.15,24,645.0,32.38,1,1,major_purchase,MORTGAGE,38,0.06957863579997951,0
7893,42162,36,7.39,34755.37,7,715.0,24.38,5,0,credit_card,OWN,19,0.02183722522272058,0
7894,31416,60,7.97,64612.16,8,614.0,13.96,8,2,small_business,RENT,44,0.05903474758526899,0
7895,46354,60,6.53,91151.69,8,632.0,16.55,3,2,debt_consolidation,OWN,35,0.0693691787491924,0
7896,27752,60,11.83,45734.86,10,803.0,18.07,3,1,credit_card,RENT,43,0.015237214909677034,0
7897,14926,36,18.29,107931.2,8,737.0,14.79,2,1,debt_consolidation,OWN,71,0.02088986541979006,0
7898,35765,36,11.24,58655.96,27,586.0,17.71,0,1,debt_consolidation,RENT,68,0.05839805703959664,0
7899,16390,36,10.58,30934.44,1,702.0,33.29,5,1,debt_consolidation,RENT,36,0.038287208274520285,0
7900,40867,36,16.28,85098.52,0,620.0,26.46,7,0,debt_consolidation,OWN,37,0.06237064470748924,0
7901,23939,60,13.69,99629.72,8,721.0,16.91,5,0,debt_consolidation,MORTGAGE,60,0.014974481926503164,0
7902,29307,36,12.18,28824.04,17,703.0,28.04,4,0,debt_consolidation,OWN,47,0.026307025497661188,0
7903,32828,36,15.36,71036.28,10,693.0,9.31,4,1,credit_card,OWN,32,0.02735712428276376,0
7904,30513,60,5.35,43178.67,28,642.0,25.09,6,0,debt_consolidation,OTHER,69,0.025071314042019545,0
7905,26502,60,14.31,34463.08,2,767.0,7.5,1,0,credit_card,OTHER,21,0.008191280749878524,0
7906,32063,36,17.56,37950.62,13,641.0,2.5,5,0,debt_consolidation,OWN,49,0.019326923971361053,0
7907,24486,36,7.48,65254.36,20,694.0,18.58,6,0,credit_card,RENT,52,0.01410417280320008,0
7908,48277,36,10.94,,25,667.0,18.59,4,0,debt_consolidation,MORTGAGE,30,0.030594581346377523,0
7909,40258,36,4.63,58476.96,8,597.0,,7,0,credit_card,OWN,64,0.02594876216842546,0
7910,33692,36,10.7,70500.06,5,660.0,23.91,5,1,home_improvement,RENT,44,0.04766316105707024,0
7911,40384,36,9.85,46152.08,28,578.0,29.76,5,0,credit_card,RENT,57,0.06431897165040182,0
7912,17958,60,19.26,,19,715.0,17.79,5,0,home_improvement,MORTGAGE,59,0.01877565573089444,0
7913,37016,36,10.58,38296.54,7,643.0,17.96,5,0,home_improvement,OWN,55,0.027377354169684728,0
7914,19232,36,13.61,14735.65,11,659.0,27.24,4,1,credit_card,OWN,48,0.04700928613338706,0
7915,12748,36,17.81,47205.74,3,718.0,8.55,3,0,debt_consolidation,OWN,20,0.010555046981326878,0
7916,12514,36,4.0,88232.24,10,644.0,16.94,5,0,debt_consolidation,RENT,64,0.011703208660937924,0
7917,24738,36,12.94,8000.0,8,549.0,12.26,3,0,debt_consolidation,OWN,51,0.03286785538924797,0
7918,10695,60,8.0,87533.17,0,701.0,9.85,6,1,debt_consolidation,RENT,73,0.012271843775267813,0
7919,10070,60,8.1,68217.7,23,639.0,21.77,7,1,debt_consolidation,OWN,39,0.028283101477714238,0
7920,29765,36,8.98,56535.53,7,660.0,11.02,3,1,home_improvement,MORTGAGE,41,0.02424739232329992,0
7921,43662,60,10.44,46866.78,7,713.0,13.75,4,0,debt_consolidation,MORTGAGE,44,0.01724631527980354,0
7922,32761,36,8.29,71972.93,4,620.0,18.11,6,0,credit_card,RENT,54,0.02618894298424297,0
7923,18698,36,10.75,94963.8,2,701.0,20.72,4,1,debt_consolidation,RENT,29,0.02470486355324041,0
7924,17123,36,16.27,66449.76,4,683.0,28.02,8,1,major_purchase,MORTGAGE,39,0.0478231933715468,0
7925,37144,60,14.35,54739.47,11,678.0,25.25,4,0,home_improvement,MORTGAGE,20,0.03531070158151015,0
7926,27616,36,23.28,127474.27,0,664.0,24.5,8,1,debt_consolidation,MORTGAGE,35,0.07887873653357956,0
7927,39146,36,13.15,62153.83,4,694.0,10.9,3,0,home_improvement,OWN,33,0.017852814669344685,0
7928,13182,60,14.8,19041.24,29,718.0,33.31,2,0,credit_card,RENT,53,0.02408091641489379,0
7929,26833,36,17.43,68195.63,3,576.0,15.38,6,1,credit_card,RENT,20,0.06769548548871249,0
7930,35342,36,7.67,45290.04,29,726.0,11.83,4,0,debt_consolidation,RENT,67,0.01096024383684525,0
7931,33331,36,17.34,51173.87,0,659.0,12.03,9,0,credit_card,MORTGAGE,45,0.026618231286630087,0
7932,48098,36,8.48,91961.33,19,578.0,0.99,3,0,debt_consolidation,MORTGAGE,55,0.022699750264898556,0
7933,28128,36,14.1,81944.96,7,667.0,21.64,5,0,small_business,OWN,67,0.027415724358801238,0
7934,33556,36,16.06,15948.72,2,619.0,3.7,5,0,credit_card,MORTGAGE,68,0.02205573545037219,0
7935,23969,60,4.6,16766.92,18,745.0,6.48,4,0,other,MORTGAGE,36,0.005424339680579348,0
7936,23876,36,10.74,63526.9,0,594.0,32.06,8,0,home_improvement,RENT,27,0.050350711322480805,0
7937,10949,36,11.93,84314.33,5,692.0,29.86,7,2,debt_consolidation,RENT,62,0.0561404916872858,0
7938,26518,36,7.72,8000.0,10,694.0,8.34,1,0,debt_consolidation,MORTGAGE,56,0.009433217968432935,0
7939,7670,60,13.53,,3,703.0,9.95,2,0,other,OWN,65,0.008835524671775263,0
7940,26099,60,18.99,121651.22,4,719.0,24.79,11,0,debt_consolidation,OWN,21,0.029571691319793064,0
7941,41335,36,8.32,89658.63,0,650.0,4.88,2,0,debt_consolidation,RENT,25,0.014889464079659917,0
7942,14716,36,16.95,40172.9,22,610.0,14.0,5,0,debt_consolidation,RENT,32,0.025131513492563384,0
7943,40885,60,14.17,,6,553.0,15.63,0,0,debt_consolidation,RENT,46,0.05133903990772705,0
7944,9837,60,6.78,65824.93,1,689.0,6.5,4,1,debt_consolidation,OWN,63,0.010474725989233496,0
7945,49299,36,10.53,104545.12,2,647.0,9.17,5,0,debt_consolidation,RENT,27,0.024063062093965904,0
7946,21159,36,13.24,88381.34,3,750.0,2.73,6,0,small_business,OTHER,71,0.00672203241787509,0
7947,43266,36,18.55,37525.6,3,717.0,21.45,3,0,home_improvement,RENT,68,0.033208403350744146,0
7948,38877,36,15.41,74678.37,8,764.0,12.96,7,2,debt_consolidation,RENT,48,0.039257647630965994,0
7949,23560,60,9.45,39491.41,25,591.0,0.98,8,0,debt_consolidation,RENT,30,0.01429989444482572,0
7950,19106,36,13.78,85954.06,2,622.0,24.58,4,0,debt_consolidation,RENT,48,0.03268272162260118,0
7951,48289,36,4.0,53655.54,7,707.0,24.41,6,1,debt_consolidation,RENT,19,0.035922079065056185,0
7952,10720,36,15.81,59014.39,11,760.0,20.7,6,0,major_purchase,OWN,60,0.011925254146044803,0
7953,39661,36,9.14,64235.71,2,825.0,29.0,6,0,debt_consolidation,RENT,67,0.014346766737264339,0
7954,30362,36,7.98,46221.15,1,706.0,25.65,5,0,debt_consolidation,RENT,46,0.019767318120248276,0
7955,30258,36,10.94,62661.54,1,682.0,21.66,3,0,credit_card,OWN,68,0.022022112449491583,0
7956,23782,36,7.22,71472.14,24,731.0,11.95,9,0,debt_consolidation,OWN,27,0.008737459081763033,0
7957,43168,36,11.41,52971.57,14,643.0,25.64,5,0,debt_consolidation,RENT,18,0.043167518698617034,0
7958,23120,36,16.41,65483.86,5,633.0,16.18,3,0,home_improvement,RENT,72,0.026912058562091078,0
7959,21790,60,4.3,41399.51,25,714.0,10.34,7,0,debt_consolidation,RENT,46,0.0073944766852166765,0
7960,29912,60,11.91,29235.31,28,722.0,19.83,3,0,other,RENT,27,0.01687239614539955,1
7961,49374,36,11.57,59147.64,6,678.0,18.49,3,1,debt_consolidation,OTHER,54,0.048226427651758774,0
7962,44907,60,14.28,85435.84,8,629.0,20.05,3,0,debt_consolidation,RENT,65,0.04394569704678853,0
7963,36812,36,11.46,84620.76,5,741.0,19.36,3,2,credit_card,RENT,36,0.04384078053860041,0
7964,38160,36,16.02,83051.47,2,600.0,10.59,6,0,major_purchase,MORTGAGE,52,0.035495793402791,0
7965,21156,60,17.67,85246.88,18,687.0,10.51,7,0,home_improvement,MORTGAGE,59,0.01670863218128803,0
7966,12672,36,16.35,64603.79,10,704.0,24.32,3,0,debt_consolidation,RENT,31,0.019835250231561973,0
7967,16444,36,9.29,46293.41,5,643.0,17.57,5,0,debt_consolidation,OWN,31,0.01692622456533164,0
7968,8784,60,19.98,53476.96,0,768.0,5.39,8,0,home_improvement,OWN,33,0.007482185745539164,0
7969,19929,60,7.62,56972.96,17,675.0,10.46,6,0,debt_consolidation,MORTGAGE,73,0.01053960158826977,0
7970,3070,36,15.09,43550.39,7,653.0,5.49,6,0,debt_consolidation,OWN,20,0.010226436623195478,0
7971,24906,60,16.85,74823.41,0,551.0,20.88,6,0,credit_card,OWN,33,0.05624337839902088,0
7972,36618,36,20.56,44699.07,1,850.0,21.0,2,0,debt_consolidation,RENT,50,0.014348746603058057,0
7973,47158,36,16.28,13756.76,10,671.0,7.37,5,0,other,RENT,55,0.024745857373004207,0
7974,4939,36,9.21,86465.56,9,586.0,9.85,2,0,credit_card,OWN,20,0.013483411350097336,0
7975,31841,36,15.92,72757.92,3,622.0,20.23,5,0,small_business,OWN,32,0.03954453915932926,0
7976,44863,36,11.71,16868.36,1,747.0,13.17,9,1,credit_card,RENT,56,0.025769909386209936,0
7977,18301,36,16.66,43801.49,24,619.0,7.71,6,0,major_purchase,OWN,72,0.019906922668457,0
7978,9194,36,13.02,57593.63,1,704.0,23.83,4,0,other,RENT,46,0.015582217844094765,0
7979,7851,36,17.97,59922.78,0,716.0,16.43,5,0,small_business,RENT,23,0.013609556952990974,0
7980,18378,36,12.37,112619.02,10,659.0,0.0,5,0,debt_consolidation,OWN,59,0.009304214871990747,0
7981,2678,36,16.01,36019.31,3,637.0,16.28,6,0,other,RENT,67,0.017867549273055658,0
7982,32640,60,9.78,34472.86,11,693.0,35.59,3,0,debt_consolidation,OWN,70,0.03514145558980245,0
7983,35756,36,16.99,91786.87,7,714.0,20.84,4,0,credit_card,OWN,52,0.026706466199116194,0
7984,31777,36,4.0,55418.61,2,584.0,18.6,10,0,major_purchase,RENT,30,0.027266269437446703,0
7985,28183,36,15.08,89333.69,0,549.0,20.23,5,1,debt_consolidation,MORTGAGE,53,0.08571300160597035,0
7986,29445,60,13.73,53352.95,0,748.0,13.4,7,1,home_improvement,MORTGAGE,43,0.020702115041632448,0
7987,3502,36,12.86,90464.68,9,715.0,12.02,3,0,other,OWN,20,0.008032775160051192,0
7988,23665,36,4.0,53061.76,17,699.0,4.49,6,0,debt_consolidation,OWN,65,0.006489236594031721,0
7989,18198,36,10.28,56876.4,13,635.0,8.61,2,0,major_purchase,RENT,60,0.013155922672701359,0
7990,23411,36,17.08,34070.97,9,747.0,27.89,2,1,credit_card,OWN,63,0.03646766744855315,0
7991,17867,36,8.89,103199.22,2,746.0,15.7,3,0,small_business,OTHER,35,0.008441147869541449,0
7992,16266,36,6.39,41155.65,23,684.0,25.63,8,1,debt_consolidation,RENT,56,0.02649414690838867,0
7993,41422,60,7.96,28072.47,10,662.0,0.48,7,0,home_improvement,RENT,19,0.012052469653092751,0
7994,37208,36,17.02,100503.13,13,703.0,16.79,5,1,home_improvement,OTHER,54,0.04104244654075257,0
7995,45002,60,14.1,76471.67,2,696.0,,4,1,credit_card,MORTGAGE,42,0.03988855215152348,0
7996,33213,60,17.95,99610.99,3,644.0,17.05,7,1,small_business,MORTGAGE,67,0.05731120812911382,0
7997,9367,60,15.05,42169.55,25,585.0,21.38,4,0,small_business,RENT,49,0.03152444395725265,0
7998,15490,60,8.79,75129.16,7,695.0,10.85,7,1,other,RENT,39,0.015266652752875158,0
7999,37362,60,19.57,95002.61,9,671.0,14.65,2,1,debt_consolidation,OWN,45,0.05000850219515536,0
8000,40285,36,9.82,31435.51,0,722.0,15.64,8,1,credit_card,RENT,24,0.027127633596197905,0
8001,11219,36,8.95,68164.77,6,782.0,14.72,9,0,debt_consolidation,RENT,20,0.006112306609402006,0
8002,8310,36,13.27,48670.78,24,605.0,12.0,3,0,major_purchase,MORTGAGE,32,0.017288059077130335,0
8003,38307,60,13.92,50169.46,25,708.0,20.43,6,0,credit_card,RENT,68,0.02511975621085653,0
8004,31631,36,15.6,39472.68,15,,1.6,4,0,home_improvement,RENT,27,,0
8005,16744,36,10.9,70655.96,9,765.0,,8,0,small_business,RENT,38,0.008325102344577652,0
8006,21867,36,17.89,54061.22,27,621.0,14.9,4,0,credit_card,RENT,47,0.02908094369002807,0
8007,20625,60,9.64,36863.88,23,637.0,8.84,7,1,other,RENT,57,0.02288997989965156,0
8008,8378,60,7.87,95498.68,22,645.0,13.81,6,1,credit_card,OWN,47,0.018955196764133285,0
8009,21149,36,4.42,61286.21,24,697.0,9.33,3,0,credit_card,OWN,31,0.007503752521948854,0
8010,44133,36,11.32,20820.05,7,698.0,10.27,7,0,debt_consolidation,RENT,23,0.017835989730239376,0
8011,13422,36,15.59,42873.17,8,716.0,16.11,3,0,debt_consolidation,OWN,51,0.013077994576699871,0
8012,29926,36,15.1,22992.86,6,754.0,24.96,6,0,home_improvement,RENT,19,0.020591307375714185,0
8013,39679,36,13.48,44342.36,16,663.0,27.73,6,0,credit_card,MORTGAGE,23,0.043470877675739504,0
8014,35171,36,10.32,68801.15,9,640.0,21.72,6,0,other,OWN,60,0.031014945107204765,0
8015,15180,60,17.19,75480.09,0,624.0,10.87,3,0,debt_consolidation,RENT,38,0.02051039086099437,0
8016,29301,36,12.52,81128.28,1,689.0,17.32,3,0,major_purchase,RENT,72,0.01890616589095522,0
8017,38931,36,13.77,44406.61,2,680.0,9.7,7,0,home_improvement,RENT,67,0.019745628028956075,0
8018,26014,60,7.51,51097.29,12,597.0,18.91,3,0,debt_consolidation,RENT,69,0.0253371479789472,0
8019,32936,36,4.75,70993.96,0,723.0,21.85,3,0,debt_consolidation,OWN,26,0.013549279471362287,0
8020,16336,36,15.64,81568.74,8,654.0,26.46,2,0,debt_consolidation,OWN,72,0.029687848636135553,0
8021,24200,36,22.27,,21,772.0,19.79,3,0,debt_consolidation,MORTGAGE,19,0.018653350117837118,0
8022,7470,60,13.97,76052.06,28,670.0,14.96,2,1,debt_consolidation,OWN,72,0.021802221688140715,0
8023,32859,36,15.67,45995.05,6,615.0,20.08,2,0,major_purchase,MORTGAGE,58,0.04007432517905027,0
8024,16953,36,15.58,8000.0,8,697.0,14.39,2,0,credit_card,MORTGAGE,62,0.014509441080635784,0
8025,41044,60,12.49,82654.22,21,743.0,15.55,2,0,major_purchase,MORTGAGE,46,0.015975099081725824,0
8026,40507,60,5.98,74086.68,27,705.0,24.34,6,1,debt_consolidation,OWN,44,0.03431483821382489,0
8027,29433,36,15.14,57566.48,6,755.0,21.53,5,0,home_improvement,RENT,73,0.017582021215792373,0
8028,27957,60,18.31,64372.5,5,633.0,16.47,2,0,debt_consolidation,RENT,38,0.03246591137179888,0
8029,8523,60,14.38,88912.75,7,718.0,16.28,4,1,home_improvement,OWN,47,0.01839084921559367,0
8030,23387,60,11.38,59788.97,3,754.0,13.21,5,1,credit_card,MORTGAGE,50,0.015384965053620215,0
8031,49761,60,13.99,8000.0,23,701.0,28.56,6,0,debt_consolidation,RENT,37,0.04483564306287484,0
8032,33169,36,12.06,9241.3,4,745.0,26.62,5,0,other,RENT,47,0.021065667120975504,0
8033,47641,36,17.58,93468.4,7,686.0,27.22,3,0,credit_card,OWN,38,0.05139849051994373,0
8034,24990,36,13.22,74832.45,4,749.0,16.78,4,0,debt_consolidation,RENT,29,0.012468536092478347,0
8035,31661,36,15.26,88398.39,0,722.0,20.61,4,0,credit_card,OWN,50,0.0214283331580695,1
8036,15419,60,16.91,97160.4,10,662.0,20.87,5,1,debt_consolidation,OWN,36,0.039798268234275264,0
8037,16457,60,15.28,95711.28,9,658.0,21.73,2,2,debt_consolidation,RENT,46,0.06205559504207627,1
8038,4064,36,12.65,24767.82,4,715.0,9.64,8,0,home_improvement,MORTGAGE,54,0.00768614565516268,0
8039,40083,36,6.36,54955.62,0,657.0,33.16,5,1,credit_card,OWN,19,0.0632133528731263,0
8040,12566,36,14.16,37872.61,27,694.0,0.0,3,0,debt_consolidation,RENT,27,0.00721265045272135,0
8041,35085,36,16.12,64082.78,5,681.0,8.67,8,2,credit_card,OTHER,47,0.05207946251741495,0
8042,33528,60,5.99,26130.75,8,628.0,5.04,5,0,debt_consolidation,MORTGAGE,68,0.013435344233450018,0
8043,8130,36,14.08,61074.02,1,676.0,16.66,4,0,credit_card,OWN,26,0.014301304054035645,0
8044,42187,36,12.44,16937.4,3,650.0,19.82,4,0,major_purchase,RENT,38,0.03384738710884322,0
8045,4042,36,4.0,51321.92,6,696.0,18.04,5,0,debt_consolidation,OWN,50,0.0075880775002620336,0
8046,6598,36,13.74,96460.33,9,692.0,3.54,7,0,credit_card,OWN,52,0.007604058834393189,0
8047,44982,60,17.93,42945.85,22,664.0,23.34,8,0,major_purchase,MORTGAGE,41,0.05096725185905891,0
8048,34886,36,12.52,42684.03,4,671.0,15.43,5,2,major_purchase,RENT,39,0.05813576986919119,0
8049,35477,60,4.09,63147.17,23,597.0,18.52,9,0,debt_consolidation,OWN,26,0.026931444319623733,0
8050,30716,36,13.83,64551.54,7,726.0,36.4,3,0,debt_consolidation,OWN,39,0.035087922596436366,0
8051,14601,36,16.79,67846.24,6,651.0,15.93,11,0,credit_card,RENT,61,0.02237285415503976,0
8052,38018,36,8.99,40123.85,6,740.0,18.45,4,0,credit_card,RENT,26,0.014742914690815598,0
8053,10061,60,11.44,44965.49,24,568.0,11.41,4,1,credit_card,MORTGAGE,47,0.03266059866748098,0
8054,10609,36,10.92,61708.09,3,726.0,27.69,3,0,debt_consolidation,RENT,24,0.01462600717273163,0
8055,37371,36,12.76,84588.77,22,661.0,27.11,5,0,debt_consolidation,OWN,73,0.03930972948654974,0
8056,46814,36,10.8,41742.35,0,762.0,20.97,8,0,credit_card,OWN,43,0.01932351265560463,0
8057,19485,36,17.67,55072.46,28,754.0,15.65,3,0,debt_consolidation,MORTGAGE,62,0.012807931390239079,0
8058,22805,36,17.57,11615.49,8,820.0,17.22,7,0,debt_consolidation,MORTGAGE,67,0.01018502023615345,0
8059,9857,36,9.86,49093.26,30,737.0,34.43,4,0,major_purchase,OWN,41,0.016879032515153918,0
8060,13620,36,17.67,65039.35,10,633.0,23.08,3,0,credit_card,OWN,60,0.031101614802726538,0
8061,10177,36,5.68,81760.18,0,738.0,8.64,7,0,small_business,RENT,51,0.005092605886731001,0
8062,32111,36,9.03,40345.36,0,694.0,20.74,3,1,home_improvement,OWN,18,0.03045195010540109,0
8063,25042,36,14.77,64292.35,2,637.0,17.82,3,0,debt_consolidation,RENT,35,0.026860778041146584,0
8064,20645,60,12.63,66790.69,6,735.0,19.07,6,0,credit_card,OWN,56,0.013482347262796134,0
8065,26405,36,12.86,15199.19,16,685.0,16.78,5,1,debt_consolidation,RENT,51,0.030245368997598304,0
8066,13826,60,13.79,28573.58,0,836.0,20.17,5,1,other,OWN,62,0.011621831855749144,0
8067,15890,36,10.35,72560.75,3,,17.83,7,0,credit_card,RENT,26,,0
8068,18892,60,17.29,61512.86,9,667.0,15.52,8,0,credit_card,OWN,73,0.021692446077430174,0
8069,48598,36,15.07,62374.02,4,556.0,20.59,3,0,debt_consolidation,OWN,29,0.07537309005915142,0
8070,11484,36,11.88,36760.8,5,557.0,18.84,4,0,credit_card,RENT,20,0.030040145881745375,0
8071,7495,60,16.0,23798.97,4,656.0,30.57,2,1,debt_consolidation,MORTGAGE,23,0.04772947626147021,0
8072,30481,60,14.12,71969.19,28,724.0,16.67,2,0,debt_consolidation,RENT,51,0.016438080002930424,0
8073,13267,60,11.33,64181.43,0,745.0,7.84,10,0,debt_consolidation,RENT,51,0.006864117600404519,0
8074,42166,60,11.16,11485.92,25,738.0,23.9,3,0,credit_card,MORTGAGE,67,0.022081633436598132,0
8075,8743,36,7.7,57529.08,4,564.0,,4,0,small_business,OWN,23,0.019187166607912493,0
8076,39939,36,9.85,104524.77,3,640.0,4.2,3,0,credit_card,OWN,19,0.01629095694765179,0
8077,28569,36,11.56,74993.59,24,629.0,19.39,3,0,debt_consolidation,MORTGAGE,51,0.02741092522861801,0
8078,30552,60,12.64,37614.99,4,732.0,15.96,4,1,credit_card,RENT,30,0.023647645182760434,0
8079,47772,36,8.66,64171.0,30,660.0,22.22,4,0,credit_card,MORTGAGE,63,0.03252250035636973,0
8080,45730,60,12.46,54855.31,9,755.0,21.95,2,0,credit_card,RENT,48,0.02095090388943355,0
8081,30948,36,10.13,101158.99,7,683.0,21.67,5,0,debt_consolidation,RENT,30,0.021758757258757137,0
8082,12775,36,9.45,31861.85,29,660.0,24.77,4,0,debt_consolidation,MORTGAGE,50,0.018868733860467713,0
8083,5557,36,14.37,92487.9,2,671.0,22.43,6,0,debt_consolidation,RENT,22,0.018178677461137122,0
8084,5587,36,12.99,30158.75,25,597.0,30.18,4,0,debt_consolidation,OWN,61,0.034771727391176184,0
8085,18535,60,11.76,68346.1,9,649.0,17.28,7,0,credit_card,OWN,30,0.019377024478760583,0
8086,2954,36,14.34,76127.72,17,711.0,17.53,6,0,major_purchase,RENT,21,0.011220598652576548,0
8087,48562,60,7.17,88846.16,9,672.0,14.21,4,0,debt_consolidation,OTHER,24,0.02096198321553498,0
8088,25544,60,7.49,79208.56,10,593.0,14.03,2,0,small_business,RENT,49,0.021012116881014835,0
8089,35455,36,10.68,21892.79,1,519.0,17.44,4,0,home_improvement,RENT,50,0.052985304976554876,0
8090,43269,60,11.59,60028.88,1,598.0,25.88,2,0,major_purchase,OWN,34,0.05530911735164171,0
8091,17138,36,15.06,72780.33,6,615.0,17.01,3,0,home_improvement,RENT,66,0.02573478456247566,0
8092,44462,36,9.49,87158.0,5,735.0,19.68,2,0,other,MORTGAGE,49,0.018180462368450983,0
8093,5127,36,9.57,31736.52,14,,29.0,4,0,debt_consolidation,OWN,67,,0
8094,25147,36,16.36,36522.23,15,652.0,25.87,6,1,debt_consolidation,MORTGAGE,59,0.06029821917174681,0
8095,47528,36,7.67,23411.78,9,606.0,10.96,4,1,small_business,RENT,23,0.04421199516951458,0
8096,13559,60,16.06,59991.12,6,701.0,6.72,7,0,credit_card,OWN,65,0.01052917817260094,0
8097,49564,36,12.03,66762.11,12,721.0,0.88,5,0,debt_consolidation,MORTGAGE,33,0.012152180960166778,0
8098,5395,36,8.89,68863.23,13,716.0,25.57,1,0,small_business,RENT,66,0.011421167015902838,0
8099,27389,36,7.62,53353.38,20,675.0,0.0,3,0,debt_consolidation,MORTGAGE,31,0.007835532885845637,0
8100,2845,36,11.25,57172.51,20,693.0,13.3,3,1,debt_consolidation,OWN,36,0.014391804434235322,0
8101,35932,60,14.61,57367.44,0,736.0,13.19,1,0,debt_consolidation,OWN,22,0.015078976052166142,0
8102,47722,60,11.95,54185.06,5,659.0,19.91,4,1,credit_card,OWN,33,0.05648378206131614,0
8103,40672,36,15.67,14120.95,6,669.0,14.97,9,0,debt_consolidation,OWN,40,0.02993716972265154,0
8104,15731,60,15.55,36085.24,22,741.0,4.1,4,0,other,RENT,20,0.00739242182510409,0
8105,35122,36,15.22,73441.72,8,674.0,21.65,6,1,debt_consolidation,MORTGAGE,43,0.05192860579707758,0
8106,37585,36,15.39,48886.54,7,685.0,22.69,6,0,debt_consolidation,MORTGAGE,40,0.03320776124463279,0
8107,5832,36,9.87,47479.15,9,760.0,16.58,8,1,debt_consolidation,RENT,27,0.011468005286734832,0
8108,34332,36,15.13,91657.53,1,658.0,8.71,9,0,debt_consolidation,RENT,41,0.021531744705168207,0
8109,14467,60,20.52,86883.12,9,727.0,21.13,6,0,home_improvement,OWN,22,0.02000706306440008,0
8110,43025,36,15.91,41739.55,9,721.0,16.83,5,0,credit_card,MORTGAGE,71,0.02420247996748605,0
8111,15107,36,10.45,97277.91,17,693.0,17.44,6,0,debt_consolidation,OTHER,18,0.013050917656449525,0
8112,14458,36,9.68,55109.34,10,689.0,18.57,5,0,debt_consolidation,RENT,61,0.013150730546124497,0
8113,30666,36,12.46,79998.18,28,590.0,5.03,5,0,debt_consolidation,MORTGAGE,68,0.021828255672649233,0
8114,45481,36,15.08,59135.77,0,792.0,1.5,9,1,debt_consolidation,RENT,48,0.014944126758237952,0
8115,4581,36,12.71,44004.65,17,667.0,14.04,7,0,credit_card,OTHER,67,0.012209214092594093,0
8116,11582,60,7.57,80046.55,16,717.0,27.28,3,1,other,RENT,60,0.02144343615646257,0
8117,10418,60,15.03,37446.15,3,739.0,9.39,3,2,credit_card,OWN,47,0.021487966581907318,0
8118,30091,36,15.75,56068.58,13,702.0,27.37,3,0,small_business,RENT,74,0.030832145218022466,0
8119,31113,60,8.49,59928.66,11,756.0,22.91,4,0,credit_card,OWN,52,0.013615464925512981,0
8120,20827,36,15.84,50364.66,4,735.0,36.83,1,0,credit_card,RENT,52,0.030228948189202864,0
8121,16419,36,12.49,26007.38,15,570.0,20.14,6,0,debt_consolidation,OWN,70,0.033845425059230994,0
8122,13814,36,13.95,72665.5,27,679.0,13.56,5,0,debt_consolidation,MORTGAGE,54,0.01395560719153546,0
8123,35804,36,14.02,83016.49,4,552.0,8.13,5,0,debt_consolidation,MORTGAGE,65,0.03662470632721641,0
8124,12024,60,13.15,64105.03,29,663.0,22.38,5,0,debt_consolidation,RENT,43,0.020137667864501108,0
8125,45700,36,10.4,40982.07,2,628.0,14.97,3,0,debt_consolidation,OWN,68,0.030614162056858685,0
8126,9435,60,14.0,114191.02,1,624.0,12.7,3,0,debt_consolidation,RENT,71,0.016835279839200263,0
8127,3548,36,12.18,54222.87,0,689.0,13.88,6,0,small_business,RENT,55,0.010062362207793192,0
8128,7065,36,13.32,53795.12,2,719.0,12.7,6,0,debt_consolidation,RENT,51,0.009114792946234978,0
8129,24880,60,10.91,8000.0,5,583.0,11.75,5,0,debt_consolidation,OWN,34,0.0244851158811875,0
8130,5407,36,13.58,28975.39,15,810.0,12.83,7,0,debt_consolidation,OWN,21,0.005274095662001738,0
8131,35407,36,12.0,89012.97,0,707.0,34.01,3,1,debt_consolidation,OTHER,40,0.05767861002827576,0
8132,34940,36,7.99,142322.74,8,676.0,13.56,6,1,debt_consolidation,OWN,62,0.026460122466192632,0
8133,7666,36,14.15,92145.78,8,675.0,20.05,12,0,debt_consolidation,MORTGAGE,33,0.017685264202290597,0
8134,39122,60,16.32,33950.17,2,577.0,15.66,7,0,credit_card,OWN,29,0.051311772887264406,0
8135,27092,36,13.64,71902.26,0,640.0,8.49,5,0,debt_consolidation,MORTGAGE,37,0.018404935554672097,0
8136,12109,36,11.32,50278.01,2,616.0,22.39,9,0,debt_consolidation,MORTGAGE,48,0.025277947023962598,0
8137,37654,60,13.63,51042.09,3,638.0,21.56,9,0,small_business,RENT,72,0.03950505807001704,0
8138,36932,36,9.36,27453.5,13,717.0,15.44,10,0,debt_consolidation,RENT,70,0.0158632460616119,0
8139,28505,36,15.21,72987.13,3,632.0,,6,1,debt_consolidation,RENT,55,0.045157069956804026,0
8140,38713,36,15.58,28285.99,5,703.0,16.29,8,0,debt_consolidation,RENT,24,0.024527189729358436,0
8141,45169,36,11.9,8000.0,0,716.0,18.65,3,1,major_purchase,MORTGAGE,69,0.03655772697615538,0
8142,9746,36,12.54,49766.23,10,693.0,24.8,8,0,other,MORTGAGE,26,0.01773919953836062,0
8143,13975,36,8.0,8000.0,7,799.0,14.99,5,0,debt_consolidation,MORTGAGE,49,0.005405597648397803,0
8144,42522,60,14.38,39799.21,5,697.0,30.36,3,1,credit_card,OWN,73,0.06797877905056326,0
8145,17596,36,11.15,74990.55,14,767.0,11.89,6,0,debt_consolidation,RENT,25,0.0073405054266512315,0
8146,39953,36,4.0,88294.36,12,792.0,24.32,4,0,other,OWN,54,0.011094601880681293,0
8147,35861,36,12.52,75940.3,4,672.0,18.86,5,0,credit_card,MORTGAGE,53,0.02572124887640727,0
8148,5880,36,11.63,54230.95,14,850.0,19.21,3,0,debt_consolidation,RENT,59,0.004713968699038528,0
8149,45454,60,8.03,46397.08,5,758.0,24.55,8,0,credit_card,RENT,40,0.01935195833179402,0
8150,45539,36,15.97,36836.0,2,618.0,23.0,6,2,credit_card,OWN,65,0.14570158166117309,0
8151,45448,36,10.35,97159.95,15,755.0,9.34,7,0,debt_consolidation,RENT,69,0.012009916229771092,0
8152,4785,36,9.16,28531.69,15,641.0,13.67,3,0,debt_consolidation,MORTGAGE,62,0.011368222288816685,0
8153,24449,36,16.49,63106.03,23,711.0,15.21,3,0,other,OWN,53,0.0168879956839146,0
8154,16799,36,13.69,74837.87,8,747.0,17.12,5,0,home_improvement,RENT,48,0.011242809751465,0
8155,41307,36,8.17,10366.26,3,732.0,23.58,3,0,credit_card,MORTGAGE,61,0.019186790231146934,0
8156,49498,36,12.03,8000.0,21,642.0,6.06,3,0,debt_consolidation,RENT,26,0.02324513163742403,0
8157,45333,36,8.94,74781.72,1,630.0,22.5,3,1,debt_consolidation,OWN,18,0.06029368634368169,0
8158,42828,36,7.05,23622.5,27,617.0,20.55,4,0,home_improvement,RENT,62,0.03289647622358084,0
8159,5990,36,6.76,67738.7,4,775.0,26.04,4,0,small_business,OWN,47,0.007686298198041058,0
8160,21073,36,14.82,38109.75,0,735.0,8.56,4,0,debt_consolidation,RENT,47,0.009803732431734012,0
8161,38863,60,8.9,66690.29,2,755.0,18.53,5,0,debt_consolidation,MORTGAGE,66,0.01383611977655678,0
8162,16549,36,8.15,70079.52,6,575.0,20.27,6,1,other,RENT,24,0.0434916730023773,0
8163,20259,60,11.18,85124.23,0,726.0,5.18,5,0,debt_consolidation,RENT,35,0.007505242157915911,0
8164,21790,36,22.35,71076.24,6,641.0,14.1,4,1,home_improvement,OWN,74,0.050273306585634024,0
8165,11979,60,13.95,65612.91,2,613.0,9.9,5,0,debt_consolidation,RENT,70,0.017209743848247725,0
8166,22316,36,15.36,103487.64,0,600.0,12.96,4,1,debt_consolidation,OWN,34,0.04405422201896881,0
8167,28183,36,8.29,35572.23,4,685.0,26.41,7,2,credit_card,OWN,39,0.059780153644617785,0
8168,30324,36,13.79,61309.31,2,665.0,25.62,2,0,debt_consolidation,MORTGAGE,37,0.032319850518167284,0
8169,26624,36,12.06,82760.88,6,711.0,16.6,2,1,credit_card,MORTGAGE,59,0.02420909353010419,0
8170,40176,36,9.27,8000.0,17,687.0,30.05,3,1,small_business,RENT,58,0.05350553582432414,0
8171,22245,36,11.21,98123.05,8,720.0,16.15,7,1,debt_consolidation,OWN,41,0.02086492675558085,0
8172,48705,36,9.51,55844.94,17,671.0,9.42,5,0,credit_card,OWN,62,0.01984808589546272,0
8173,25790,36,12.61,70724.49,5,632.0,22.93,8,1,debt_consolidation,MORTGAGE,25,0.05222776326334283,0
8174,28756,36,11.21,47670.32,0,739.0,21.45,4,3,credit_card,OWN,68,0.06596559225872371,1
8175,4833,36,9.52,71005.42,26,714.0,16.87,5,0,credit_card,MORTGAGE,44,0.008692708480157954,0
8176,7285,36,11.09,66635.36,4,680.0,16.15,6,0,small_business,MORTGAGE,67,0.011846565376136063,0
8177,11589,36,15.55,31894.31,8,681.0,17.39,4,0,major_purchase,RENT,61,0.016445518877474453,0
8178,49476,36,7.45,49004.29,7,655.0,22.14,7,0,debt_consolidation,MORTGAGE,39,0.03349209619041686,0
8179,16116,36,9.88,72571.35,9,718.0,22.21,7,2,debt_consolidation,RENT,44,0.03614925897093273,0
8180,9645,36,13.37,96766.7,24,718.0,23.31,3,0,debt_consolidation,RENT,63,0.014284397777584432,0
8181,46786,36,9.65,50600.74,23,620.0,16.0,4,0,credit_card,RENT,35,0.03318914538181814,0
8182,31150,60,17.06,27721.73,29,777.0,16.58,7,2,credit_card,RENT,40,0.039060489698496445,0
8183,12889,36,16.63,68829.43,8,669.0,17.99,3,2,major_purchase,RENT,27,0.05092567007084114,0
8184,32286,60,16.84,52476.05,26,656.0,11.35,8,0,credit_card,OWN,49,0.024982496097810888,0
8185,39545,36,14.62,80063.59,7,752.0,9.42,8,1,debt_consolidation,OWN,39,0.022241560757975783,0
8186,17994,60,15.91,41355.71,0,720.0,27.52,3,0,debt_consolidation,RENT,58,0.02223025519258059,0
8187,37503,60,12.1,25979.08,1,713.0,17.87,5,1,debt_consolidation,RENT,74,0.03204203584382405,0
8188,48379,36,9.74,99233.51,5,718.0,11.04,5,0,debt_consolidation,RENT,68,0.016114025007498593,0
8189,26662,36,9.97,48165.55,15,751.0,13.17,5,0,other,MORTGAGE,73,0.0094949019062495,0
8190,41136,36,5.8,37358.23,0,615.0,13.74,8,1,debt_consolidation,RENT,61,0.03925312190302676,0
8191,28639,36,10.6,42901.21,5,644.0,22.15,4,0,debt_consolidation,MORTGAGE,49,0.026982330919749196,1
8192,19205,60,10.84,95258.39,29,774.0,28.9,5,0,credit_card,RENT,25,0.01389957412552395,0
8193,34930,60,11.32,117331.81,18,637.0,14.71,6,0,debt_consolidation,MORTGAGE,33,0.025111431378678162,0
8194,9777,60,22.09,40258.16,9,615.0,2.57,1,0,debt_consolidation,MORTGAGE,64,0.017512718676084487,0
8195,30315,60,9.1,55130.65,0,704.0,20.63,8,0,home_improvement,MORTGAGE,64,0.017854217450785935,0
8196,49617,60,11.12,68045.37,0,654.0,6.22,2,1,major_purchase,RENT,22,0.03367124153070123,0
8197,28973,36,20.62,13421.89,0,717.0,14.6,8,0,credit_card,MORTGAGE,28,0.022367168060704847,0
8198,20316,36,9.25,47229.87,4,670.0,30.22,1,0,credit_card,MORTGAGE,41,0.024545379762708205,0
8199,29304,36,7.88,107251.73,10,654.0,,4,0,debt_consolidation,MORTGAGE,72,0.01705818131045714,0
8200,38303,36,11.24,51867.49,2,622.0,12.74,6,1,credit_card,RENT,44,0.043757856304795485,0
8201,32522,36,9.24,91594.29,0,710.0,9.12,2,0,debt_consolidation,RENT,21,0.010849151200779835,0
8202,24340,36,16.37,58306.1,0,666.0,6.8,1,1,home_improvement,RENT,19,0.0251187766793007,0
8203,21830,36,12.6,8000.0,6,690.0,13.3,7,0,other,RENT,67,0.01446575133363105,0
8204,15403,36,7.63,84801.3,18,632.0,15.85,3,2,debt_consolidation,MORTGAGE,38,0.03960307103641423,0
8205,16516,60,13.28,51292.84,20,706.0,27.25,6,0,home_improvement,MORTGAGE,21,0.02100676918899511,0
8206,21091,36,12.78,95794.31,4,679.0,13.85,7,1,credit_card,MORTGAGE,27,0.025601235922965006,0
8207,9959,36,6.51,65052.82,11,675.0,22.03,4,0,debt_consolidation,OWN,47,0.012690623850710427,0
8208,33932,60,13.78,60158.86,6,710.0,31.65,8,0,credit_card,MORTGAGE,57,0.03569627399520973,0
8209,32554,36,14.0,71776.2,29,556.0,33.78,3,0,other,MORTGAGE,35,0.08677054088624735,0
8210,38701,36,6.62,69497.83,6,617.0,13.21,7,0,credit_card,RENT,28,0.023009269675420073,0
8211,5385,36,7.15,16645.25,6,669.0,30.58,6,1,debt_consolidation,RENT,24,0.028871607888985688,0
8212,35690,36,10.6,86521.54,8,688.0,22.53,7,0,small_business,RENT,49,0.02501369377730224,0
8213,12367,60,9.51,59175.68,0,701.0,27.96,8,1,debt_consolidation,OWN,56,0.028339221124329638,0
8214,48505,36,14.39,60678.3,6,640.0,9.25,6,1,debt_consolidation,RENT,65,0.04878115902546185,0
8215,35332,36,10.27,70453.88,21,699.0,15.05,9,2,major_purchase,OWN,72,0.046007121798976626,0
8216,21642,36,11.3,82602.88,10,656.0,21.27,9,1,debt_consolidation,RENT,56,0.03742186798351208,0
8217,12789,60,7.77,86377.38,29,634.0,6.06,6,0,credit_card,RENT,27,0.009879937746505524,0
8218,37268,36,15.79,76646.2,4,715.0,12.62,4,0,debt_consolidation,RENT,25,0.018700269739572634,0
8219,22950,60,8.96,16349.09,1,725.0,8.13,5,0,debt_consolidation,RENT,69,0.008019717768543419,0
8220,27563,36,7.87,58226.04,16,720.0,14.87,5,0,credit_card,MORTGAGE,65,0.011201531808256317,0
8221,41649,60,12.21,36599.42,0,691.0,16.11,6,0,credit_card,OWN,62,0.023019612672518844,0
8222,38404,60,16.29,64480.82,1,701.0,40.35,8,0,credit_card,RENT,48,0.06419871239676633,0
8223,34991,60,13.81,55032.71,8,701.0,20.12,5,1,credit_card,RENT,46,0.038758335757692934,0
8224,41065,36,9.74,110900.09,16,735.0,6.41,10,1,debt_consolidation,MORTGAGE,48,0.018069413021735082,0
8225,49663,60,10.38,25919.38,10,769.0,19.28,6,0,debt_consolidation,RENT,56,0.017626987114331086,0
8226,2350,36,6.6,60252.85,30,744.0,0.0,2,0,other,MORTGAGE,36,0.00296768794135099,0
8227,20312,60,19.7,62828.48,11,596.0,24.24,3,0,major_purchase,MORTGAGE,26,0.050442596414108865,0
8228,26127,36,18.21,48339.42,15,651.0,24.84,2,1,small_business,MORTGAGE,21,0.062423297934920956,0
8229,30853,36,13.15,59424.25,30,783.0,6.49,1,1,home_improvement,RENT,46,0.012082512742234309,0
8230,39500,36,11.95,113539.17,9,585.0,21.46,5,1,credit_card,MORTGAGE,68,0.07841353866071986,0
8231,35785,36,7.5,69061.89,14,654.0,15.79,6,3,credit_card,RENT,24,0.08380780660926108,0
8232,20610,36,11.42,97793.02,4,794.0,11.69,4,1,debt_consolidation,MORTGAGE,32,0.010737685132934159,0
8233,25590,36,15.56,48250.97,8,610.0,29.73,2,1,major_purchase,RENT,27,0.08233772833637912,0
8234,31443,36,14.92,79307.81,25,633.0,14.08,5,0,debt_consolidation,RENT,59,0.02765403563449703,0
8235,49997,60,10.2,39730.03,22,674.0,20.5,1,1,credit_card,RENT,26,0.04954497503242478,0
8236,9170,36,15.2,38199.36,4,599.0,15.23,4,1,debt_consolidation,RENT,38,0.037276612890078886,0
8237,15303,36,16.63,15462.91,5,731.0,29.04,4,0,credit_card,RENT,71,0.02194900505591467,0
8238,8207,60,12.14,33349.69,22,712.0,15.9,6,0,credit_card,OWN,49,0.010406537504379023,0
8239,14316,36,15.93,,4,749.0,12.72,3,0,major_purchase,RENT,19,0.009733698127410198,0
8240,37187,36,18.6,98650.8,24,584.0,17.94,8,0,debt_consolidation,OTHER,47,0.05826842117516833,0
8241,8240,36,19.66,57088.86,18,711.0,7.63,8,0,other,OWN,28,0.011173212553105138,0
8242,3893,36,9.6,65804.02,1,678.0,33.39,4,0,credit_card,OWN,51,0.020143193606727065,0
8243,15753,36,13.77,88641.59,15,585.0,29.85,7,1,home_improvement,MORTGAGE,58,0.07638986644499346,0
8244,40090,36,14.81,51909.12,21,799.0,16.29,6,1,credit_card,MORTGAGE,36,0.022094161449162757,0
8245,13232,60,11.92,35597.09,1,621.0,11.79,3,1,major_purchase,OWN,56,0.026243063861650772,0
8246,19509,36,16.97,38446.74,7,707.0,14.15,6,0,debt_consolidation,RENT,38,0.015870116630604687,0
8247,5117,36,12.22,88031.79,23,659.0,8.94,5,0,debt_consolidation,OWN,45,0.010120100775417477,0
8248,38929,60,11.39,63613.28,2,715.0,13.16,8,1,home_improvement,RENT,44,0.02697445575191495,0
8249,6042,36,6.74,63615.32,7,648.0,13.48,5,1,credit_card,RENT,23,0.016448107087921254,0
8250,39201,36,5.24,37716.17,10,732.0,8.35,4,0,other,OTHER,39,0.008819075843920167,0
8251,28746,60,10.6,93582.79,0,773.0,26.87,9,0,credit_card,RENT,27,0.01601192532998462,0
8252,16016,36,4.0,106183.25,2,688.0,17.11,5,0,debt_consolidation,MORTGAGE,61,0.00972502689616337,0
8253,27022,60,16.98,64330.16,7,582.0,22.04,6,0,major_purchase,RENT,46,0.0516144228738616,0
8254,37426,36,15.55,82954.25,5,607.0,15.48,2,1,credit_card,MORTGAGE,53,0.06141150213051525,0
8255,29938,60,14.76,43878.34,4,788.0,9.18,7,1,debt_consolidation,OWN,36,0.01471534155502482,0
8256,45678,36,16.45,91860.21,0,715.0,13.89,13,0,home_improvement,RENT,38,0.026126278473710064,0
8257,37712,36,10.9,74389.38,26,668.0,12.98,5,0,debt_consolidation,OWN,27,0.02004434994124893,0
8258,41978,36,12.89,29240.83,23,746.0,25.65,2,0,major_purchase,MORTGAGE,63,0.024222798659495937,0
8259,10787,60,10.52,71302.4,6,662.0,28.52,2,0,debt_consolidation,OWN,32,0.021468630960248397,0
8260,3986,60,16.44,71176.27,2,734.0,7.77,3,0,debt_consolidation,RENT,61,0.007307788214035651,0
8261,12942,36,4.0,64541.33,0,566.0,16.85,2,0,home_improvement,MORTGAGE,25,0.018107422033095056,0
8262,19458,60,16.44,72712.47,1,655.0,17.72,5,0,debt_consolidation,RENT,30,0.02389175655519634,0
8263,14161,36,4.72,58829.59,10,629.0,13.59,13,1,home_improvement,OWN,31,0.021223796308324234,0
8264,22689,36,11.18,55416.23,15,595.0,14.92,5,0,major_purchase,OWN,38,0.025076692007426796,0
8265,31163,36,7.8,66243.51,1,638.0,18.06,4,0,debt_consolidation,RENT,74,0.021831245122379987,0
8266,37775,60,11.46,51257.08,0,670.0,8.14,8,1,debt_consolidation,OTHER,29,0.028307846832449367,0
8267,35737,60,9.79,43804.51,13,644.0,19.26,6,0,home_improvement,OWN,63,0.027136608225553055,0
8268,10772,36,10.46,87759.53,8,710.0,,2,1,credit_card,OWN,33,0.015495939509696525,0
8269,37592,60,14.19,45663.74,5,686.0,8.16,5,1,debt_consolidation,RENT,58,0.028518755621050232,0
8270,3211,36,12.9,55979.32,15,650.0,29.2,4,1,debt_consolidation,RENT,63,0.037950617769785255,0
8271,2229,36,16.0,48006.95,7,750.0,17.08,6,0,debt_consolidation,OWN,33,0.009357088068993913,0
8272,16345,36,13.67,38241.05,7,725.0,28.86,5,3,credit_card,OWN,59,0.08430825506311872,1
8273,37953,60,5.64,98545.08,0,702.0,19.37,6,0,debt_consolidation,RENT,22,0.016526264973031432,0
8274,33819,36,21.41,23975.11,4,606.0,17.88,6,1,debt_consolidation,RENT,27,0.08596567788999386,0
8275,49779,36,4.06,69931.92,0,700.0,25.88,2,0,major_purchase,MORTGAGE,59,0.02421618144575692,0
8276,18885,36,13.26,56730.12,26,718.0,20.33,9,0,debt_consolidation,RENT,34,0.016077916911650593,0
8277,28708,36,14.94,71967.91,4,731.0,8.06,7,0,major_purchase,RENT,71,0.011862496415117154,0
8278,2048,36,13.17,55739.48,2,653.0,18.72,6,0,small_business,RENT,66,0.015371640261232016,0
8279,21950,36,11.2,72311.71,0,753.0,21.63,3,0,debt_consolidation,MORTGAGE,35,0.012446392002090342,0
8280,17173,60,17.95,67076.73,0,746.0,12.69,4,0,credit_card,MORTGAGE,62,0.011687951055959824,0
8281,35737,36,16.49,74715.67,24,773.0,28.21,8,0,home_improvement,MORTGAGE,20,0.02557181633626725,0
8282,30036,36,11.91,103590.24,1,601.0,16.07,1,0,debt_consolidation,OWN,53,0.029114279796554076,0
8283,49321,60,10.2,13328.39,10,657.0,,1,0,other,MORTGAGE,29,0.02697288098654035,0
8284,7820,36,8.73,62031.56,11,601.0,17.3,4,1,major_purchase,OWN,29,0.028440177451758225,0
8285,16292,60,9.05,35155.93,4,631.0,25.48,7,0,debt_consolidation,RENT,37,0.02488088002119852,0
8286,5052,36,11.76,41884.8,21,597.0,,3,0,home_improvement,MORTGAGE,61,0.017758725545721468,0
8287,46377,36,5.38,36197.11,2,616.0,16.99,5,0,other,MORTGAGE,57,0.028752405267240363,0
8288,25781,36,11.97,52696.35,0,719.0,11.32,7,0,small_business,RENT,30,0.01180823037474502,0
8289,4302,60,15.21,88054.17,0,654.0,8.18,10,0,debt_consolidation,OWN,54,0.01212532023201477,0
8290,4283,60,9.75,50552.19,4,611.0,14.96,8,0,other,OWN,38,0.015300665895176311,0
8291,44567,36,11.91,68647.67,7,800.0,18.6,4,0,credit_card,OWN,41,0.013664976198891527,0
8292,17620,36,13.23,82419.37,10,702.0,16.57,5,0,debt_consolidation,OWN,58,0.014268917660839518,0
8293,32461,36,13.94,38709.37,15,615.0,15.82,2,0,home_improvement,RENT,25,0.031038996544363456,0
8294,22750,36,11.2,40059.07,2,665.0,11.66,6,1,other,MORTGAGE,22,0.024160006259071526,0
8295,34890,36,19.04,60007.96,12,691.0,5.94,5,0,debt_consolidation,RENT,61,0.018732226485248256,0
8296,25183,36,12.01,14955.29,2,662.0,17.1,5,0,debt_consolidation,RENT,69,0.020157014460334823,0
8297,11472,36,6.68,110230.66,30,648.0,9.44,3,0,debt_consolidation,RENT,29,0.009313252510832544,0
8298,5727,36,10.46,60141.14,28,644.0,18.08,8,0,debt_consolidation,RENT,65,0.015168345409740831,0
8299,48500,60,17.19,73989.64,0,723.0,20.14,2,0,debt_consolidation,OWN,70,0.031282930195907464,0
8300,27523,36,16.88,55114.83,11,718.0,27.59,3,0,credit_card,OTHER,31,0.02847224733785072,0
8301,32766,36,5.12,75902.07,25,619.0,13.74,5,0,debt_consolidation,MORTGAGE,61,0.018833961438379555,0
8302,39726,36,10.81,55642.47,0,576.0,7.04,9,0,debt_consolidation,RENT,23,0.02932987677517241,0
8303,2524,36,9.89,73957.82,1,627.0,15.23,4,0,other,RENT,58,0.01315358596549102,0
8304,11079,60,15.12,92418.22,5,756.0,18.75,6,0,credit_card,OWN,44,0.011004124545425403,0
8305,10399,36,7.45,8000.0,0,663.0,27.42,5,0,debt_consolidation,MORTGAGE,35,0.017973497226121286,0
8306,29370,36,18.24,76657.16,24,659.0,26.54,5,0,other,MORTGAGE,51,0.043396923326548764,0
8307,18532,36,6.12,46765.75,23,709.0,16.15,9,0,debt_consolidation,OTHER,59,0.010037291174924216,0
8308,18821,60,11.44,32382.28,28,605.0,15.24,3,1,debt_consolidation,OWN,23,0.03584734956765066,0
8309,45162,36,7.18,23911.58,2,691.0,7.77,3,0,credit_card,MORTGAGE,48,0.013480219336672448,0
8310,5749,36,14.63,62440.65,0,,14.22,5,1,other,MORTGAGE,72,,0
8311,13353,36,4.0,67049.58,7,649.0,21.39,5,0,other,RENT,72,0.013770777911398501,0
8312,48777,36,11.31,44356.46,24,626.0,27.85,5,0,credit_card,RENT,72,0.05727232134925032,0
8313,30477,36,11.24,28541.84,10,753.0,22.85,5,0,debt_consolidation,MORTGAGE,31,0.01579003824019706,0
8314,26570,36,8.42,62866.86,30,689.0,12.57,8,0,major_purchase,RENT,37,0.012757454272612326,0
8315,22837,60,16.87,61735.18,25,709.0,6.49,8,0,credit_card,OWN,40,0.012565440470688792,0
8316,13437,60,18.81,75032.73,6,659.0,19.6,2,0,home_improvement,OWN,39,0.024345535636778076,0
8317,40104,36,10.39,77184.88,0,732.0,14.61,6,0,debt_consolidation,RENT,21,0.01512717091681153,0
8318,6551,36,12.52,89114.46,0,751.0,22.0,3,1,credit_card,MORTGAGE,31,0.01648016935729829,0
8319,4823,36,9.53,76849.92,10,675.0,11.17,6,1,debt_consolidation,MORTGAGE,46,0.014482298183599439,0
8320,14916,36,6.95,19195.48,26,614.0,31.0,7,0,debt_consolidation,OWN,28,0.02993949308486775,1
8321,17167,36,7.53,59767.91,7,717.0,14.22,3,0,credit_card,RENT,38,0.008720153858566166,0
8322,43445,36,7.63,85000.23,23,585.0,30.34,5,0,debt_consolidation,OWN,60,0.0603129530655023,0
8323,49636,36,17.0,81201.48,9,651.0,23.33,5,0,credit_card,RENT,58,0.05572018854312554,0
8324,10391,36,13.72,120743.43,0,691.0,22.21,2,0,debt_consolidation,OWN,26,0.016402548503993874,0
8325,14658,36,8.19,82228.92,19,678.0,9.38,6,1,major_purchase,OWN,40,0.015065912219275763,0
8326,31685,36,8.54,26331.61,8,814.0,7.4,5,0,credit_card,MORTGAGE,60,0.005339337790351397,0
8327,25380,36,8.01,20495.21,0,706.0,16.35,10,0,home_improvement,RENT,18,0.013074897268117898,0
8328,44431,60,4.49,61398.79,20,710.0,7.88,2,0,debt_consolidation,RENT,42,0.010336537500728186,0
8329,30919,36,14.08,63772.56,17,701.0,25.59,6,0,credit_card,OWN,70,0.02792203093112526,0
8330,4311,60,11.49,46290.16,7,676.0,25.17,5,0,home_improvement,OWN,40,0.01648827560358242,0
8331,41993,36,18.84,79203.21,0,708.0,20.93,3,0,credit_card,RENT,72,0.03392989237306032,0
8332,46333,60,4.0,8000.0,5,685.0,12.95,4,0,small_business,MORTGAGE,60,0.015137305128747235,1
8333,45038,36,15.39,48401.11,6,640.0,25.21,6,3,debt_consolidation,OWN,66,0.20565138454314089,0
8334,15560,60,15.75,8000.0,1,775.0,17.21,5,2,other,MORTGAGE,53,0.027574554520331113,0
8335,40553,36,16.27,41199.91,1,668.0,11.63,3,0,small_business,RENT,57,0.025624695446540113,0
8336,27993,36,12.98,51319.33,1,586.0,15.86,5,0,major_purchase,MORTGAGE,33,0.0331583550615381,0
8337,32492,36,15.69,86281.11,5,555.0,17.31,2,2,credit_card,MORTGAGE,66,0.12639018628802298,0
8338,22981,36,13.22,29454.99,20,648.0,21.25,4,2,debt_consolidation,OWN,43,0.06739694309396466,1
8339,26143,36,9.01,56583.55,17,697.0,27.28,4,1,debt_consolidation,OWN,52,0.03464173909532672,0
8340,14067,36,10.4,46900.92,0,700.0,4.18,8,0,home_improvement,RENT,71,0.007380837161288353,0
8341,25916,36,10.29,56953.19,0,550.0,32.06,8,0,other,OTHER,55,0.0656950072605993,0
8342,43508,36,16.66,50297.83,0,760.0,19.49,9,0,home_improvement,OWN,72,0.02326557472369426,0
8343,48421,36,17.12,53664.48,7,697.0,20.51,5,0,debt_consolidation,RENT,69,0.03779029833973077,0
8344,5815,36,15.26,43707.31,24,687.0,21.72,8,0,small_business,OWN,52,0.017227004186473046,0
8345,33836,36,12.25,69244.51,2,729.0,19.71,3,0,debt_consolidation,OWN,67,0.017699167562691468,0
8346,39477,60,4.0,87559.21,7,721.0,23.52,3,1,home_improvement,RENT,18,0.026194554247224507,0
8347,39275,60,15.29,61046.64,0,741.0,42.68,4,0,debt_consolidation,OWN,18,0.05221291525081014,0
8348,41343,60,15.13,110207.81,0,637.0,33.0,5,0,debt_consolidation,RENT,27,0.0679483736772833,0
8349,6773,60,13.14,61963.63,0,717.0,17.02,7,0,credit_card,OWN,47,0.010892376557741239,0
8350,14446,36,13.92,80151.37,15,743.0,31.84,3,0,debt_consolidation,OWN,18,0.019465006871199193,0
8351,32733,60,8.75,41006.34,0,686.0,,5,0,debt_consolidation,RENT,22,0.015924559831019945,0
8352,12464,36,10.63,57122.51,3,665.0,8.41,8,1,credit_card,RENT,46,0.017245298376465337,0
8353,23576,36,8.72,52240.02,10,691.0,8.09,5,0,debt_consolidation,OWN,30,0.009806256734452928,0
8354,5320,60,11.38,29433.64,10,718.0,17.55,7,1,small_business,MORTGAGE,32,0.016133378753516486,0
8355,12750,36,15.51,40789.12,0,737.0,27.18,5,0,debt_consolidation,MORTGAGE,49,0.017910417534038516,0
8356,39466,36,13.75,68933.89,3,560.0,18.48,5,0,debt_consolidation,RENT,29,0.05499333418448813,0
8357,28572,36,7.82,92097.76,10,679.0,27.07,2,0,debt_consolidation,OWN,58,0.022781532676038906,0
8358,19948,36,19.33,74037.75,6,693.0,25.45,3,0,debt_consolidation,OWN,69,0.029467984154072042,0
8359,40826,36,12.69,68405.56,7,674.0,21.78,5,0,debt_consolidation,RENT,42,0.03162167620505835,0
8360,25515,36,9.3,38554.49,2,686.0,16.15,8,0,home_improvement,RENT,28,0.015296749084367265,0
8361,29867,36,10.8,72137.87,0,671.0,14.15,6,1,debt_consolidation,OWN,57,0.02895415399773713,0
8362,2726,36,9.78,44187.02,5,645.0,14.93,3,0,home_improvement,RENT,53,0.011551970929769152,0
8363,27820,36,12.9,30691.79,12,656.0,24.11,9,0,credit_card,OWN,20,0.03136485545839461,0
8364,8697,36,6.71,37520.68,17,629.0,18.78,6,0,debt_consolidation,MORTGAGE,61,0.014725203993375022,0
8365,46678,60,13.18,56998.64,9,653.0,18.34,4,0,debt_consolidation,RENT,54,0.035508120367130774,0
8366,44025,36,15.36,46500.97,6,785.0,12.63,3,0,debt_consolidation,RENT,38,0.01370357764365605,0
8367,14963,60,14.64,67189.55,9,,27.14,4,0,debt_consolidation,RENT,22,,0
8368,3081,36,13.06,50555.41,14,661.0,24.65,6,1,credit_card,RENT,19,0.030608820659839886,0
8369,22269,36,14.3,66946.22,17,651.0,40.01,4,0,credit_card,MORTGAGE,47,0.05441211517108635,0
8370,12776,36,13.57,52223.3,0,688.0,,3,0,debt_consolidation,RENT,28,0.013203524649512525,0
8371,33816,36,16.19,58788.51,19,643.0,31.88,3,0,other,MORTGAGE,57,0.056413475990568125,0
8372,16196,36,11.04,35476.79,0,770.0,15.12,3,2,debt_consolidation,RENT,27,0.020647851695941657,0
8373,44112,36,8.35,95880.71,23,706.0,6.35,4,0,debt_consolidation,MORTGAGE,47,0.012221521567236734,0
8374,17958,36,13.46,19235.27,6,590.0,,4,1,debt_consolidation,RENT,45,0.04237734129348889,0
8375,25369,36,16.34,122236.39,9,593.0,24.56,5,0,debt_consolidation,RENT,53,0.04967888261752706,0
8376,13689,36,10.44,71845.62,4,620.0,7.85,5,0,small_business,RENT,54,0.01325260418501576,0
8377,19331,60,18.39,20932.74,6,665.0,16.52,5,2,major_purchase,RENT,28,0.06162511701551837,0
8378,39528,36,13.53,62474.12,22,585.0,20.77,4,2,debt_consolidation,OWN,18,0.1276231185138296,0
8379,15436,60,15.71,65559.36,4,696.0,24.73,4,0,debt_consolidation,RENT,72,0.021826120596451642,0
8380,2066,60,7.35,97315.58,9,665.0,10.2,4,1,debt_consolidation,OWN,38,0.012331623632249574,0
8381,32725,36,15.16,26278.25,10,641.0,24.42,6,1,credit_card,RENT,43,0.06619269475017775,0
8382,27212,60,13.87,26308.06,1,688.0,16.07,7,0,credit_card,OWN,43,0.019313282249474005,0
8383,35332,60,20.45,68620.48,18,810.0,25.49,1,2,home_improvement,MORTGAGE,29,0.05461622274799702,0
8384,27401,36,14.06,64832.42,30,637.0,23.33,7,0,major_purchase,OWN,30,0.034966242045555505,0
8385,15393,36,14.62,96681.13,1,789.0,14.44,6,0,debt_consolidation,RENT,33,0.00810175356589541,0
8386,5670,36,8.72,35045.97,17,657.0,9.37,5,0,credit_card,MORTGAGE,37,0.00885568959656748,0
8387,27601,36,13.27,32995.28,1,644.0,25.82,4,1,credit_card,MORTGAGE,56,0.05595214958975956,0
8388,4251,36,16.58,106754.35,28,641.0,10.03,4,0,debt_consolidation,MORTGAGE,74,0.014192044544803955,1
8389,47717,60,10.61,58860.83,6,741.0,18.49,5,0,debt_consolidation,RENT,30,0.01942534739526332,0
8390,35572,60,9.15,41363.58,29,678.0,16.02,3,0,credit_card,RENT,45,0.018374248156558515,0
8391,29027,36,20.04,77643.47,0,657.0,10.52,5,0,debt_consolidation,OWN,70,0.025614210946020725,0
8392,33846,36,10.89,8729.27,19,531.0,12.64,4,2,debt_consolidation,RENT,29,0.10257088649175893,0
8393,23015,60,15.62,69457.15,7,595.0,16.18,3,1,debt_consolidation,RENT,37,0.05207946251741498,0
8394,11583,36,10.09,44201.39,4,741.0,15.76,10,1,credit_card,RENT,33,0.014351575449830014,0
8395,25104,36,10.25,47447.17,16,757.0,18.43,4,0,major_purchase,RENT,30,0.010984552317220713,0
8396,14224,36,11.51,92384.22,10,763.0,14.93,4,1,debt_consolidation,RENT,20,0.012985902199311464,0
8397,40784,36,14.29,70729.51,25,618.0,26.72,5,0,debt_consolidation,OWN,23,0.05683869389388858,0
8398,32836,36,16.67,31806.22,3,715.0,28.49,3,0,debt_consolidation,MORTGAGE,25,0.032920663675467546,0
8399,31299,36,9.76,61286.66,27,629.0,11.53,5,0,major_purchase,RENT,72,0.019863265808569047,0
8400,15036,36,16.48,62925.02,10,757.0,12.77,4,0,debt_consolidation,OTHER,68,0.0097907327628694,0
8401,21933,36,12.55,53446.75,7,729.0,19.26,4,0,debt_consolidation,OWN,24,0.014099167790502886,0
8402,14392,36,11.3,35993.23,0,690.0,13.79,5,0,debt_consolidation,OWN,30,0.011709687528788494,0
8403,9938,36,14.24,65669.88,17,620.0,15.52,9,0,home_improvement,OWN,61,0.020868195739233354,0
8404,6141,60,17.72,77520.06,22,755.0,16.47,3,0,debt_consolidation,RENT,73,0.010126915070469793,0
8405,25350,36,14.06,71343.18,20,690.0,10.27,5,0,major_purchase,RENT,61,0.014497149144753417,0
8406,11546,36,9.09,42179.18,15,720.0,14.8,4,1,credit_card,RENT,69,0.01402789798624009,0
8407,7335,36,12.58,56055.93,29,592.0,8.48,4,1,debt_consolidation,RENT,73,0.025404405653917102,0
8408,7077,36,14.25,8000.0,22,609.0,18.17,4,0,credit_card,RENT,49,0.022244605523946224,0
8409,48015,60,9.63,99958.64,26,653.0,37.66,6,0,debt_consolidation,OWN,40,0.06538755476771227,0
8410,7611,36,13.12,44959.35,15,850.0,12.89,3,0,credit_card,RENT,22,0.004085651731463942,0
8411,42857,36,9.13,46995.58,20,603.0,9.33,8,0,credit_card,OWN,60,0.0265669781346652,0
8412,37660,60,14.54,27137.32,4,651.0,2.92,3,0,debt_consolidation,RENT,45,0.017481087683280216,0
8413,7577,36,17.86,81522.79,12,661.0,15.22,6,1,debt_consolidation,RENT,61,0.029236640393761865,0
8414,22002,36,11.68,85701.89,2,763.0,14.88,4,0,debt_consolidation,MORTGAGE,39,0.009296659442401168,0
8415,41451,36,14.98,45757.28,0,699.0,14.07,4,1,debt_consolidation,MORTGAGE,70,0.03685615994188304,0
8416,36275,60,16.1,31554.27,9,587.0,31.48,4,1,debt_consolidation,RENT,27,0.12539539491144966,0
8417,30647,36,10.28,60511.56,18,656.0,18.83,11,0,debt_consolidation,RENT,33,0.024224689615843602,0
8418,36831,60,13.69,51766.27,0,651.0,27.77,8,0,small_business,MORTGAGE,73,0.045473745993697766,0
8419,36768,36,16.55,78607.84,2,589.0,25.71,6,0,credit_card,OWN,69,0.06706082264873167,0
8420,32962,36,18.55,56717.79,0,681.0,8.65,11,0,major_purchase,RENT,27,0.02202598946806666,0
8421,31583,60,10.89,54936.96,10,696.0,25.91,9,0,debt_consolidation,RENT,53,0.02599682875284041,0
8422,3294,36,7.49,76761.1,0,744.0,17.45,4,0,other,RENT,72,0.006460160491346366,0
8423,17096,60,14.33,20600.2,0,710.0,7.09,3,0,credit_card,MORTGAGE,74,0.00958447476626871,0
8424,38833,60,12.92,52218.28,3,609.0,12.3,2,0,debt_consolidation,OWN,50,0.030197303875516796,0
8425,48858,60,12.12,64804.35,3,670.0,27.25,1,1,credit_card,MORTGAGE,74,0.06999019293611616,0
8426,29328,36,9.92,49305.23,9,785.0,16.39,7,0,home_improvement,MORTGAGE,56,0.009453797481716694,0
8427,26398,36,15.54,67018.15,0,704.0,14.49,5,0,small_business,OWN,32,0.017302675840717492,0
8428,19706,60,9.65,65540.1,10,708.0,25.22,2,0,debt_consolidation,OWN,52,0.016421919949134996,0
8429,24340,36,9.3,81977.5,6,630.0,28.6,7,0,debt_consolidation,RENT,60,0.03343323210114635,0
8430,20825,36,11.47,53141.18,2,643.0,21.32,4,0,credit_card,MORTGAGE,54,0.023540751305360506,0
8431,19482,36,15.72,9182.14,11,630.0,15.37,0,1,small_business,RENT,32,0.037703851460986475,0
8432,11318,36,6.57,21310.12,4,682.0,27.07,2,1,debt_consolidation,RENT,21,0.024498495376831075,0
8433,43256,36,7.94,71589.21,21,690.0,3.12,4,1,major_purchase,OWN,24,0.018650055430829104,0
8434,46009,36,8.72,64535.66,30,688.0,18.97,8,0,debt_consolidation,MORTGAGE,69,0.02453006096598158,0
8435,45185,36,19.93,54353.29,18,745.0,26.43,3,0,credit_card,OWN,48,0.03795719018269631,0
8436,17574,36,13.13,56167.68,16,691.0,27.71,6,0,debt_consolidation,OWN,44,0.02366935803156677,0
8437,16650,36,7.83,43799.08,5,560.0,32.07,4,0,home_improvement,MORTGAGE,33,0.044672334151989616,0
8438,48118,60,11.48,43885.65,8,653.0,27.99,6,0,debt_consolidation,RENT,46,0.049640183978866805,0
8439,30930,60,15.09,46323.84,0,672.0,20.67,6,0,other,MORTGAGE,54,0.02868991767694489,0
8440,22171,36,20.0,53018.96,15,648.0,10.99,3,0,credit_card,MORTGAGE,26,0.023545808884034056,0
8441,36864,36,5.85,63050.62,12,667.0,16.2,6,0,debt_consolidation,MORTGAGE,65,0.017736760270208148,0
8442,13801,36,7.7,58084.85,3,640.0,16.27,8,1,debt_consolidation,OWN,19,0.024169910284422887,0
8443,24372,36,10.65,51812.41,8,755.0,11.43,8,0,credit_card,OWN,38,0.008811386824136474,0
8444,18559,60,10.79,77392.65,12,600.0,0.0,8,0,home_improvement,RENT,58,0.012625634905739374,0
8445,34334,60,10.72,81726.86,5,600.0,18.23,5,1,credit_card,MORTGAGE,19,0.05477857820314272,0
8446,41937,60,11.55,93467.85,15,588.0,10.28,3,1,debt_consolidation,RENT,58,0.05114651697646697,0
8447,15288,36,20.11,55287.31,19,726.0,19.61,4,0,credit_card,RENT,33,0.018517644539529577,0
8448,24398,36,6.94,46987.45,2,588.0,7.72,6,1,home_improvement,RENT,61,0.02727210506473416,0
8449,12694,36,12.64,58408.88,4,713.0,6.77,6,0,small_business,OWN,49,0.008071433463163722,0
8450,14191,36,14.24,46285.66,6,672.0,13.75,8,0,major_purchase,MORTGAGE,46,0.015425615182370633,0
8451,20051,36,6.19,59603.47,3,664.0,25.4,7,0,debt_consolidation,OWN,68,0.019124411920656482,0
8452,12737,36,17.74,70175.48,18,704.0,19.4,6,0,debt_consolidation,RENT,48,0.018052387706900406,0
8453,27251,36,11.37,,9,783.0,22.8,5,0,credit_card,RENT,30,0.012462627200945549,0
8454,7147,36,7.67,55962.74,5,607.0,9.75,6,0,other,MORTGAGE,33,0.011943413677184808,0
8455,21643,36,18.19,75966.37,0,637.0,18.8,3,1,debt_consolidation,RENT,31,0.04984817034450055,0
8456,40967,36,14.73,101911.37,4,585.0,10.89,1,0,small_business,OWN,51,0.03702051107508778,0
8457,35314,60,9.83,42308.16,21,692.0,27.4,2,2,credit_card,MORTGAGE,47,0.06990041986207644,0
8458,39999,36,14.9,68357.64,16,649.0,27.69,2,0,credit_card,MORTGAGE,53,0.048733851213962266,0
8459,42733,36,13.55,55234.03,0,614.0,13.66,6,0,debt_consolidation,MORTGAGE,40,0.035727955812178545,0
8460,20467,36,5.85,38902.17,19,652.0,30.51,4,1,credit_card,MORTGAGE,27,0.03917475542028036,0
8461,36808,60,6.25,42010.08,2,618.0,16.66,5,0,credit_card,RENT,28,0.024293808124346,0
8462,3752,36,13.35,49838.89,30,728.0,30.81,7,1,debt_consolidation,RENT,67,0.0273034259705667,0
8463,3849,60,4.91,99331.3,23,561.0,8.59,6,0,debt_consolidation,OWN,70,0.012249802679427973,0
8464,4642,36,16.02,83828.72,26,766.0,8.64,6,0,home_improvement,RENT,70,0.006390320686379071,0
8465,3600,60,6.48,37668.52,17,762.0,22.43,10,0,major_purchase,RENT,63,0.007183208482046633,0
8466,48719,36,15.68,73614.46,14,629.0,11.48,10,0,debt_consolidation,RENT,45,0.03892484033171107,0
8467,22786,36,17.69,35730.06,3,698.0,21.27,5,0,credit_card,RENT,57,0.024198229321950353,0
8468,46565,36,13.96,44342.24,9,825.0,9.79,7,2,small_business,RENT,28,0.026362410471108183,0
8469,22183,36,4.0,92824.79,13,694.0,8.07,5,0,other,OTHER,35,0.007409612023415307,0
8470,3132,60,16.48,,4,619.0,25.7,5,0,small_business,OWN,55,0.029330446173234416,0
8471,40259,36,10.25,12660.88,6,736.0,34.52,3,1,other,RENT,69,0.05032967665687368,0
8472,33076,36,11.77,60769.11,27,715.0,16.9,7,0,debt_consolidation,RENT,21,0.01722564982002084,0
8473,40563,60,9.03,70190.79,6,617.0,23.14,7,0,home_improvement,MORTGAGE,50,0.03940576357514484,1
8474,28691,36,18.73,53136.31,4,626.0,16.56,5,0,credit_card,MORTGAGE,33,0.03614925897093273,0
8475,45299,60,12.71,63515.3,0,667.0,22.96,7,2,home_improvement,OTHER,47,0.09778161756257824,0
8476,12931,36,10.38,49859.78,5,779.0,0.0,3,0,major_purchase,RENT,51,0.003624600566323083,0
8477,9633,60,17.36,75685.01,10,612.0,13.3,0,0,credit_card,RENT,18,0.02126205295773036,0
8478,39777,36,15.52,51456.47,1,661.0,33.89,4,2,debt_consolidation,RENT,54,0.148191043047212,0
8479,36881,36,7.47,73982.41,10,780.0,21.27,4,1,home_improvement,MORTGAGE,39,0.019301542775301335,0
8480,3044,36,13.34,84635.17,16,651.0,17.53,6,1,other,OWN,60,0.024918270577478994,0
8481,48691,36,12.88,81122.05,17,744.0,22.73,5,1,home_improvement,RENT,31,0.04160737886825258,0
8482,37199,36,6.11,55400.2,30,672.0,25.31,5,0,debt_consolidation,RENT,44,0.024840637145665832,0
8483,26363,36,15.31,8000.0,6,774.0,0.82,9,0,home_improvement,RENT,46,0.0068377181795290076,0
8484,48694,60,11.88,72246.75,0,743.0,,6,0,credit_card,OWN,26,0.018340730051141736,0
8485,3582,60,20.6,23858.27,22,690.0,7.95,2,0,major_purchase,RENT,40,0.011539645428234267,0
8486,16374,60,17.64,71558.56,0,675.0,35.17,4,0,debt_consolidation,OWN,68,0.04133944207008362,0
8487,3308,60,12.89,69567.33,23,625.0,5.92,2,0,major_purchase,OWN,45,0.010638924063415326,0
8488,23301,60,11.65,54817.85,30,576.0,16.55,6,0,other,RENT,42,0.031204839557591863,0
8489,10793,60,4.0,61670.55,25,679.0,22.98,5,0,credit_card,RENT,43,0.01167063672711523,0
8490,3620,60,15.37,96369.88,28,706.0,22.99,6,0,credit_card,MORTGAGE,31,0.015284703548976358,0
8491,31883,36,11.73,92385.69,0,728.0,9.41,3,0,home_improvement,RENT,74,0.011124264099675195,0
8492,39534,60,10.13,51214.93,0,815.0,9.89,8,1,debt_consolidation,RENT,56,0.012527529942169798,0
8493,39960,60,12.09,12758.96,2,598.0,11.82,5,0,major_purchase,OWN,34,0.03193798798508317,0
8494,41390,60,18.21,99273.63,19,672.0,13.94,7,0,major_purchase,OWN,55,0.03179607121086437,0
8495,8093,36,17.46,20549.91,0,708.0,14.55,4,1,credit_card,MORTGAGE,19,0.0210178774237527,0
8496,24259,36,17.45,62280.12,16,620.0,23.27,4,0,credit_card,RENT,22,0.04142671718383656,0
8497,22655,60,7.85,58165.0,0,714.0,13.2,7,1,major_purchase,OTHER,56,0.016457168978987642,0
8498,35005,60,18.32,70883.79,15,698.0,20.38,3,1,debt_consolidation,OWN,31,0.04848965881846464,0
8499,33629,36,10.04,92482.67,3,657.0,12.6,7,0,debt_consolidation,RENT,21,0.019013303126012134,0
8500,25610,36,14.98,61515.11,7,589.0,21.61,8,1,debt_consolidation,OWN,71,0.07054156355860731,0
8501,23602,36,14.51,47381.8,29,676.0,20.49,8,0,debt_consolidation,RENT,22,0.023919290730732207,0
8502,22409,36,11.44,67116.08,9,706.0,15.44,1,1,credit_card,OWN,53,0.02107804382005369,0
8503,13110,36,12.86,,0,572.0,11.23,6,1,debt_consolidation,OWN,26,0.036699580527157785,0
8504,8073,36,5.43,42898.88,23,659.0,13.68,5,0,major_purchase,OWN,57,0.009249987907956033,0
8505,37310,60,12.24,54710.45,4,660.0,11.66,1,0,debt_consolidation,RENT,61,0.020324387291687653,0
8506,17282,36,11.06,,9,735.0,18.55,6,0,credit_card,MORTGAGE,26,0.011437437102470303,0
8507,12195,36,20.79,94659.43,14,613.0,24.4,8,0,credit_card,RENT,53,0.04357995071672861,0
8508,3537,60,12.12,87031.95,18,709.0,21.94,7,0,credit_card,OWN,50,0.012374569340707443,0
8509,19138,36,9.14,83015.89,6,718.0,24.61,4,0,debt_consolidation,OWN,44,0.014863963694559203,0
8510,46328,36,12.46,87302.55,18,690.0,9.61,3,0,debt_consolidation,MORTGAGE,32,0.019340195812197532,0
8511,48202,36,9.31,74728.33,0,733.0,17.74,5,0,debt_consolidation,MORTGAGE,74,0.01872744793736726,0
8512,42164,36,6.32,61937.99,8,802.0,12.64,3,1,debt_consolidation,MORTGAGE,44,0.0125287670615685,0
8513,26207,60,13.65,34997.63,0,737.0,18.42,9,0,debt_consolidation,OWN,68,0.0156955193629852,0
8514,22619,60,12.03,,6,653.0,22.98,7,0,home_improvement,MORTGAGE,26,0.02595937996033024,0
8515,26845,36,15.97,18937.85,5,715.0,14.3,4,0,credit_card,MORTGAGE,65,0.016421596907449452,0
8516,26310,36,17.82,46948.44,29,750.0,5.38,4,0,home_improvement,OWN,53,0.010174943886940993,0
8517,39899,36,19.56,61621.77,6,634.0,9.88,6,1,credit_card,MORTGAGE,65,0.05610341109398533,0
8518,32562,60,12.92,61491.79,25,717.0,1.7,5,1,debt_consolidation,RENT,30,0.01572335212468936,0
8519,30036,60,14.77,44268.7,6,694.0,18.23,6,0,credit_card,OWN,18,0.022192031858617612,0
8520,10697,36,13.13,16905.53,8,715.0,14.56,1,0,debt_consolidation,OWN,62,0.010179376264486591,0
8521,19513,36,4.0,45977.46,5,597.0,13.31,7,0,major_purchase,MORTGAGE,61,0.015683473561360524,0
8522,45039,60,16.94,53622.16,10,671.0,6.26,10,0,credit_card,RENT,73,0.024654796439133684,0
8523,5145,60,14.18,64730.67,16,642.0,13.35,5,0,credit_card,MORTGAGE,19,0.014685503865336349,0
8524,29818,36,14.24,77304.31,19,697.0,16.94,5,0,credit_card,MORTGAGE,34,0.01991746114433664,0
8525,32544,60,9.95,52304.73,13,724.0,16.12,3,0,debt_consolidation,OWN,36,0.013777841891955784,0
8526,15100,36,9.43,50380.36,4,572.0,25.24,3,0,debt_consolidation,OWN,72,0.03328168208852814,0
8527,22104,36,11.73,44004.73,4,702.0,11.09,4,0,debt_consolidation,OTHER,73,0.011545806553482158,0
8528,6067,36,14.23,58242.1,5,770.0,17.66,5,0,credit_card,RENT,20,0.008319820298059805,0
8529,38963,36,4.19,83359.15,0,771.0,26.84,6,0,credit_card,OWN,72,0.014013244553013275,0
8530,32728,36,12.81,33820.73,27,775.0,26.03,4,0,credit_card,RENT,63,0.017571660478779234,0
8531,34317,36,18.75,10949.05,2,731.0,25.38,3,0,credit_card,OWN,46,0.030267081178283917,0
8532,33416,36,11.47,65230.09,1,,16.27,8,0,credit_card,OWN,36,,0
8533,44012,36,4.08,89393.15,9,658.0,17.14,8,0,debt_consolidation,RENT,38,0.020873917666792897,0
8534,42049,36,11.25,67653.48,0,,15.98,3,0,debt_consolidation,MORTGAGE,24,,0
8535,4509,36,13.18,35214.31,21,589.0,23.27,6,0,debt_consolidation,MORTGAGE,65,0.028085347376470057,0
8536,23400,60,13.5,57368.74,23,650.0,10.2,6,0,debt_consolidation,OTHER,43,0.017310158878925227,0
8537,8533,36,12.62,61388.54,6,734.0,23.23,5,1,home_improvement,RENT,24,0.020369435660813527,0
8538,16670,36,19.74,77893.62,29,713.0,10.38,2,1,small_business,OWN,39,0.022479840178550047,0
8539,5932,60,12.56,38303.34,4,526.0,22.92,4,0,debt_consolidation,RENT,42,0.0390694990393982,0
8540,49363,36,12.77,99339.36,3,686.0,23.15,3,0,debt_consolidation,RENT,50,0.036115825071061196,0
8541,47809,36,9.72,49677.24,30,652.0,24.93,9,1,debt_consolidation,RENT,46,0.06706833067903084,0
8542,40328,36,15.78,43516.65,3,665.0,22.76,6,0,debt_consolidation,RENT,37,0.04015441598584928,0
8543,38784,60,18.79,67204.55,7,768.0,21.45,3,0,debt_consolidation,RENT,50,0.022869412182698758,0
8544,25723,60,9.49,25155.14,10,616.0,35.28,5,0,debt_consolidation,OWN,58,0.04761416230402336,0
8545,2719,36,11.57,111432.58,4,625.0,7.39,2,0,home_improvement,RENT,31,0.010440989936969729,0
8546,2074,36,4.0,71648.85,5,785.0,28.97,3,0,debt_consolidation,OWN,68,0.006498139690462198,0
8547,28498,36,8.65,53042.85,15,669.0,32.35,15,0,home_improvement,OWN,67,0.034974341414422905,0
8548,33345,60,19.88,35365.54,15,742.0,15.15,7,1,credit_card,MORTGAGE,59,0.03340416040462426,0
8549,22541,36,10.81,55278.47,19,691.0,25.63,4,0,credit_card,MORTGAGE,72,0.021052060965168578,0
8550,47929,60,12.91,84300.36,9,686.0,31.67,5,0,credit_card,RENT,38,0.04996766142211614,0
8551,36917,36,9.09,50436.83,3,628.0,17.59,6,0,credit_card,OWN,35,0.02761050830143669,0
8552,28028,36,13.79,41124.88,4,748.0,17.14,6,0,major_purchase,OWN,22,0.014170235693841888,0
8553,31545,60,11.3,77607.59,25,728.0,11.46,5,1,credit_card,OTHER,74,0.019575631598328737,0
8554,16033,60,13.64,33764.34,15,656.0,36.59,7,0,credit_card,OWN,34,0.041101524147030034,0
8555,33673,36,12.42,65850.08,0,681.0,28.04,5,0,debt_consolidation,RENT,60,0.033248237352989256,0
8556,32974,36,17.77,70298.28,16,717.0,10.51,3,0,credit_card,RENT,23,0.017063212199235636,0
8557,25097,36,12.67,69598.78,4,630.0,24.27,2,1,credit_card,RENT,73,0.051968005538651656,0
8558,38975,36,8.66,70785.29,0,580.0,16.26,7,0,other,RENT,38,0.03567081042825182,0
8559,29608,36,9.46,36236.35,7,687.0,6.0,2,0,debt_consolidation,OWN,50,0.010489454533619748,0
8560,25525,36,4.53,55306.15,24,634.0,41.06,6,0,debt_consolidation,OWN,45,0.04250902048594648,0
8561,17043,36,12.5,53710.56,7,733.0,11.11,6,0,small_business,OWN,44,0.009214314968540267,0
8562,43846,36,11.75,63437.8,30,,14.93,9,0,credit_card,MORTGAGE,55,,0
8563,13725,36,18.05,15019.22,2,601.0,16.48,5,0,debt_consolidation,OWN,38,0.030183835490108297,0
8564,38704,36,7.31,25022.02,5,691.0,14.22,4,0,debt_consolidation,OWN,25,0.015556162306408664,0
8565,44075,36,9.21,114010.83,0,605.0,17.5,6,0,other,MORTGAGE,22,0.036333678557831955,0
8566,39383,60,9.25,78137.13,0,707.0,26.52,7,1,debt_consolidation,RENT,68,0.04265415584300075,0
8567,31483,36,10.99,54679.24,5,554.0,15.99,6,0,credit_card,RENT,30,0.0393452434693993,0
8568,9265,36,6.96,61899.62,8,681.0,23.09,5,1,debt_consolidation,OWN,55,0.021267047926348634,0
8569,24763,36,10.89,110450.38,3,704.0,19.29,11,0,debt_consolidation,RENT,58,0.01707965659850168,0
8570,12116,36,12.07,13149.0,1,608.0,8.37,2,0,home_improvement,MORTGAGE,53,0.014812216305587456,0
8571,17733,36,12.2,62850.49,6,756.0,,6,0,credit_card,OWN,39,0.009365248780998559,0
8572,48660,36,17.09,51461.71,1,587.0,17.17,4,0,credit_card,RENT,27,0.061948584658503704,0
8573,27502,36,11.88,91065.24,10,698.0,3.45,7,1,credit_card,RENT,67,0.016529190794200954,0
8574,39420,60,11.79,74345.47,28,585.0,8.57,7,0,debt_consolidation,RENT,25,0.03019847531459902,0
8575,45241,60,16.58,114103.36,19,615.0,24.36,4,0,debt_consolidation,RENT,31,0.06346014543486152,0
8576,11247,36,11.99,80356.83,2,700.0,37.88,6,2,credit_card,RENT,32,0.07240230396368728,0
8577,25840,36,7.14,48940.99,28,709.0,19.32,6,0,home_improvement,RENT,59,0.013421301351596757,0
8578,23058,36,7.69,54115.48,16,689.0,0.0,2,0,credit_card,RENT,71,0.006572022120482114,0
8579,36929,36,7.73,77121.11,1,724.0,21.51,6,0,debt_consolidation,MORTGAGE,70,0.01714896071088301,1
8580,20635,36,7.13,96320.62,9,604.0,5.52,3,0,debt_consolidation,OWN,19,0.012692127487267005,0
8581,27628,36,19.99,,29,588.0,14.56,3,0,home_improvement,OWN,37,0.04255218553826724,0
8582,33362,36,7.71,66399.78,0,718.0,33.21,3,0,credit_card,MORTGAGE,46,0.025410348496034303,0
8583,22953,60,11.83,11015.28,3,575.0,12.23,2,1,other,OWN,67,0.04147757652668204,0
8584,21128,36,12.22,52672.83,5,607.0,21.85,5,1,debt_consolidation,OWN,51,0.05047709424035528,0
8585,49356,36,11.29,,0,673.0,17.76,5,1,home_improvement,MORTGAGE,21,0.048522889276334184,0
8586,14061,60,8.88,97970.18,4,698.0,,5,1,debt_consolidation,OWN,36,0.016910257832755474,0
8587,8041,36,13.82,78732.87,13,697.0,4.68,5,0,major_purchase,RENT,41,0.007821862249343153,0
8588,14673,36,5.9,104478.42,7,600.0,20.13,2,0,debt_consolidation,RENT,69,0.019145808530341354,0
8589,23059,36,7.74,53459.87,6,681.0,27.96,9,0,debt_consolidation,RENT,32,0.02232609522377988,0
8590,36328,36,16.49,58364.99,6,616.0,7.64,2,0,credit_card,OWN,31,0.0274023954573852,0
8591,46722,36,7.61,53008.32,17,702.0,28.18,5,1,credit_card,RENT,31,0.048806221972721595,0
8592,19548,36,17.19,76363.98,30,689.0,10.63,6,1,debt_consolidation,MORTGAGE,22,0.025373722527757624,0
8593,17078,36,17.53,132993.4,9,732.0,25.7,6,1,debt_consolidation,RENT,62,0.03435860638768108,0
8594,7419,36,17.61,69166.96,16,666.0,11.79,7,0,debt_consolidation,OWN,47,0.015134621892852657,0
8595,37490,60,15.38,31474.19,5,652.0,9.41,3,0,debt_consolidation,OWN,35,0.023275575507941744,0
8596,12550,36,6.48,32423.26,23,784.0,23.22,6,0,credit_card,RENT,64,0.0074637912402761636,1
8597,32337,36,5.85,38222.25,6,569.0,21.45,6,0,credit_card,MORTGAGE,20,0.03534000820769724,0
8598,3468,60,7.52,39707.9,27,791.0,6.15,5,0,debt_consolidation,RENT,18,0.0031580420772606963,0
8599,26309,36,8.19,37482.85,16,667.0,26.05,3,0,small_business,RENT,63,0.023105228649031247,0
8600,2808,36,6.8,65474.9,14,597.0,7.71,2,1,small_business,RENT,42,0.016183614496480675,0
8601,26747,36,9.26,24335.54,4,643.0,14.46,4,3,credit_card,OWN,64,0.07644491710652108,0
8602,8719,36,15.08,72248.81,19,729.0,19.68,7,0,debt_consolidation,RENT,69,0.012888850643140916,0
8603,18363,36,14.6,84698.9,0,727.0,11.87,8,0,debt_consolidation,MORTGAGE,46,0.011430881119560308,0
8604,30718,36,13.18,44473.98,8,803.0,24.89,10,0,small_business,RENT,39,0.014788011733632431,0
8605,30801,60,11.14,68618.3,15,,22.73,9,0,credit_card,OTHER,71,,0
8606,45359,36,11.73,76639.44,24,697.0,17.91,7,0,home_improvement,OWN,33,0.025285339768482275,0
8607,39841,36,13.2,81958.57,9,733.0,0.0,8,0,credit_card,RENT,54,0.009842249321787783,0
8608,10012,36,10.11,62755.01,3,560.0,27.94,3,0,debt_consolidation,MORTGAGE,22,0.03708830567734865,0
8609,20029,36,15.91,36306.17,22,673.0,18.72,7,0,debt_consolidation,OWN,57,0.02246402397925804,0
8610,48660,36,6.74,62694.22,17,691.0,14.09,3,2,small_business,OWN,62,0.04777949765264028,1
8611,43017,36,8.89,56086.39,1,589.0,18.92,4,1,credit_card,RENT,68,0.0640223114596425,0
8612,49915,36,8.3,63496.11,23,672.0,26.17,4,3,credit_card,RENT,64,0.14406868110480908,0
8613,2767,36,13.83,35213.29,28,641.0,20.75,4,0,debt_consolidation,RENT,48,0.018358022219354956,0
8614,5895,60,7.2,22051.0,8,673.0,20.01,5,0,credit_card,OWN,62,0.011433593489448871,0
8615,44968,60,8.33,9599.6,0,779.0,5.11,3,0,major_purchase,OWN,20,0.007586722130653299,0
8616,42097,36,13.7,16150.63,26,804.0,4.49,4,0,major_purchase,MORTGAGE,31,0.007943232678651433,0
8617,17332,60,8.52,14439.65,0,673.0,16.17,6,0,credit_card,MORTGAGE,37,0.013274329508730934,0
8618,16621,36,15.35,85615.67,10,710.0,22.83,6,1,debt_consolidation,OTHER,65,0.031162543787209524,0
8619,13334,60,15.26,66278.19,6,745.0,27.1,7,0,debt_consolidation,RENT,43,0.017355806087539845,0
8620,20174,36,9.85,60997.01,30,703.0,30.26,6,0,debt_consolidation,OTHER,59,0.02184662575912261,0
8621,35653,36,12.51,51430.7,26,588.0,35.82,2,1,debt_consolidation,MORTGAGE,50,0.1206127879737083,0
8622,42502,60,20.24,12166.21,18,682.0,16.14,7,0,debt_consolidation,OWN,24,0.03681429544166632,0
8623,38674,36,15.49,69625.14,2,644.0,21.54,6,0,debt_consolidation,RENT,52,0.04131170963023984,0
8624,39260,60,13.98,65659.96,13,729.0,19.69,4,1,credit_card,OWN,22,0.03515502072544482,0
8625,44498,36,18.21,61145.48,9,643.0,13.64,5,0,major_purchase,OWN,20,0.038718863565184794,0
8626,4073,36,8.15,40798.35,1,684.0,27.24,6,2,debt_consolidation,MORTGAGE,55,0.038588804679846794,0
8627,8269,36,17.02,42696.12,19,698.0,25.06,4,0,debt_consolidation,RENT,39,0.020248465309370127,0
8628,19194,60,13.42,73077.96,0,627.0,16.81,8,0,major_purchase,OWN,36,0.024016138712474787,0
8629,28811,36,17.83,40813.82,7,612.0,10.79,5,0,home_improvement,MORTGAGE,51,0.03009964388337766,0
8630,8841,36,9.91,86572.34,6,607.0,8.57,5,0,debt_consolidation,RENT,28,0.013036499259355652,1
8631,45723,60,17.57,,19,780.0,12.53,3,0,major_purchase,RENT,72,0.016209108954649727,0
8632,36800,60,5.03,87972.08,6,718.0,20.66,5,0,credit_card,OWN,41,0.014860156987908745,0
8633,11699,60,10.5,62381.93,13,679.0,13.13,5,1,debt_consolidation,MORTGAGE,30,0.018166901385704055,0
8634,47505,36,13.09,57674.75,7,736.0,19.63,5,0,credit_card,RENT,60,0.023517775669895807,0
8635,12762,60,14.63,62458.71,9,754.0,15.29,6,0,credit_card,OWN,24,0.009798685756239385,0
8636,41897,60,4.0,76985.7,3,678.0,16.24,7,0,home_improvement,OWN,71,0.01694886946848006,0
8637,43556,60,7.02,96372.94,2,704.0,21.02,7,1,credit_card,RENT,62,0.034188478549924704,0
8638,4147,36,7.67,73830.24,14,639.0,16.69,4,0,debt_consolidation,RENT,58,0.01200967891852437,0
8639,35383,36,8.26,17524.44,0,782.0,9.12,5,0,home_improvement,RENT,28,0.0073437122355990035,0
8640,35715,36,9.0,36810.41,2,683.0,14.04,4,0,credit_card,RENT,36,0.016592056105073343,0
8641,40445,36,12.66,56219.05,27,749.0,23.71,6,1,credit_card,OWN,25,0.035787949818236395,0
8642,42634,36,17.91,84653.79,3,754.0,20.31,5,0,home_improvement,RENT,43,0.025003452856719174,1
8643,4013,36,10.5,117290.86,4,690.0,18.54,8,0,debt_consolidation,MORTGAGE,35,0.011394776905018512,0
8644,22081,36,18.18,61804.17,10,748.0,16.5,7,0,debt_consolidation,RENT,19,0.015407400577459183,0
8645,18874,36,12.34,76700.95,7,602.0,11.09,4,0,debt_consolidation,RENT,26,0.020155434464249417,0
8646,39755,36,11.14,21309.49,9,656.0,6.42,1,1,home_improvement,OWN,65,0.027462158067573725,0
8647,10733,36,16.18,42411.47,1,732.0,20.45,4,1,debt_consolidation,MORTGAGE,38,0.022746384380924415,0
8648,11479,60,11.38,68886.55,12,658.0,16.42,5,0,debt_consolidation,RENT,38,0.01488183876404631,0
8649,11825,36,8.87,8689.94,1,752.0,19.98,3,1,credit_card,RENT,67,0.014024855466005806,0
8650,23304,36,17.3,66157.57,16,705.0,25.29,6,0,debt_consolidation,OWN,28,0.027190516643092542,0
8651,37694,36,11.85,50529.02,8,810.0,9.59,7,0,credit_card,OWN,69,0.008081848293107563,0
8652,42050,36,19.16,61134.8,20,674.0,0.0,4,0,debt_consolidation,RENT,44,0.018798514049738733,0
8653,17635,60,10.58,42126.55,1,680.0,22.46,5,1,other,MORTGAGE,63,0.02931507618767315,0
8654,22760,36,6.67,,5,697.0,28.7,8,0,debt_consolidation,RENT,58,0.019544947309249664,0
8655,11490,36,8.92,86460.32,22,729.0,16.73,7,1,credit_card,RENT,73,0.014643600334696704,0
8656,23252,36,9.32,78641.97,19,603.0,17.27,4,1,major_purchase,OWN,52,0.03893456801906259,0
8657,41754,60,11.62,77883.55,29,681.0,14.73,11,0,home_improvement,OWN,56,0.023643951314851926,1
8658,8862,36,8.82,74228.56,2,692.0,22.45,3,0,credit_card,OWN,67,0.01267009176635114,0
8659,46927,36,6.99,59567.72,8,664.0,7.99,2,0,debt_consolidation,OWN,29,0.01620081892602389,0
8660,6423,36,10.71,49050.7,0,693.0,28.19,4,0,credit_card,RENT,25,0.016684662096430963,0
8661,12450,36,12.37,83097.03,29,640.0,19.06,4,0,home_improvement,RENT,72,0.0194531770014365,0
8662,42927,36,13.65,37881.75,1,582.0,16.02,7,0,credit_card,OWN,56,0.04787239642151161,0
8663,36841,36,11.93,72518.92,25,665.0,13.15,6,0,credit_card,RENT,41,0.021443016488175242,0
8664,24554,36,17.46,71852.22,12,573.0,25.42,5,0,credit_card,MORTGAGE,24,0.05968579655247341,0
8665,33826,36,12.25,33751.81,27,682.0,16.24,4,0,major_purchase,MORTGAGE,49,0.020565106211722535,0
8666,44879,36,4.0,36397.27,3,606.0,29.76,5,0,home_improvement,RENT,74,0.04530303274891472,0
8667,8825,36,13.0,72758.56,5,734.0,24.69,2,0,debt_consolidation,RENT,48,0.013126613704605446,0
8668,45420,36,12.03,65272.13,1,645.0,28.56,4,1,debt_consolidation,OWN,27,0.08108467506656093,0
8669,14454,36,14.94,68983.95,6,757.0,16.35,3,0,debt_consolidation,OWN,58,0.010232308968017993,0
8670,26251,36,7.52,54621.99,28,651.0,22.12,6,0,debt_consolidation,OWN,41,0.021664450870020387,0
8671,22648,60,16.25,98306.82,9,721.0,19.66,10,1,credit_card,RENT,33,0.0315494887125711,0
8672,42736,36,13.07,74724.82,6,694.0,15.75,5,1,credit_card,OWN,73,0.03820701859036609,0
8673,26530,36,12.54,93617.49,4,,9.67,7,1,debt_consolidation,RENT,69,,0
8674,14516,36,15.75,53414.93,9,683.0,35.77,7,0,debt_consolidation,RENT,42,0.03663670455204501,0
8675,49058,36,16.64,84966.66,15,758.0,13.73,11,1,debt_consolidation,MORTGAGE,60,0.03470198458359858,0
8676,42544,36,16.25,52117.13,6,686.0,23.49,3,0,debt_consolidation,MORTGAGE,27,0.037941856252996745,0
8677,10558,36,4.0,51770.16,3,715.0,26.85,7,0,debt_consolidation,MORTGAGE,49,0.011152901822896032,0
8678,10719,36,6.31,29427.45,9,627.0,12.33,8,0,small_business,OWN,37,0.0120220252476883,0
8679,6886,60,10.24,71372.25,5,731.0,7.28,4,2,debt_consolidation,MORTGAGE,23,0.01544233052262994,0
8680,30185,36,7.24,34408.13,30,791.0,21.35,5,2,other,RENT,48,0.025924508800779587,0
8681,39387,36,9.22,44584.03,7,684.0,14.45,4,0,debt_consolidation,RENT,42,0.018212620129077366,0
8682,23575,60,11.8,26156.59,6,633.0,11.8,4,0,debt_consolidation,RENT,46,0.018442188859411852,0
8683,48724,36,10.12,12582.57,21,617.0,13.75,10,1,credit_card,OWN,55,0.056172293397754904,0
8684,45113,60,11.9,57927.65,3,597.0,20.82,3,1,credit_card,RENT,45,0.07784885151044126,0
8685,41643,36,17.44,42155.53,0,604.0,6.05,4,1,debt_consolidation,RENT,43,0.05279295240137705,0
8686,12100,36,19.12,68257.83,22,636.0,16.5,4,1,debt_consolidation,OWN,47,0.04038785756725201,0
8687,9856,36,13.49,58716.27,9,587.0,8.49,3,2,debt_consolidation,RENT,46,0.04605454675127095,0
8688,40169,60,17.34,86129.33,3,700.0,29.15,3,0,debt_consolidation,RENT,50,0.04378799323985409,0
8689,30804,60,10.4,108158.51,5,634.0,16.87,4,0,debt_consolidation,RENT,20,0.024053670269602954,0
8690,37790,36,9.5,88712.27,6,724.0,27.46,6,0,debt_consolidation,RENT,39,0.024014263634772805,0
8691,32988,36,11.7,60751.0,12,747.0,25.91,3,0,debt_consolidation,MORTGAGE,56,0.0194390667040973,0
8692,46443,36,10.75,76822.49,7,703.0,18.74,6,0,debt_consolidation,MORTGAGE,19,0.024315150517453133,0
8693,12912,36,14.7,92826.83,6,730.0,23.4,5,0,other,OWN,58,0.015508148893737013,0
8694,40506,60,12.06,47421.05,18,642.0,22.7,7,0,debt_consolidation,OWN,71,0.038758335757692934,0
8695,49894,36,18.04,82376.66,0,586.0,26.14,5,0,credit_card,OWN,54,0.09359408911163297,0
8696,24368,36,12.48,92659.3,11,580.0,17.28,3,1,debt_consolidation,MORTGAGE,23,0.052280258199997584,0
8697,3770,60,9.17,62058.95,7,654.0,20.09,7,1,credit_card,OTHER,29,0.022609855634994347,0
8698,14305,60,10.11,71716.79,5,681.0,9.71,3,0,home_improvement,OWN,36,0.009698866971770135,0
8699,11969,36,9.62,111144.78,26,674.0,11.22,7,0,home_improvement,RENT,57,0.010406949442105504,0
8700,14404,36,14.92,44374.22,18,695.0,23.08,2,0,other,RENT,64,0.01902636378108094,0
8701,10989,60,11.58,53270.91,2,735.0,22.02,2,1,debt_consolidation,RENT,40,0.018698801750524748,0
8702,37983,36,12.47,,11,775.0,10.64,4,0,debt_consolidation,OWN,45,0.010443883286747661,0
8703,46748,36,13.67,,20,716.0,18.4,6,1,credit_card,RENT,37,0.04182484717768325,0
8704,41462,36,14.16,58160.9,30,701.0,7.81,7,0,debt_consolidation,RENT,18,0.01735512391742646,0
8705,21360,60,16.23,29528.83,13,655.0,6.41,8,2,debt_consolidation,MORTGAGE,59,0.04290558663882186,0
8706,22121,36,13.34,12675.63,13,591.0,19.82,4,0,home_improvement,OWN,42,0.03377160106321059,0
8707,28287,36,8.16,66008.49,10,645.0,12.69,5,0,debt_consolidation,RENT,67,0.01648535690338413,0
8708,45429,36,10.05,26668.65,0,665.0,20.06,6,0,debt_consolidation,RENT,20,0.030279998281203546,0
8709,36160,60,10.05,36960.39,9,568.0,14.48,8,0,debt_consolidation,OWN,39,0.03650563525092476,0
8710,8789,60,9.09,85596.32,19,641.0,12.35,2,1,debt_consolidation,OWN,52,0.01885910966207967,0
8711,29181,60,16.15,64244.58,6,752.0,27.96,4,0,major_purchase,MORTGAGE,70,0.02383491951633862,0
8712,16385,36,11.41,59075.88,9,676.0,23.81,1,0,debt_consolidation,RENT,57,0.01897640771663213,0
8713,19061,60,12.71,50696.03,26,701.0,13.31,10,1,credit_card,MORTGAGE,26,0.02173450522580606,0
8714,2105,60,13.34,98467.72,1,760.0,,5,0,credit_card,OWN,54,0.00702730423873322,0
8715,46247,60,12.84,115961.21,3,686.0,9.84,6,0,debt_consolidation,OWN,46,0.020929172245297705,0
8716,23137,60,13.24,75163.12,0,684.0,9.76,5,0,debt_consolidation,OWN,31,0.013534852100209173,0
8717,36714,36,21.63,8000.0,8,709.0,10.3,10,0,debt_consolidation,OWN,62,0.024693300815435044,0
8718,7544,36,14.71,59136.6,21,,13.4,4,0,debt_consolidation,OWN,43,,0
8719,15275,60,8.32,33586.71,6,681.0,10.89,7,0,debt_consolidation,OWN,46,0.009864493636646925,0
8720,41753,60,13.27,48776.94,0,673.0,16.05,5,0,debt_consolidation,RENT,48,0.026663351319734827,0
8721,36550,36,12.42,72026.99,3,714.0,10.99,1,1,major_purchase,MORTGAGE,35,0.02337581442773288,0
8722,21641,36,6.44,62643.58,24,721.0,,3,2,other,RENT,65,0.024335561440695302,0
8723,8213,36,4.0,25742.23,9,672.0,17.39,5,0,debt_consolidation,RENT,35,0.009265580436231512,0
8724,16485,36,12.57,42694.13,26,683.0,24.59,9,0,debt_consolidation,RENT,44,0.021537223100114758,0
8725,17605,36,10.88,88703.25,21,672.0,,4,0,debt_consolidation,OWN,67,0.014120590403675548,0
8726,39637,60,7.4,99733.76,6,726.0,27.78,4,0,other,MORTGAGE,60,0.022051853313965603,0
8727,22390,36,9.84,94124.89,10,564.0,17.21,2,0,debt_consolidation,RENT,21,0.02971897544227225,0
8728,11867,36,10.96,26224.14,11,761.0,16.43,6,1,debt_consolidation,RENT,26,0.013210301544448357,0
8729,5981,36,9.67,51203.38,16,689.0,29.93,5,0,credit_card,RENT,59,0.017400887600046468,0
8730,11493,36,13.09,41810.57,4,,24.73,8,1,debt_consolidation,RENT,59,,0
8731,7682,36,12.7,,4,546.0,26.22,6,1,credit_card,OWN,63,0.06732281252183497,0
8732,7782,36,15.19,52640.02,13,675.0,34.96,2,0,debt_consolidation,OTHER,46,0.030281760118056333,0
8733,31799,36,16.63,34644.22,20,561.0,10.62,3,0,credit_card,RENT,19,0.0394027354507756,0
8734,43905,36,14.58,96983.75,6,768.0,4.66,7,0,debt_consolidation,RENT,37,0.011046867916363478,0
8735,18984,36,9.27,45545.69,4,813.0,20.69,2,0,home_improvement,OWN,31,0.007123408818903681,0
8736,47780,36,12.67,85278.14,21,597.0,18.71,6,0,debt_consolidation,RENT,71,0.05047421856848512,0
8737,24760,36,5.58,44745.9,13,621.0,10.75,1,0,credit_card,MORTGAGE,72,0.01390094482974926,0
8738,27993,36,10.1,79680.64,5,647.0,20.18,5,0,other,MORTGAGE,21,0.023894088760284968,0
8739,3524,60,4.0,51912.06,8,681.0,16.44,4,0,small_business,RENT,31,0.007630667680943776,0
8740,28120,36,10.59,34009.42,28,694.0,20.32,2,0,home_improvement,OWN,54,0.018176178879842433,0
8741,2078,60,9.86,88791.35,16,621.0,23.39,3,0,debt_consolidation,MORTGAGE,55,0.018417947725669424,0
8742,37891,36,14.76,42312.8,2,761.0,24.32,4,0,debt_consolidation,RENT,19,0.021723876709399605,0
8743,27473,60,8.13,62739.17,4,722.0,23.34,3,0,major_purchase,MORTGAGE,54,0.01533082823549141,0
8744,41832,36,12.68,27517.28,3,752.0,0.0,5,0,home_improvement,RENT,32,0.008651272045704846,0
8745,47836,36,10.49,25547.07,22,680.0,23.97,6,0,credit_card,RENT,57,0.034556897534432515,0
8746,10417,36,10.3,98460.87,10,765.0,10.0,5,1,credit_card,MORTGAGE,23,0.009316020873082927,0
8747,15362,36,8.92,63494.72,27,673.0,17.58,5,0,credit_card,MORTGAGE,43,0.01363266613973399,0
8748,3209,36,13.2,57355.62,0,596.0,20.78,5,1,credit_card,OWN,66,0.03839708684349424,0
8749,39921,36,11.36,,0,748.0,25.92,3,0,credit_card,RENT,24,0.021779200544128078,0
8750,6898,60,8.17,40549.32,12,615.0,15.27,2,1,credit_card,MORTGAGE,42,0.02269309587631002,0
8751,20562,36,12.53,74575.58,3,656.0,18.67,8,0,other,MORTGAGE,22,0.021426655689517817,0
8752,12871,36,13.23,95510.06,12,629.0,15.56,6,0,credit_card,MORTGAGE,34,0.019404025110409107,0
8753,9610,36,18.11,80438.23,15,763.0,18.01,3,0,home_improvement,RENT,59,0.011207514458284868,0
8754,45845,60,9.68,75267.15,4,652.0,16.7,5,0,debt_consolidation,MORTGAGE,66,0.028110471118247004,0
8755,29382,36,10.45,52153.24,28,698.0,23.8,7,1,home_improvement,RENT,73,0.03537070302483831,0
8756,17791,36,6.84,75875.11,18,745.0,29.31,3,0,debt_consolidation,MORTGAGE,23,0.013128168312117291,0
8757,37312,36,10.21,108724.06,5,641.0,6.17,4,2,debt_consolidation,RENT,40,0.04511138700283513,0
8758,40290,36,7.76,53351.62,6,704.0,26.71,7,0,home_improvement,MORTGAGE,29,0.025535959065405654,0
8759,4370,60,16.42,68978.03,14,661.0,25.88,5,0,credit_card,OWN,37,0.023605199679053966,0
8760,21665,60,14.06,94005.98,4,693.0,20.97,5,3,debt_consolidation,RENT,61,0.08448598576984055,0
8761,6710,36,7.69,108756.9,4,681.0,43.12,4,1,home_improvement,OWN,53,0.045109663980196085,0
8762,2328,36,8.09,63495.55,10,740.0,15.98,4,0,debt_consolidation,OWN,54,0.006307176601180111,0
8763,48451,36,9.79,,1,673.0,13.09,10,0,debt_consolidation,OWN,56,0.02398896405776975,0
8764,40347,36,17.19,53645.94,30,679.0,37.42,6,0,debt_consolidation,OWN,34,0.06908952404965285,0
8765,22612,36,9.56,68110.38,4,790.0,3.93,10,0,debt_consolidation,MORTGAGE,60,0.004954165810886648,0
8766,47890,36,11.3,53921.9,5,597.0,5.39,10,1,debt_consolidation,MORTGAGE,38,0.04771584269938277,0
8767,8794,36,18.13,89373.23,2,721.0,24.37,5,0,other,RENT,40,0.018545290373796524,0
8768,34888,60,13.66,101908.91,10,792.0,20.13,3,0,debt_consolidation,OWN,65,0.01357255547877201,0
8769,8749,36,6.21,29842.06,0,673.0,7.7,5,1,credit_card,RENT,68,0.011606449659632095,0
8770,48531,60,4.68,57375.56,26,601.0,24.56,9,0,credit_card,OWN,64,0.04398268462457126,0
8771,22608,60,12.38,46472.18,4,643.0,15.39,8,0,debt_consolidation,MORTGAGE,52,0.021015819909680412,0
8772,17450,60,21.21,52026.86,26,664.0,2.86,5,0,debt_consolidation,OWN,48,0.015366192484686493,0
8773,5675,36,17.42,53952.25,3,770.0,23.25,5,1,debt_consolidation,OWN,37,0.01973363104384955,0
8774,20460,60,13.51,38300.6,8,587.0,25.9,4,1,debt_consolidation,RENT,42,0.06841470285289256,0
8775,40411,60,15.14,66982.26,13,705.0,7.66,3,1,debt_consolidation,MORTGAGE,41,0.02716249242684404,0
8776,13560,36,15.44,30867.19,10,592.0,6.22,5,1,debt_consolidation,MORTGAGE,43,0.030472033264644163,0
8777,34463,36,5.46,82070.56,8,649.0,0.0,3,0,major_purchase,MORTGAGE,24,0.009454733969974486,0
8778,33663,36,12.83,67344.97,18,751.0,17.17,3,0,debt_consolidation,RENT,43,0.014422475503277618,0
8779,5170,60,17.25,33471.11,7,716.0,13.99,8,0,credit_card,OWN,62,0.01165265671239925,0
8780,35123,60,20.37,32148.93,4,703.0,13.06,6,0,credit_card,MORTGAGE,50,0.0249737285836506,0
8781,30810,60,14.02,79549.66,14,740.0,26.28,5,0,other,RENT,19,0.02249742649343931,0
8782,11718,60,6.56,42405.17,27,,13.9,8,0,credit_card,MORTGAGE,66,,0
8783,2028,36,14.28,98683.43,10,690.0,7.21,5,1,small_business,MORTGAGE,23,0.013426069007895447,0
8784,49599,36,14.22,8000.0,3,673.0,,5,1,major_purchase,RENT,19,0.050449302575893924,0
8785,19397,36,15.48,33696.63,17,707.0,20.17,2,0,home_improvement,OTHER,66,0.017928719928575285,0
8786,45662,36,13.63,50390.13,17,704.0,8.89,1,0,credit_card,RENT,59,0.01774651931941328,0
8787,43787,36,19.44,59218.39,3,777.0,8.33,5,0,credit_card,RENT,28,0.015052266492066644,0
8788,47406,60,12.76,76586.12,5,588.0,26.12,5,0,major_purchase,OWN,56,0.06932658317387656,0
8789,49657,60,12.24,54952.16,1,672.0,4.88,1,0,credit_card,RENT,35,0.01849366912212627,0
8790,4024,36,10.95,51969.77,0,668.0,10.15,2,0,major_purchase,MORTGAGE,65,0.008977462555614933,0
8791,40607,36,12.39,43174.06,20,759.0,10.95,7,0,small_business,OWN,43,0.012562959202552923,0
8792,15503,36,13.12,40218.9,5,626.0,16.92,6,1,credit_card,OWN,71,0.03546362575911476,0
8793,12303,36,12.49,42177.26,4,662.0,22.41,7,0,debt_consolidation,RENT,69,0.020133327251472464,0
8794,19138,36,15.13,58054.71,3,682.0,20.41,2,2,credit_card,RENT,68,0.05384280197052429,0
8795,27345,36,4.0,13843.9,0,708.0,17.76,5,0,other,MORTGAGE,22,0.011088459515995281,0
8796,31505,60,11.46,73416.76,30,669.0,34.15,6,0,debt_consolidation,MORTGAGE,48,0.04169040050202478,0
8797,3906,60,14.07,61734.45,5,647.0,15.3,2,1,small_business,OWN,64,0.023698030271358438,0
8798,42167,60,13.13,57065.16,1,640.0,5.32,3,0,major_purchase,MORTGAGE,66,0.020890274493288716,0
8799,9961,36,6.9,88444.52,23,614.0,21.98,10,1,debt_consolidation,RENT,67,0.03196644475372168,0
8800,28140,36,14.12,74873.17,15,625.0,17.33,4,0,debt_consolidation,RENT,23,0.02936919040054968,0
8801,14031,36,12.2,63190.52,11,658.0,17.15,4,0,major_purchase,RENT,27,0.016603808261988665,0
8802,17128,60,15.06,76339.76,4,636.0,15.1,4,0,credit_card,RENT,29,0.021322485753025956,0
8803,17663,60,14.31,44434.25,6,798.0,20.49,5,0,debt_consolidation,OWN,23,0.009955349487590187,0
8804,36228,36,13.3,74836.08,21,707.0,29.3,3,0,major_purchase,OWN,37,0.032281716442156244,0
8805,17682,60,12.01,80524.31,10,618.0,30.01,6,1,debt_consolidation,MORTGAGE,18,0.06045706920158173,0
8806,17193,36,13.14,8000.0,5,706.0,34.87,3,0,debt_consolidation,MORTGAGE,36,0.02764328195044507,0
8807,30561,36,13.15,104248.07,0,586.0,23.68,4,0,credit_card,OWN,39,0.04697256425708977,0
8808,45813,60,17.31,68352.36,25,756.0,29.71,3,0,credit_card,OWN,54,0.036060168036801774,0
8809,9766,60,23.96,75265.15,28,652.0,22.7,4,0,other,MORTGAGE,69,0.034868517453731256,0
8810,31844,36,7.7,87075.24,14,746.0,14.97,2,0,debt_consolidation,OWN,62,0.010097485856067812,0
8811,31432,36,4.0,56580.65,13,684.0,32.84,4,0,debt_consolidation,OWN,48,0.02480094141688772,0
8812,31504,36,9.89,,8,696.0,14.29,3,0,debt_consolidation,RENT,70,0.014776651958864294,0
8813,39146,36,8.24,67494.15,29,687.0,15.63,4,1,debt_consolidation,RENT,67,0.02897609238968772,0
8814,42297,60,15.36,128984.27,13,513.0,22.56,7,2,home_improvement,RENT,22,0.2241471708847259,0
8815,22858,36,17.97,57485.8,0,712.0,18.98,5,0,debt_consolidation,MORTGAGE,63,0.02069117016442471,0
8816,5071,36,15.26,43982.01,0,623.0,9.14,4,0,home_improvement,RENT,20,0.01451458959061132,0
8817,18939,36,10.74,93552.73,28,681.0,28.05,4,0,debt_consolidation,OWN,57,0.022793557543130862,0
8818,26931,60,14.93,8000.0,27,713.0,14.24,8,1,debt_consolidation,OWN,48,0.02677152622360867,0
8819,46460,60,16.86,57267.23,9,765.0,27.54,7,0,debt_consolidation,OWN,37,0.03241443537626815,0
8820,3040,60,14.66,44104.11,2,746.0,18.43,13,0,debt_consolidation,OWN,52,0.0103026300721956,0
8821,4686,36,14.21,75722.28,9,616.0,,9,0,debt_consolidation,RENT,70,0.018857999487510328,0
8822,14666,60,11.54,63405.68,17,599.0,,4,0,debt_consolidation,RENT,57,0.021171925055198163,0
8823,37321,36,7.13,32495.06,0,689.0,22.65,5,0,debt_consolidation,MORTGAGE,34,0.021350884495072043,0
8824,3779,36,16.39,76178.75,20,714.0,14.0,5,1,debt_consolidation,OWN,34,0.017482461776262063,0
8825,15186,60,18.78,39484.7,7,723.0,43.45,5,0,other,OTHER,60,0.04490421363873621,0
8826,18459,36,6.49,58814.91,7,733.0,26.16,4,0,debt_consolidation,RENT,21,0.012518873482718235,0
8827,22710,36,15.06,49321.43,6,649.0,26.84,5,2,debt_consolidation,OWN,55,0.09003562705238236,0
8828,24219,36,8.79,80364.47,13,688.0,,4,1,other,OTHER,70,0.021581099361996967,0
8829,7057,36,13.87,48529.13,2,606.0,24.96,6,1,debt_consolidation,RENT,69,0.04774493210493844,0
8830,20733,36,6.4,8000.0,10,758.0,21.33,8,1,debt_consolidation,OWN,24,0.015826133225930676,0
8831,21157,60,15.12,32119.17,0,751.0,13.34,3,0,small_business,OWN,19,0.0108437867893353,0
8832,37030,36,13.71,61579.42,20,674.0,34.67,6,0,credit_card,RENT,32,0.05112031683009827,0
8833,21613,36,15.31,43509.8,20,636.0,8.34,9,2,home_improvement,RENT,68,0.04999045237411036,0
8834,45076,60,14.59,89804.49,4,615.0,,9,0,debt_consolidation,RENT,19,0.042331102508248834,0
8835,19492,60,12.75,34478.86,0,694.0,17.91,6,0,credit_card,RENT,44,0.016138776493038524,0
8836,22746,36,15.15,74417.62,16,616.0,29.71,8,0,credit_card,RENT,52,0.049023946456948735,0
8837,7188,36,10.22,80197.88,7,721.0,14.06,4,0,credit_card,OWN,40,0.008011448382427405,0
8838,43570,36,14.3,64403.94,26,684.0,9.15,5,0,debt_consolidation,OWN,25,0.020803726026966944,0
8839,31680,36,9.79,70225.24,5,663.0,13.18,5,0,debt_consolidation,MORTGAGE,22,0.017503429843836883,0
8840,39825,36,14.5,56629.41,21,727.0,13.08,8,0,home_improvement,OWN,61,0.01821190490603698,0
8841,38766,36,11.23,66888.19,0,571.0,19.71,7,0,debt_consolidation,OWN,45,0.04830176049812977,0
8842,10864,36,13.96,47848.15,18,706.0,13.0,7,1,major_purchase,OWN,45,0.01832993056386622,0
8843,38445,36,10.85,65657.61,12,679.0,13.5,8,0,debt_consolidation,OWN,74,0.019984723561054987,0
8844,7796,36,10.93,52805.05,8,,16.69,6,1,debt_consolidation,RENT,29,,0
8845,49218,36,11.11,52798.18,25,723.0,7.4,4,0,debt_consolidation,OWN,72,0.014598361737298159,0
8846,41131,36,6.68,43373.32,27,760.0,25.87,4,0,credit_card,OWN,47,0.016649588937727607,0
8847,10123,36,15.46,54576.8,26,693.0,16.53,5,0,major_purchase,RENT,60,0.014466606748153102,0
8848,10222,36,12.19,97719.18,10,709.0,12.48,5,0,debt_consolidation,RENT,39,0.00955717461946017,0
8849,26074,36,6.84,53965.87,8,654.0,20.26,5,1,debt_consolidation,OTHER,74,0.030765280902248875,1
8850,48422,36,9.83,83500.2,3,640.0,21.08,6,0,debt_consolidation,RENT,24,0.03816735135600972,0
8851,31825,60,9.6,73095.91,1,696.0,15.56,8,0,credit_card,RENT,34,0.016189028766803067,0
8852,38839,36,13.6,66173.81,9,659.0,13.36,4,1,home_improvement,MORTGAGE,26,0.0402014636617188,0
8853,43576,36,11.16,67147.17,1,658.0,20.08,4,0,credit_card,OWN,48,0.03151467561264487,0
8854,4786,36,15.63,60526.5,1,771.0,4.11,6,0,debt_consolidation,MORTGAGE,70,0.005095038466758149,0
8855,35638,36,7.22,45449.03,5,758.0,19.08,4,0,debt_consolidation,RENT,20,0.011878918123538888,0
8856,38964,60,13.73,102951.61,2,605.0,16.7,6,1,debt_consolidation,OWN,24,0.06379139581160032,0
8857,46564,36,13.42,86449.23,8,737.0,24.58,2,0,major_purchase,OWN,66,0.027477652946857386,0
8858,27988,36,10.32,61077.49,11,725.0,,6,0,debt_consolidation,RENT,51,0.01256444790538004,0
8859,37507,36,13.02,61727.78,13,692.0,22.52,8,0,credit_card,MORTGAGE,61,0.028746820652714486,0
8860,35708,60,11.85,74146.68,8,745.0,7.59,5,0,debt_consolidation,MORTGAGE,28,0.010356401970070265,0
8861,35108,60,16.83,33547.88,8,773.0,31.66,7,0,debt_consolidation,RENT,54,0.029087156086949846,0
8862,31715,36,12.34,40430.47,7,726.0,21.04,0,1,major_purchase,MORTGAGE,55,0.02894178560458782,0
8863,25806,36,16.55,13078.41,3,658.0,6.32,2,1,credit_card,RENT,74,0.027078061237455632,0
8864,38901,60,15.34,54712.13,11,654.0,7.76,3,1,debt_consolidation,RENT,55,0.03596504707306817,0
8865,19043,60,7.02,89788.16,11,,17.91,1,0,debt_consolidation,OWN,28,,0
8866,12225,36,11.67,52949.59,3,703.0,13.87,7,0,debt_consolidation,RENT,42,0.010822997697725144,0
8867,11752,36,15.33,114769.5,13,755.0,30.05,10,0,credit_card,RENT,46,0.018406742261070867,0
8868,5457,36,12.98,49109.61,22,605.0,22.83,8,0,home_improvement,MORTGAGE,49,0.02586497969904867,0
8869,44616,36,12.33,64449.62,9,734.0,16.7,5,1,credit_card,MORTGAGE,59,0.03145673635150869,0
8870,11241,36,12.57,53042.04,0,766.0,11.54,6,0,small_business,RENT,70,0.006887881523180822,0
8871,2453,36,14.43,8000.0,4,583.0,11.55,2,1,debt_consolidation,MORTGAGE,71,0.029442255391537022,0
8872,11896,60,10.45,53118.43,0,657.0,12.67,1,0,home_improvement,RENT,51,0.011952621781563824,0
8873,23826,36,10.85,38969.09,4,608.0,12.32,4,1,debt_consolidation,MORTGAGE,39,0.03402047792778517,1
8874,12976,60,15.35,65864.64,2,706.0,7.65,3,0,other,RENT,36,0.009727916456369836,0
8875,35586,36,12.83,91895.56,9,630.0,14.37,4,1,debt_consolidation,RENT,67,0.0447030714634902,0
8876,6868,60,11.3,51179.09,6,620.0,31.16,8,0,debt_consolidation,RENT,72,0.031031177847658246,1
8877,18396,36,12.15,,15,,16.53,4,1,small_business,OWN,32,,0
8878,33634,36,14.05,54665.36,5,624.0,13.8,2,1,small_business,OWN,18,0.045354961878671836,0
8879,14171,36,11.93,82435.69,1,698.0,16.35,7,0,debt_consolidation,RENT,47,0.012944184175093802,0
8880,26111,36,12.64,117015.88,3,678.0,15.76,5,2,home_improvement,RENT,63,0.0481823821440394,0
8881,35688,60,5.14,97124.09,9,648.0,20.36,8,1,credit_card,MORTGAGE,23,0.03651478132625328,0
8882,23304,36,12.98,44593.62,7,674.0,25.18,3,0,debt_consolidation,MORTGAGE,31,0.02553794985087789,0
8883,44274,36,11.48,94525.16,0,668.0,12.35,10,0,debt_consolidation,RENT,63,0.024020827031530766,0
8884,41243,36,15.68,67505.7,2,746.0,13.67,3,0,small_business,RENT,28,0.01728737952296796,0
8885,30253,60,11.8,90794.24,4,741.0,9.18,3,0,major_purchase,RENT,59,0.00991501998736694,0
8886,32980,36,17.93,34341.83,15,705.0,26.31,8,1,debt_consolidation,MORTGAGE,33,0.057785231934424024,0
8887,4017,36,14.45,57783.43,15,768.0,32.13,2,1,debt_consolidation,RENT,56,0.0229782679035753,0
8888,9957,36,9.02,,13,720.0,17.36,7,0,debt_consolidation,OTHER,30,0.009419958397380811,0
8889,44188,36,7.06,58652.12,20,635.0,23.17,2,0,debt_consolidation,OWN,56,0.033039941882740266,0
8890,6792,60,11.67,67246.16,23,643.0,19.81,5,1,other,RENT,70,0.028024267672849622,0
8891,15237,36,12.11,57252.32,0,803.0,12.72,5,0,credit_card,MORTGAGE,42,0.0060660687139869945,0
8892,18251,36,5.21,51089.41,8,729.0,14.35,11,2,debt_consolidation,RENT,69,0.021573499143086445,0
8893,21252,36,11.79,48566.53,1,690.0,19.16,8,1,other,MORTGAGE,52,0.028496599630180114,0
8894,12707,36,10.68,39532.42,5,692.0,24.04,5,1,credit_card,OWN,46,0.02653854565330705,0
8895,36206,36,12.8,67708.32,11,684.0,13.63,3,2,credit_card,OWN,37,0.051432630919338515,0
8896,30740,36,20.07,56437.18,10,822.0,33.89,4,0,credit_card,OWN,27,0.024889615771151036,0
8897,5543,36,5.32,46511.34,1,632.0,11.46,4,0,home_improvement,OWN,65,0.009315282563455205,0
8898,46135,36,15.78,22530.57,17,732.0,15.56,7,0,small_business,OWN,24,0.023250581411885657,0
8899,41111,36,13.94,73463.4,18,754.0,21.57,3,0,debt_consolidation,OWN,54,0.020593324202944588,0
8900,37031,36,10.01,76891.68,1,639.0,6.74,4,0,small_business,RENT,26,0.01740772815913867,0
8901,44929,36,12.1,36559.51,10,635.0,12.07,5,1,debt_consolidation,OWN,73,0.046370135186572584,0
8902,2211,60,15.65,62575.67,27,592.0,15.14,4,0,credit_card,OWN,58,0.02125497871673809,0
8903,48577,60,12.45,46371.43,0,622.0,20.0,6,0,credit_card,RENT,28,0.04617859801216764,0
8904,41795,36,4.26,77957.1,1,729.0,32.7,8,0,other,MORTGAGE,46,0.024432622508436717,0
8905,2331,36,13.46,47607.52,17,673.0,18.79,6,0,major_purchase,RENT,72,0.013969925710206265,0
8906,25244,36,14.89,47712.32,5,719.0,15.9,3,0,debt_consolidation,RENT,44,0.015540855554824994,0
8907,10169,60,10.35,63275.34,28,730.0,20.99,6,1,debt_consolidation,RENT,31,0.017818830329928502,0
8908,24104,60,15.46,49498.19,10,679.0,21.92,1,0,credit_card,RENT,21,0.024551605687375445,0
8909,43901,36,15.77,47785.09,7,626.0,16.24,4,0,credit_card,OWN,24,0.04109600679506531,0
8910,16591,36,17.22,44631.67,5,717.0,22.61,4,1,home_improvement,MORTGAGE,36,0.03183673264191917,0
8911,33711,36,16.01,48942.68,3,532.0,20.01,6,0,credit_card,RENT,19,0.06869694566204024,0
8912,2727,36,22.18,50626.47,11,753.0,14.13,6,0,debt_consolidation,MORTGAGE,26,0.011214609097328593,0
8913,23359,60,16.66,60321.7,9,547.0,15.67,9,1,major_purchase,OWN,62,0.07481190726445429,0
8914,45822,36,12.68,55951.13,5,605.0,23.18,2,0,credit_card,RENT,37,0.05303249199145918,0
8915,38011,60,15.2,72364.29,26,656.0,25.27,3,0,debt_consolidation,MORTGAGE,58,0.0420885342500249,0
8916,39863,36,12.53,31163.86,17,610.0,10.07,4,0,home_improvement,RENT,73,0.02810118371576919,0
8917,48577,36,11.01,112230.06,3,570.0,,2,0,major_purchase,RENT,53,0.04617859801216764,0
8918,24998,36,7.84,,27,686.0,,9,0,other,OWN,18,0.01359935822745595,0
8919,12929,36,11.52,84282.78,17,651.0,13.22,1,0,debt_consolidation,RENT,48,0.013618419860181537,0
8920,16842,60,15.58,72073.82,25,649.0,29.81,6,1,debt_consolidation,OWN,30,0.058648202386386024,0
8921,25519,36,8.79,63016.9,1,666.0,28.57,6,0,small_business,MORTGAGE,61,0.02677048405087197,0
8922,19393,36,13.68,71279.65,0,599.0,15.33,9,0,debt_consolidation,MORTGAGE,64,0.027413058074566184,0
8923,36318,36,10.66,68490.75,8,,13.79,5,0,debt_consolidation,OWN,63,,0
8924,10995,36,12.21,55607.71,7,626.0,15.5,3,1,small_business,OWN,67,0.028592544579523323,0
8925,30656,36,11.98,119843.5,23,708.0,18.23,6,0,credit_card,OWN,33,0.01804494408415094,0
8926,49934,60,12.99,87868.54,1,669.0,5.9,3,0,debt_consolidation,MORTGAGE,45,0.02084001722986771,0
8927,42260,36,21.28,20143.97,0,670.0,12.11,5,0,credit_card,RENT,61,0.03467653528916259,0
8928,47269,36,10.15,86272.82,8,656.0,18.97,5,0,small_business,RENT,63,0.03154398943496562,0
8929,17567,60,12.09,61770.37,2,732.0,26.47,5,0,home_improvement,OWN,40,0.016669575024547904,0
8930,30840,36,11.38,100915.97,0,747.0,11.32,5,0,credit_card,RENT,42,0.010525219949333543,0
8931,25831,36,6.23,51841.35,0,742.0,8.49,5,0,small_business,RENT,30,0.006798172956311428,0
8932,15265,36,15.68,,1,667.0,18.51,4,0,small_business,RENT,43,0.020187453039368353,0
8933,7424,36,8.91,51219.41,5,681.0,11.97,5,1,home_improvement,OWN,54,0.01458283380953394,0
8934,22625,60,17.73,19948.02,24,633.0,21.91,5,0,major_purchase,OWN,45,0.036172959338785844,0
8935,16086,36,9.1,42981.84,17,649.0,16.95,7,0,credit_card,MORTGAGE,51,0.01599617740952543,0
8936,31187,36,13.77,45731.0,8,607.0,10.85,5,0,home_improvement,RENT,29,0.02670698606865443,0
8937,37929,36,19.17,69442.2,6,644.0,18.37,6,0,major_purchase,OWN,25,0.043019891673603365,0
8938,22539,36,14.05,66371.36,7,698.0,28.42,2,1,debt_consolidation,RENT,23,0.04197016145258467,0
8939,27103,36,9.88,76001.24,24,674.0,9.56,5,0,debt_consolidation,RENT,59,0.01305375169010978,0
8940,29874,36,8.66,73865.89,15,647.0,19.66,7,1,debt_consolidation,OWN,27,0.03750263974020246,0
8941,11215,60,4.0,,1,736.0,13.07,5,0,debt_consolidation,OWN,20,0.005658623050211858,0
8942,41385,36,10.73,60039.87,27,622.0,15.09,7,0,debt_consolidation,MORTGAGE,18,0.030942299287328577,0
8943,24044,36,6.55,72855.02,18,681.0,14.1,1,2,small_business,MORTGAGE,70,0.030661086405102282,0
8944,13926,36,12.1,82115.77,0,823.0,7.43,4,0,credit_card,RENT,74,0.004204946066357309,0
8945,49860,36,10.51,,8,771.0,27.18,3,1,debt_consolidation,OWN,61,0.037829589116362534,0
8946,33501,36,12.61,28396.61,11,648.0,25.33,8,0,credit_card,RENT,56,0.03753297232363259,0
8947,31774,36,7.61,69210.38,0,753.0,3.78,5,0,credit_card,RENT,39,0.006363328681454046,0
8948,27008,36,10.1,50011.92,5,642.0,14.18,2,0,credit_card,MORTGAGE,64,0.018530371147322037,0
8949,19560,36,14.29,79505.4,10,706.0,15.86,5,0,debt_consolidation,OWN,47,0.01483382918691473,0
8950,26340,36,13.37,78359.05,20,787.0,28.63,3,0,credit_card,RENT,31,0.01627846172454408,0
8951,26976,36,4.85,84727.72,29,661.0,4.77,6,1,debt_consolidation,MORTGAGE,19,0.015020868308936234,0
8952,29626,36,15.29,40353.62,0,727.0,21.43,4,0,home_improvement,RENT,51,0.020678205792576832,0
8953,34720,60,7.87,45638.97,10,671.0,9.96,5,0,debt_consolidation,RENT,51,0.014207162356085488,0
8954,37001,36,5.93,62674.64,24,646.0,25.67,8,0,home_improvement,MORTGAGE,40,0.029809075135147835,0
8955,6700,60,11.16,55546.29,14,719.0,20.69,4,1,home_improvement,OWN,37,0.01790865865538593,0
8956,45795,36,21.72,71414.45,10,712.0,10.92,6,0,debt_consolidation,RENT,60,0.02865649641552766,0
8957,9860,60,10.7,94003.86,2,600.0,14.55,2,0,debt_consolidation,MORTGAGE,38,0.017709254210069345,0
8958,9526,36,12.43,57506.68,20,661.0,17.84,6,1,debt_consolidation,RENT,40,0.02582167793290245,0
8959,40327,36,14.78,26110.91,9,610.0,6.58,2,1,credit_card,OWN,59,0.043886914325886636,0
8960,41500,60,8.56,11162.37,0,580.0,26.16,7,1,other,RENT,20,0.0866216827151976,0
8961,4513,36,13.27,27699.35,27,670.0,10.33,6,0,major_purchase,RENT,74,0.01052896980834912,0
8962,9830,36,8.73,26876.02,30,700.0,17.77,6,0,debt_consolidation,MORTGAGE,45,0.01049713809169347,0
8963,16781,60,14.25,76680.77,8,739.0,13.86,2,0,major_purchase,OWN,27,0.010338583639803917,0
8964,9910,36,13.62,58801.31,18,588.0,10.74,4,1,debt_consolidation,OWN,50,0.031395250801488146,0
8965,17847,36,13.26,61868.65,9,611.0,14.09,9,0,debt_consolidation,OWN,73,0.02314724867102449,0
8966,7649,36,12.7,78041.06,6,768.0,,3,2,debt_consolidation,MORTGAGE,64,0.01907682305370083,0
8967,11120,36,20.06,94073.13,6,634.0,10.34,9,1,debt_consolidation,MORTGAGE,73,0.03472342953335759,0
8968,3951,36,12.95,55130.51,28,594.0,13.84,5,0,debt_consolidation,RENT,33,0.018273156162442815,0
8969,12165,60,14.13,78568.42,5,782.0,31.06,9,0,debt_consolidation,OWN,35,0.015370732166461388,0
8970,16352,36,13.48,68804.74,7,672.0,11.68,5,0,credit_card,MORTGAGE,55,0.013874103302935472,0
8971,11746,60,8.0,21066.25,3,652.0,18.46,5,0,other,OWN,38,0.01422145486217912,0
8972,45738,36,8.93,22891.95,3,638.0,23.34,6,0,major_purchase,RENT,46,0.038304149669428834,0
8973,30997,60,7.67,51504.61,5,622.0,18.76,7,0,credit_card,RENT,53,0.025132003495627556,0
8974,43954,36,8.87,64922.78,26,672.0,2.7,3,0,major_purchase,RENT,68,0.013106937724864055,0
8975,26183,60,9.97,72014.55,6,700.0,21.02,5,0,home_improvement,RENT,56,0.017343531054591507,0
8976,10804,36,11.19,55058.09,9,706.0,11.66,2,0,debt_consolidation,MORTGAGE,73,0.00880126144880378,0
8977,29169,60,11.15,17594.68,9,572.0,21.26,8,0,debt_consolidation,MORTGAGE,54,0.04266722488477861,0
8978,2595,36,14.31,50804.18,9,771.0,16.74,3,0,home_improvement,OTHER,32,0.007325801087738602,0
8979,31592,36,17.4,14060.67,20,670.0,15.46,7,0,debt_consolidation,RENT,40,0.027126050137619324,0
8980,42643,36,16.57,54883.08,25,701.0,34.87,0,0,small_business,OWN,67,0.05315918914868017,0
8981,22823,36,13.11,74012.4,2,726.0,16.01,8,0,small_business,OWN,71,0.013739576188638473,0
8982,7972,36,8.68,70721.41,23,658.0,16.68,4,0,credit_card,MORTGAGE,31,0.012160106485338523,0
8983,17882,36,16.2,47443.8,9,710.0,20.35,2,0,credit_card,MORTGAGE,60,0.01783914322001684,0
8984,2858,36,9.8,70112.79,26,688.0,7.56,3,0,debt_consolidation,OWN,56,0.006703229877805115,0
8985,7519,36,13.74,32004.81,26,663.0,15.84,10,0,credit_card,RENT,39,0.015412862734822338,0
8986,25769,36,13.13,43954.04,6,685.0,18.09,6,0,other,RENT,46,0.019752597299561945,0
8987,27020,36,7.75,18581.04,11,647.0,19.72,5,0,small_business,MORTGAGE,40,0.020526468799282525,0
8988,44748,60,9.9,46716.3,23,630.0,14.58,5,0,debt_consolidation,RENT,59,0.029118237386838997,0
8989,39085,60,14.05,40617.06,5,689.0,8.49,6,1,credit_card,OWN,60,0.029306540682248514,0
8990,21838,36,11.39,49778.49,0,690.0,22.88,2,0,debt_consolidation,OWN,47,0.018918040729393935,0
8991,46912,36,23.65,53206.57,5,696.0,25.51,5,0,debt_consolidation,RENT,72,0.060947417031210906,0
8992,14879,36,10.22,66234.14,5,766.0,11.58,2,0,home_improvement,RENT,24,0.006341867077646125,0
8993,35798,60,7.97,10910.69,19,698.0,27.28,1,0,small_business,RENT,20,0.023606582598236118,0
8994,44255,36,12.29,38501.89,4,659.0,,5,1,debt_consolidation,MORTGAGE,21,0.0450278925929499,0
8995,26290,36,10.71,84460.33,24,693.0,10.39,8,0,major_purchase,RENT,53,0.012728518898266436,0
8996,48073,36,5.14,84890.7,9,815.0,17.74,8,0,small_business,MORTGAGE,47,0.009641980309338128,0
8997,12255,60,15.34,61392.86,9,613.0,8.07,3,0,home_improvement,OWN,56,0.01690493887872706,0
8998,3447,36,15.97,61931.43,19,783.0,22.89,5,1,debt_consolidation,MORTGAGE,61,0.01606431787299183,0
8999,45005,36,15.42,31818.78,1,705.0,20.44,2,0,home_improvement,OWN,69,0.030139957263038177,0
9000,31195,36,13.28,50664.83,0,685.0,9.5,4,0,credit_card,OWN,29,0.015487703524396625,0
9001,4850,36,11.46,80552.82,0,663.0,8.26,5,0,credit_card,RENT,56,0.009215593173955225,0
9002,30400,36,12.69,28887.41,0,655.0,0.47,6,0,other,OWN,26,0.01263336630321873,0
9003,13953,36,11.51,63617.07,13,578.0,14.84,7,0,debt_consolidation,RENT,50,0.024130788889836104,0
9004,42874,60,9.47,73922.64,3,690.0,13.32,7,0,debt_consolidation,MORTGAGE,62,0.018776024197050364,0
9005,25535,36,18.16,61184.11,22,733.0,15.7,6,0,debt_consolidation,OWN,52,0.017271078093378547,0
9006,12000,60,17.06,56279.54,24,671.0,12.42,7,0,home_improvement,OWN,74,0.016044729872973878,0
9007,11503,36,14.64,56022.43,5,653.0,26.27,7,0,credit_card,OWN,34,0.026984431342010073,0
9008,17493,36,10.29,72514.46,2,635.0,12.3,3,1,debt_consolidation,RENT,19,0.024755512608318042,0
9009,6055,60,14.34,64864.87,8,684.0,28.15,8,2,debt_consolidation,MORTGAGE,72,0.056791537197234336,0
9010,40170,36,11.05,72361.93,20,715.0,14.05,6,0,debt_consolidation,MORTGAGE,42,0.016921566071776528,0
9011,34408,36,10.89,50828.98,13,742.0,12.31,4,0,home_improvement,OWN,52,0.011693728137776822,0
9012,44049,60,11.94,51980.35,0,567.0,14.48,3,0,debt_consolidation,OWN,69,0.04458194679684076,0
9013,36440,36,13.76,73722.82,0,652.0,15.08,7,0,debt_consolidation,RENT,43,0.027331591506341776,0
9014,30251,36,10.4,37703.14,0,723.0,35.72,2,0,other,MORTGAGE,22,0.028911448549954224,0
9015,6532,60,11.44,31782.79,5,609.0,4.14,6,0,debt_consolidation,RENT,21,0.011253486512876302,0
9016,6924,36,17.27,116820.6,8,,27.71,7,0,debt_consolidation,RENT,35,,0
9017,14546,36,5.3,70567.8,20,726.0,21.53,4,0,credit_card,RENT,18,0.009481556460608387,0
9018,28579,60,16.07,53858.97,1,675.0,16.37,5,1,debt_consolidation,MORTGAGE,46,0.03841555248028813,0
9019,8085,36,11.47,42634.19,1,684.0,7.79,5,0,small_business,RENT,47,0.008516473385076984,0
9020,14390,36,10.16,37027.64,23,611.0,28.94,7,0,other,RENT,59,0.0325275350989119,0
9021,15280,60,10.79,58796.08,26,648.0,6.87,8,0,credit_card,OWN,38,0.011680329626231202,0
9022,26118,36,12.05,57615.04,9,698.0,20.57,6,0,debt_consolidation,OWN,52,0.019258809693110984,0
9023,6864,60,15.71,70969.25,18,726.0,10.44,3,0,debt_consolidation,OWN,60,0.008700639838269355,0
9024,44084,60,12.7,27519.6,5,658.0,26.89,5,1,debt_consolidation,RENT,40,0.07204314925128459,0
9025,35989,36,10.03,28538.48,27,751.0,11.45,5,0,credit_card,MORTGAGE,52,0.01070035865214194,0
9026,37628,36,14.76,66500.58,25,681.0,21.46,2,0,debt_consolidation,MORTGAGE,73,0.030264733187721434,0
9027,28849,36,11.62,69662.4,22,679.0,15.04,6,2,credit_card,RENT,43,0.047226591304995603,0
9028,29566,36,14.11,82591.68,0,765.0,10.89,7,0,credit_card,RENT,41,0.01058600497771434,0
9029,12702,60,13.09,101540.71,8,556.0,5.95,3,0,debt_consolidation,MORTGAGE,18,0.019657173464176055,0
9030,43196,36,7.75,53266.5,0,532.0,25.61,6,0,debt_consolidation,RENT,30,0.06874174355796268,1
9031,17385,36,14.29,76772.3,12,733.0,22.05,3,0,other,OWN,33,0.015160280857288053,0
9032,11336,36,5.42,33984.53,2,664.0,12.42,8,0,home_improvement,OWN,37,0.009382520764163514,0
9033,33225,60,11.6,8000.0,10,708.0,14.81,5,1,home_improvement,MORTGAGE,46,0.026311124202842057,0
9034,38021,36,7.96,35519.7,0,681.0,7.36,7,0,home_improvement,RENT,57,0.013213952063047981,0
9035,5782,60,4.11,48021.13,17,708.0,10.83,3,0,home_improvement,OWN,47,0.005412268446405303,0
9036,25341,36,12.99,113764.99,15,721.0,18.51,4,0,debt_consolidation,MORTGAGE,38,0.015684399838410048,0
9037,26094,60,15.33,18424.63,0,743.0,9.01,5,1,debt_consolidation,RENT,61,0.01782408148537627,0
9038,25866,36,11.87,78526.74,19,706.0,17.62,2,0,credit_card,RENT,30,0.01551395166755832,0
9039,21049,36,17.14,45211.76,1,749.0,23.37,9,0,debt_consolidation,RENT,27,0.019054380530698235,0
9040,44719,60,12.0,72441.58,0,648.0,19.35,2,0,major_purchase,OWN,27,0.03390760995058715,0
9041,32992,36,12.71,61057.65,8,706.0,7.07,5,0,other,MORTGAGE,22,0.012643848555972191,0
9042,16567,36,8.63,37131.76,9,596.0,17.78,5,0,home_improvement,RENT,38,0.021839361360942687,0
9043,46451,60,14.33,85611.72,0,639.0,31.13,3,1,debt_consolidation,MORTGAGE,44,0.10309676192623149,0
9044,5513,36,14.15,71218.45,4,722.0,29.57,7,0,credit_card,OWN,33,0.017785258886613843,0
9045,15335,36,10.33,59634.84,6,727.0,15.54,6,0,credit_card,RENT,31,0.009881111694498375,0
9046,46140,36,6.87,67343.73,27,669.0,14.11,4,0,credit_card,OWN,54,0.01997101843261467,0
9047,40590,60,6.03,49387.16,3,752.0,24.36,10,1,credit_card,RENT,62,0.027270513409638784,0
9048,16837,36,16.03,11678.4,3,581.0,14.59,8,0,debt_consolidation,RENT,23,0.031244769309468734,0
9049,14122,36,7.34,62802.64,11,741.0,6.03,4,0,credit_card,RENT,57,0.00514096627208206,0
9050,36840,36,18.09,115666.0,15,669.0,21.9,4,0,home_improvement,OWN,20,0.03891436696870331,0
9051,33007,36,8.86,81132.14,0,567.0,11.41,5,1,debt_consolidation,OWN,30,0.04554411532629556,0
9052,43297,60,10.81,67328.87,1,619.0,14.46,3,1,debt_consolidation,MORTGAGE,28,0.04977622732199063,0
9053,29684,36,23.33,69635.88,5,651.0,18.1,5,0,debt_consolidation,RENT,30,0.04221612076450166,0
9054,28393,36,10.12,59970.37,10,618.0,13.14,7,0,debt_consolidation,OWN,49,0.02212789196432531,0
9055,24754,36,8.14,8000.0,1,621.0,23.72,2,0,credit_card,OWN,52,0.02646475965863064,0
9056,22799,36,10.64,33710.8,5,711.0,23.61,6,0,major_purchase,RENT,65,0.017573732146375715,0
9057,40727,60,5.93,58411.76,0,646.0,23.71,5,0,debt_consolidation,RENT,27,0.02884470354281622,0
9058,11107,36,10.87,83084.1,9,548.0,28.29,4,0,credit_card,MORTGAGE,61,0.04307591656965371,0
9059,7993,36,12.29,105768.45,6,697.0,17.38,2,0,debt_consolidation,OWN,21,0.011630335134455964,0
9060,32805,36,15.97,,18,642.0,11.93,6,0,home_improvement,RENT,68,0.0263341909991728,0
9061,30114,60,14.04,76411.78,9,762.0,10.27,1,0,other,RENT,63,0.009982194227140013,0
9062,39789,36,12.58,8000.0,11,635.0,9.53,3,1,debt_consolidation,MORTGAGE,35,0.03827174632797659,0
9063,48314,36,20.6,51714.62,12,575.0,6.28,6,0,major_purchase,MORTGAGE,24,0.052524567267970786,0
9064,44942,60,14.4,59297.55,9,664.0,9.55,4,0,debt_consolidation,RENT,22,0.02428859387388385,0
9065,18138,60,17.74,102132.18,0,616.0,22.18,6,0,debt_consolidation,RENT,57,0.03736139891754529,0
9066,46527,60,15.56,39596.11,21,621.0,16.74,6,0,credit_card,RENT,27,0.04574449517131104,0
9067,11190,36,17.59,51297.74,26,661.0,23.61,4,1,debt_consolidation,OWN,44,0.04195488481822706,0
9068,28723,60,16.59,84808.9,8,670.0,6.8,6,1,debt_consolidation,OWN,35,0.028359053857547667,1
9069,14886,36,15.34,41663.76,0,661.0,13.95,3,0,major_purchase,MORTGAGE,30,0.01690194768969465,0
9070,18779,36,14.44,46769.86,11,666.0,40.82,5,0,debt_consolidation,MORTGAGE,45,0.049003437463250706,0
9071,30174,36,17.94,23963.6,5,716.0,28.87,6,0,debt_consolidation,RENT,37,0.03453221762441649,0
9072,31086,36,9.66,75582.43,0,668.0,36.94,1,0,debt_consolidation,RENT,59,0.04047786900027108,0
9073,19322,60,9.06,24175.37,22,694.0,33.05,3,0,debt_consolidation,MORTGAGE,35,0.02360151228105066,0
9074,44596,36,5.61,86309.06,14,729.0,17.38,3,1,debt_consolidation,MORTGAGE,55,0.023513642380224454,0
9075,37278,60,14.1,28795.14,19,644.0,20.03,4,0,debt_consolidation,MORTGAGE,31,0.034816057311564445,0
9076,20033,60,16.65,41066.66,19,680.0,18.81,5,0,debt_consolidation,RENT,58,0.022000585601630002,0
9077,22074,36,7.84,30689.72,5,685.0,13.5,7,0,debt_consolidation,RENT,53,0.011932090245665734,0
9078,5435,60,9.1,52927.1,7,596.0,30.78,4,1,home_improvement,MORTGAGE,59,0.04782956883411011,0
9079,37969,36,17.76,86915.08,3,550.0,26.79,5,0,credit_card,OWN,56,0.09270712270497383,0
9080,30942,36,14.78,42537.04,17,683.0,27.96,3,0,credit_card,RENT,73,0.034166032314666445,0
9081,31059,60,14.6,35486.99,8,617.0,8.24,3,1,credit_card,RENT,48,0.037643669089520354,0
9082,49921,36,13.66,59558.59,11,777.0,12.1,5,0,credit_card,RENT,48,0.014823895089730277,0
9083,34826,36,11.15,58341.78,5,722.0,20.07,6,1,debt_consolidation,RENT,20,0.03031936963740066,0
9084,32297,36,5.78,76958.97,12,618.0,8.42,1,0,credit_card,MORTGAGE,71,0.015123595731363113,0
9085,45890,60,14.37,27121.97,12,572.0,17.82,7,1,small_business,RENT,59,0.09424253095240313,0
9086,23322,36,20.53,65949.4,17,605.0,7.38,5,1,debt_consolidation,RENT,35,0.04557020434863,1
9087,37739,36,13.2,90996.88,1,686.0,7.87,4,0,major_purchase,RENT,40,0.01636001038404838,0
9088,11719,36,7.43,34627.03,10,662.0,30.81,4,2,other,MORTGAGE,42,0.05500684770546854,0
9089,16017,60,11.2,64764.31,24,722.0,37.82,7,0,debt_consolidation,RENT,44,0.02611305101150005,0
9090,10314,36,15.8,34573.42,0,616.0,25.57,6,1,debt_consolidation,RENT,74,0.05381326223768876,0
9091,30295,36,16.28,87381.47,28,708.0,13.06,6,0,debt_consolidation,RENT,52,0.01806231722596819,0
9092,11628,36,18.23,,2,699.0,17.08,3,1,other,RENT,73,0.026942453086263606,0
9093,44122,36,16.24,30231.68,27,756.0,22.05,3,0,debt_consolidation,OWN,29,0.024612989357180513,0
9094,13492,36,4.01,67290.1,23,691.0,23.95,5,0,credit_card,OTHER,64,0.01191865744546227,0
9095,38113,36,12.92,68928.81,17,628.0,18.03,4,0,major_purchase,OWN,21,0.033943006279596045,0
9096,17357,36,6.23,63337.63,2,759.0,24.6,2,2,debt_consolidation,RENT,38,0.025546910255943682,0
9097,35329,36,14.54,54340.96,2,664.0,19.52,5,1,major_purchase,RENT,39,0.048817364981226234,0
9098,22365,36,14.93,45717.45,3,655.0,10.84,2,1,debt_consolidation,RENT,68,0.02839875975526911,0
9099,41029,36,8.72,20859.82,20,687.0,21.66,3,0,credit_card,OWN,27,0.02368322746672602,0
9100,3737,36,10.8,55943.08,2,752.0,27.31,5,1,debt_consolidation,OWN,37,0.017900569997529384,0
9101,11096,36,9.43,81603.73,9,744.0,20.99,6,0,credit_card,OWN,29,0.009747201928394013,0
9102,21938,36,15.28,87590.24,18,714.0,11.09,6,0,credit_card,OWN,19,0.013026724300263588,0
9103,14682,36,11.68,64491.13,7,733.0,18.98,3,0,home_improvement,RENT,72,0.011193559852814769,0
9104,29499,36,9.43,35287.17,21,705.0,12.88,3,0,major_purchase,RENT,44,0.012452293293108551,0
9105,46491,36,15.14,27987.31,9,625.0,9.92,6,0,other,RENT,38,0.03368686302181332,0
9106,46866,36,14.44,44545.47,9,737.0,9.89,6,0,home_improvement,RENT,43,0.017005277739172014,0
9107,43894,36,15.27,12247.49,12,532.0,11.6,6,0,credit_card,RENT,46,0.05860074101583067,0
9108,48157,60,5.83,8000.0,22,679.0,20.4,1,0,major_purchase,MORTGAGE,33,0.02312690709414578,0
9109,43034,36,9.68,26372.25,0,683.0,29.42,10,0,major_purchase,RENT,68,0.03817983492167746,0
9110,2294,60,14.72,67797.66,6,810.0,25.69,5,0,small_business,RENT,52,0.00857306450920625,0
9111,34536,36,5.35,19037.93,28,622.0,21.33,4,0,major_purchase,OWN,60,0.02581664742621434,0
9112,26596,36,5.46,,0,740.0,24.95,8,0,home_improvement,RENT,24,0.013293728699568044,0
9113,34649,60,9.06,39326.69,3,693.0,28.38,6,1,home_improvement,MORTGAGE,68,0.04449683555397094,0
9114,13434,36,15.09,,9,659.0,28.17,3,0,debt_consolidation,OWN,65,0.028636461798314874,0
9115,40098,36,12.05,44979.3,22,568.0,17.44,5,1,debt_consolidation,RENT,27,0.07544281164635754,0
9116,6655,60,14.03,48452.59,0,693.0,13.57,5,0,credit_card,RENT,21,0.011199759777647686,0
9117,19493,36,8.06,41242.11,0,694.0,33.75,3,0,debt_consolidation,RENT,27,0.023177114584342604,0
9118,48228,36,8.02,41764.24,13,665.0,22.88,7,0,debt_consolidation,MORTGAGE,54,0.03263343884480299,0
9119,5771,36,17.57,62197.65,10,779.0,26.04,4,0,credit_card,MORTGAGE,30,0.012761485205593979,0
9120,10563,60,13.7,67171.43,3,748.0,8.56,8,1,major_purchase,OWN,58,0.01189888896667867,0
9121,19558,60,7.7,58857.05,28,670.0,30.37,2,0,home_improvement,MORTGAGE,37,0.022775299999252603,0
9122,35932,36,4.09,28171.35,9,746.0,12.02,5,0,debt_consolidation,OWN,24,0.008391908436579816,0
9123,44243,36,6.37,70168.66,11,758.0,13.39,0,1,debt_consolidation,MORTGAGE,19,0.01697254518396193,0
9124,28567,60,7.77,29751.68,5,641.0,10.56,4,0,other,RENT,36,0.015160878086740064,0
9125,34376,36,6.92,32803.38,26,618.0,17.53,1,0,credit_card,RENT,59,0.023816313152189277,0
9126,23922,36,11.87,45830.78,3,607.0,18.63,4,0,credit_card,RENT,72,0.028336467643235802,0
9127,14388,36,14.69,79378.35,16,741.0,16.52,5,1,home_improvement,OWN,69,0.018652617915829072,0
9128,31332,36,11.64,31534.41,0,660.0,18.28,4,0,credit_card,RENT,73,0.023427006885379475,0
9129,48737,36,10.18,69188.05,8,637.0,9.2,6,1,debt_consolidation,OWN,25,0.04068890369704528,0
9130,25495,60,13.37,8000.0,9,738.0,23.19,1,0,credit_card,MORTGAGE,52,0.01692322967480756,0
9131,10434,60,10.65,72638.38,2,661.0,33.7,6,0,credit_card,OWN,42,0.02746963729372945,0
9132,22991,36,5.14,86130.26,4,618.0,12.09,2,0,credit_card,MORTGAGE,63,0.014236884230997447,0
9133,29472,36,12.81,75193.63,2,770.0,11.37,4,0,credit_card,RENT,40,0.009515614696536542,0
9134,42030,36,13.57,58742.28,22,743.0,16.39,5,0,other,RENT,47,0.01828356383386805,0
9135,28849,36,16.81,42608.53,11,642.0,15.92,3,0,debt_consolidation,MORTGAGE,25,0.028812226579942334,0
9136,3541,36,15.69,36469.26,7,634.0,8.45,4,0,credit_card,OTHER,59,0.013116513182444932,0
9137,4765,36,9.76,38844.01,9,669.0,6.13,4,0,credit_card,OWN,34,0.007424630717991657,0
9138,45074,36,11.13,44969.46,5,720.0,27.64,3,0,credit_card,OWN,35,0.02999065128609019,0
9139,39259,36,12.14,83374.31,6,748.0,3.39,7,0,debt_consolidation,OWN,48,0.009563234655819148,0
9140,31283,36,12.85,56980.79,10,615.0,18.02,6,0,other,MORTGAGE,67,0.03257666332756808,1
9141,37851,36,17.98,79596.03,2,582.0,9.02,9,0,debt_consolidation,RENT,33,0.04167921529037677,0
9142,36625,36,11.74,136081.31,1,668.0,28.06,1,1,credit_card,RENT,69,0.05699543213243194,0
9143,2769,36,9.92,101316.65,27,615.0,7.07,5,0,major_purchase,RENT,33,0.01039665583779504,0
9144,19806,60,16.97,59610.71,3,664.0,11.21,4,0,major_purchase,OWN,53,0.017968908684052716,0
9145,26982,60,16.87,46004.47,8,644.0,7.33,9,0,credit_card,OWN,35,0.020884139213898877,0
9146,4972,36,15.6,80831.99,17,582.0,11.76,3,0,home_improvement,MORTGAGE,54,0.02058969405315543,0
9147,20256,36,5.59,80793.82,9,782.0,9.07,3,0,debt_consolidation,RENT,73,0.0046576301546144925,0
9148,40367,36,12.32,73447.19,10,688.0,22.26,2,0,debt_consolidation,MORTGAGE,49,0.028078796943846927,0
9149,20653,36,11.06,96879.43,1,732.0,21.65,3,1,other,RENT,51,0.02231474766949764,0
9150,40043,36,13.75,36389.65,6,548.0,41.25,6,0,home_improvement,OWN,54,0.13709387470372641,0
9151,23133,60,8.52,67159.45,13,636.0,1.71,6,1,debt_consolidation,MORTGAGE,72,0.01714188309928842,0
9152,41339,36,15.28,59075.4,2,639.0,24.09,6,0,small_business,MORTGAGE,52,0.04881736498122622,0
9153,27757,36,13.43,77053.69,7,740.0,14.85,3,0,credit_card,OWN,29,0.012876896753039983,0
9154,39840,36,15.5,48478.45,9,782.0,23.77,4,0,major_purchase,MORTGAGE,22,0.020244894694028088,0
9155,44399,36,9.01,69206.76,18,609.0,15.98,10,1,credit_card,RENT,48,0.055918353431275034,1
9156,46013,36,13.06,15300.25,2,690.0,26.01,2,1,credit_card,OWN,67,0.05972958784390576,0
9157,34069,36,15.15,59506.64,29,757.0,33.85,5,0,debt_consolidation,MORTGAGE,40,0.03079511367672962,0
9158,16706,36,4.0,102798.46,29,639.0,11.75,1,0,major_purchase,RENT,60,0.01025298994574549,0
9159,40231,36,14.67,47013.17,0,634.0,9.69,3,0,credit_card,MORTGAGE,66,0.026641559955029894,0
9160,29909,60,10.56,57456.54,5,711.0,8.58,2,0,debt_consolidation,OTHER,47,0.010701417290037854,0
9161,42218,36,11.91,86735.3,0,584.0,5.93,6,0,credit_card,RENT,54,0.0288340606275256,0
9162,13095,36,17.01,71774.41,4,557.0,12.62,7,2,other,OTHER,47,0.08280740406635102,0
9163,22343,36,16.37,17212.9,10,494.0,13.64,3,0,home_improvement,RENT,50,0.05350249734411735,0
9164,28469,36,9.68,56489.44,10,721.0,19.0,7,0,major_purchase,RENT,34,0.014881838764046298,0
9165,3313,36,5.25,69582.79,0,,14.14,4,0,debt_consolidation,RENT,54,,0
9166,9847,36,11.69,94172.5,12,680.0,13.31,3,0,small_business,OWN,21,0.011138353573399208,0
9167,11166,36,16.25,89479.59,22,741.0,19.3,4,0,debt_consolidation,MORTGAGE,65,0.012765265347025049,0
9168,11930,36,17.26,58393.53,10,551.0,16.26,3,0,other,OWN,24,0.03647399277609725,0
9169,5285,36,4.0,75883.7,4,716.0,27.4,12,0,credit_card,RENT,18,0.010726006793284342,0
9170,37863,36,14.39,58044.19,0,689.0,27.29,2,1,debt_consolidation,RENT,53,0.057560237319515865,0
9171,18704,36,13.85,47418.6,10,628.0,13.28,3,0,home_improvement,RENT,28,0.0200313899482412,0
9172,20705,36,15.09,87397.17,12,702.0,7.59,2,0,credit_card,OWN,72,0.011319996053085347,0
9173,2555,36,12.05,85719.93,14,788.0,15.73,4,1,credit_card,RENT,43,0.009422384824783038,0
9174,23323,36,4.92,66727.13,0,735.0,15.72,8,0,debt_consolidation,MORTGAGE,24,0.0086737712369497,0
9175,7432,36,10.17,43669.25,8,644.0,34.49,4,1,debt_consolidation,RENT,26,0.0457706934727584,0
9176,3386,36,8.32,59330.63,6,644.0,17.59,6,0,debt_consolidation,MORTGAGE,63,0.012534211820017713,0
9177,46007,60,7.86,60971.95,17,705.0,15.8,5,0,debt_consolidation,OWN,22,0.018255583996565725,0
9178,12619,36,15.14,83058.64,15,716.0,2.02,4,0,debt_consolidation,OWN,36,0.007276371412904668,0
9179,8854,60,11.32,52363.67,28,632.0,23.29,1,0,debt_consolidation,OWN,60,0.020687523130869023,0
9180,44964,36,13.57,60709.13,25,787.0,16.06,8,0,major_purchase,OWN,32,0.015189871538709761,0
9181,9637,36,16.22,64675.39,9,677.0,25.21,5,0,major_purchase,OWN,66,0.02298051303738196,0
9182,23225,36,5.1,53259.33,29,748.0,29.71,4,1,other,MORTGAGE,40,0.022094161449162777,0
9183,47730,36,18.41,66404.36,1,660.0,10.6,4,0,debt_consolidation,OWN,48,0.03321739409527386,0
9184,28739,36,19.15,62787.34,0,811.0,25.35,2,0,debt_consolidation,OWN,68,0.017128746577178364,0
9185,49708,36,4.9,39602.56,0,702.0,23.38,2,0,credit_card,RENT,59,0.02258467687955146,0
9186,12618,60,14.77,46102.51,5,570.0,14.29,6,0,home_improvement,RENT,57,0.02798942292596637,0
9187,38561,36,19.96,,17,,9.54,2,0,debt_consolidation,OWN,72,,0
9188,9373,36,6.41,41526.43,5,708.0,9.67,5,1,home_improvement,RENT,51,0.01042323389452605,0
9189,37281,60,7.31,95664.73,18,771.0,14.0,7,0,debt_consolidation,RENT,37,0.009613946647507955,0
9190,22187,60,15.25,76540.35,16,690.0,18.62,3,0,credit_card,RENT,37,0.019666811163172856,0
9191,4327,36,13.83,39926.04,19,607.0,26.93,2,0,debt_consolidation,RENT,34,0.028839101533394133,0
9192,34391,36,12.87,55208.41,2,675.0,27.73,3,0,debt_consolidation,MORTGAGE,40,0.0345735827762839,0
9193,43577,36,11.0,38257.76,8,703.0,15.67,6,1,debt_consolidation,RENT,27,0.033580255423304714,0
9194,20549,36,12.62,78153.5,14,729.0,6.32,4,0,debt_consolidation,MORTGAGE,34,0.008250309766130259,0
9195,41220,36,4.0,66294.58,4,766.0,11.15,6,0,debt_consolidation,OTHER,70,0.008037238609444839,0
9196,9642,36,7.2,77059.16,21,755.0,15.95,3,0,debt_consolidation,MORTGAGE,60,0.006310812732006779,0
9197,16435,36,11.55,52109.76,18,677.0,13.41,2,0,debt_consolidation,RENT,40,0.01274989966041619,0
9198,35760,60,4.0,85020.52,0,582.0,29.0,3,0,small_business,MORTGAGE,53,0.041614557177400875,0
9199,40192,60,11.44,30208.75,2,737.0,13.57,6,0,home_improvement,RENT,26,0.014870993984148057,0
9200,6381,36,11.93,45175.92,3,650.0,2.16,7,0,debt_consolidation,OWN,38,0.00841340511946737,0
9201,33047,36,9.05,50048.81,24,777.0,26.4,9,0,debt_consolidation,MORTGAGE,19,0.015480691083523224,1
9202,21558,36,9.29,80051.62,2,719.0,23.29,5,1,credit_card,MORTGAGE,60,0.024441204818679754,0
9203,32782,36,7.82,46416.33,10,667.0,10.35,5,0,home_improvement,RENT,59,0.014183932265175619,0
9204,6782,36,10.06,35845.91,0,807.0,17.18,5,1,debt_consolidation,RENT,22,0.008870095914118891,0
9205,27881,60,13.44,60232.32,9,708.0,11.11,4,1,credit_card,MORTGAGE,58,0.022226777687068062,0
9206,42228,36,13.72,120926.98,1,753.0,32.56,4,0,debt_consolidation,OWN,29,0.03245083705454588,0
9207,31409,36,16.1,35593.47,9,635.0,4.31,9,0,debt_consolidation,OWN,34,0.020544168783345848,0
9208,21462,36,11.37,90969.44,5,622.0,10.04,2,1,major_purchase,OWN,62,0.027580990657674217,0
9209,4983,60,13.83,59807.65,10,549.0,14.28,2,0,debt_consolidation,RENT,45,0.02504688290384959,1
9210,33933,60,6.19,60142.24,6,735.0,21.76,7,0,credit_card,RENT,59,0.014323311696282159,0
9211,48950,60,12.83,44932.36,22,662.0,26.52,6,0,credit_card,RENT,27,0.04830543812705655,0
9212,4523,36,11.11,75631.59,17,820.0,25.51,9,0,debt_consolidation,OWN,26,0.007292135407673387,0
9213,11677,36,14.0,85960.98,22,698.0,22.28,5,0,home_improvement,RENT,23,0.01690228001834265,0
9214,12292,36,10.87,97625.49,2,699.0,3.33,3,0,debt_consolidation,RENT,31,0.006749865173827241,0
9215,17089,36,10.5,67142.15,1,763.0,12.31,9,0,debt_consolidation,MORTGAGE,53,0.007548569497973328,0
9216,6581,60,8.71,42700.92,9,668.0,21.29,5,0,debt_consolidation,OWN,44,0.013529245548647088,0
9217,13907,36,16.03,104685.32,23,651.0,22.25,2,1,small_business,OWN,65,0.040451466451863476,0
9218,7609,36,9.55,48677.24,0,609.0,11.54,4,0,debt_consolidation,RENT,63,0.013752048503584491,0
9219,46143,36,19.46,40695.62,3,684.0,13.48,3,1,debt_consolidation,OWN,26,0.05270301428154957,0
9220,24936,36,6.75,67230.45,16,703.0,15.47,5,0,debt_consolidation,OWN,49,0.011396579435685103,0
9221,44725,36,16.68,35904.45,7,649.0,29.15,4,1,major_purchase,MORTGAGE,73,0.0989006238878515,0
9222,47723,36,4.0,47512.53,10,765.0,18.74,4,0,credit_card,MORTGAGE,23,0.012177175685242143,0
9223,35988,36,11.32,75663.96,9,563.0,9.35,0,0,debt_consolidation,MORTGAGE,49,0.030229534497889076,0
9224,31506,36,9.65,131818.66,6,727.0,11.0,3,0,debt_consolidation,RENT,61,0.010672236880053206,0
9225,15163,60,13.76,74136.41,14,617.0,17.07,8,1,credit_card,RENT,29,0.039243317875823226,0
9226,48057,36,15.27,89621.38,22,729.0,6.35,4,0,credit_card,RENT,61,0.016216764991780774,0
9227,14537,36,19.74,47322.84,25,688.0,9.49,6,0,major_purchase,RENT,31,0.0153577219431065,0
9228,24419,36,9.87,66676.6,0,689.0,19.69,5,0,credit_card,RENT,66,0.016881355850602128,0
9229,44578,36,9.05,12052.26,9,714.0,19.12,3,0,debt_consolidation,RENT,57,0.019935037417703312,0
9230,11455,60,15.53,26687.84,0,727.0,29.27,6,0,small_business,RENT,32,0.02032040541238842,0
9231,11063,36,11.46,63911.77,25,663.0,10.03,2,1,credit_card,OWN,27,0.017766053238123677,0
9232,2834,36,9.46,68843.08,6,702.0,19.31,8,1,debt_consolidation,RENT,62,0.016627664152094084,0
9233,34214,60,10.22,81120.52,25,723.0,30.03,9,0,debt_consolidation,RENT,43,0.026557669698686608,0
9234,29398,60,9.16,55259.42,2,774.0,26.32,11,0,credit_card,RENT,18,0.014990420540602194,0
9235,36492,36,5.32,97723.07,1,711.0,31.03,5,0,small_business,OWN,53,0.023454476410244087,0
9236,4413,36,18.25,73758.51,25,658.0,5.37,5,0,debt_consolidation,RENT,69,0.011745849010964681,0
9237,11505,36,13.95,14669.98,27,793.0,23.28,5,0,credit_card,MORTGAGE,71,0.009959687168631302,0
9238,39266,60,5.56,14717.32,17,758.0,7.89,3,0,credit_card,OWN,37,0.00747209287195294,0
9239,4105,36,18.0,63214.23,2,740.0,37.52,5,0,debt_consolidation,RENT,33,0.025157986981293633,0
9240,4568,36,12.71,54070.18,1,697.0,25.78,10,1,debt_consolidation,MORTGAGE,72,0.027280064694701227,0
9241,44098,36,11.15,65538.78,16,677.0,24.33,5,1,home_improvement,RENT,32,0.05471544348346845,0
9242,39679,36,14.12,51597.9,10,588.0,12.57,8,0,credit_card,RENT,19,0.03933088304913796,0
9243,35560,60,10.26,44990.61,23,752.0,20.79,8,0,small_business,RENT,51,0.015887618565522215,0
9244,16195,60,6.74,41633.29,3,496.0,21.71,4,0,major_purchase,OWN,19,0.04082808974762355,0
9245,48669,36,9.84,58571.75,4,693.0,12.74,4,0,debt_consolidation,OWN,46,0.01997649937878201,0
9246,17762,36,11.71,80991.98,15,663.0,18.63,4,0,small_business,OWN,56,0.017949860892896786,0
9247,43294,36,8.4,33094.79,3,712.0,0.0,1,0,debt_consolidation,MORTGAGE,61,0.008782960355009237,0
9248,17898,60,14.03,56533.3,7,665.0,33.2,5,1,major_purchase,OWN,69,0.05718707331877242,0
9249,23577,60,17.12,95616.9,8,689.0,22.66,5,0,credit_card,OWN,27,0.026595440245376852,0
9250,3214,60,10.54,16469.5,12,649.0,14.13,4,0,credit_card,MORTGAGE,48,0.011572084816151686,0
9251,22803,60,4.0,76063.07,5,688.0,24.31,5,0,major_purchase,MORTGAGE,63,0.014780728837437135,0
9252,25698,36,11.34,54788.9,22,634.0,3.89,2,0,other,RENT,31,0.013420771715104364,0
9253,34980,60,8.6,40494.39,6,678.0,26.24,4,0,major_purchase,RENT,60,0.02662807874432117,0
9254,3658,36,11.14,46141.86,0,630.0,16.92,5,0,home_improvement,RENT,46,0.015171632178979745,0
9255,14270,36,11.09,85821.69,0,787.0,3.58,2,0,small_business,RENT,22,0.004198168143304216,0
9256,48797,36,8.55,56744.16,29,585.0,18.06,8,0,debt_consolidation,MORTGAGE,50,0.0450382138114639,0
9257,39792,36,6.53,33106.09,10,624.0,25.42,8,1,debt_consolidation,MORTGAGE,30,0.058697909859333965,0
9258,47807,60,12.05,38336.8,7,658.0,24.16,6,0,credit_card,OWN,67,0.04257582187707734,1
9259,24301,36,8.93,47524.13,23,651.0,18.24,4,1,major_purchase,OWN,25,0.030653359892109402,0
9260,7141,60,18.98,81696.17,14,730.0,18.42,6,0,debt_consolidation,MORTGAGE,26,0.014183652612926204,0
9261,40756,36,12.99,47435.56,2,680.0,8.62,9,0,debt_consolidation,MORTGAGE,46,0.019254277118185517,0
9262,15777,36,9.07,59380.62,0,634.0,17.53,6,1,debt_consolidation,MORTGAGE,47,0.02864369495259194,0
9263,40346,36,10.1,42714.86,29,658.0,21.86,7,0,credit_card,RENT,30,0.031017950549981747,0
9264,31441,36,11.39,50037.64,10,718.0,29.05,5,1,debt_consolidation,OTHER,70,0.04118279005050941,0
9265,49819,36,12.39,55952.86,7,548.0,7.65,4,0,credit_card,RENT,22,0.044103099463774845,0
9266,30469,36,14.47,36740.5,27,613.0,13.89,6,0,home_improvement,OWN,42,0.029900599808242657,0
9267,5845,60,16.58,40471.29,5,660.0,21.55,5,0,debt_consolidation,RENT,62,0.020793543001507854,0
9268,46650,36,11.72,46963.37,15,693.0,1.43,5,0,major_purchase,OWN,52,0.013629439280441942,0
9269,25290,36,13.82,97541.33,12,678.0,14.38,1,0,credit_card,RENT,73,0.017361264396774507,0
9270,49015,60,13.71,61517.98,12,694.0,31.15,6,1,home_improvement,MORTGAGE,74,0.08001082247149412,0
9271,32699,36,12.4,37613.67,12,672.0,7.39,4,0,debt_consolidation,RENT,46,0.015180898665458045,0
9272,46252,36,11.17,81094.91,0,723.0,22.47,4,0,small_business,RENT,72,0.02494890357189279,0
9273,35146,36,12.57,82425.33,20,662.0,18.68,2,0,major_purchase,OWN,73,0.025998348055668072,0
9274,5293,36,9.39,37094.69,26,635.0,18.81,4,1,credit_card,OWN,30,0.0243104061840359,0
9275,46398,36,7.46,100625.54,7,606.0,21.86,4,0,credit_card,RENT,63,0.040285663994525336,0
9276,48428,36,17.78,69580.63,9,661.0,13.56,9,0,credit_card,RENT,59,0.03819746545442501,0
9277,18608,36,12.86,70494.98,4,671.0,16.26,4,0,other,RENT,44,0.01678338579320418,0
9278,2737,36,13.09,69025.92,18,659.0,17.5,4,0,small_business,OWN,60,0.013997778074760313,0
9279,18619,36,11.13,68441.35,15,581.0,24.28,4,2,credit_card,OWN,64,0.09146142901717756,0
9280,14470,36,13.99,57116.57,16,696.0,22.36,9,0,debt_consolidation,RENT,39,0.01884098483494186,0
9281,24372,60,11.28,76240.65,15,679.0,18.97,9,1,credit_card,RENT,69,0.031561101344630194,0
9282,18117,36,5.93,51742.82,2,715.0,11.96,10,1,debt_consolidation,MORTGAGE,37,0.013350513468930831,0
9283,16779,36,9.86,99335.9,0,666.0,11.06,2,1,credit_card,RENT,29,0.018798145150690653,0
9284,31294,60,14.39,10174.55,4,619.0,7.94,8,1,debt_consolidation,RENT,19,0.03838232046994536,0
9285,23630,60,9.63,37250.81,9,673.0,12.15,4,0,debt_consolidation,RENT,50,0.01328297704665496,0
9286,42039,60,4.67,68883.63,6,792.0,20.64,5,0,credit_card,RENT,31,0.010434792572141456,0
9287,14178,60,10.83,58012.38,3,637.0,28.71,7,0,credit_card,RENT,28,0.028510999122937378,0
9288,21935,36,5.08,47431.03,0,661.0,19.16,4,0,credit_card,RENT,45,0.014530045922820664,0
9289,49258,36,10.77,64374.64,0,625.0,12.23,5,1,debt_consolidation,RENT,60,0.05034784246884886,0
9290,24784,36,16.74,29636.2,0,674.0,17.95,5,1,debt_consolidation,RENT,30,0.03941787830443239,0
9291,25027,36,6.91,34093.24,28,628.0,13.12,5,0,credit_card,RENT,26,0.016348106298258856,0
9292,33008,36,14.59,56821.97,18,662.0,23.73,6,1,major_purchase,OTHER,60,0.05608646763902091,0
9293,48631,36,18.86,69597.45,0,746.0,7.96,6,0,major_purchase,RENT,45,0.019227857933871263,0
9294,3823,60,17.09,42085.87,7,723.0,25.03,5,0,debt_consolidation,OWN,29,0.016209108954649727,0
9295,8852,36,11.09,15041.12,11,672.0,23.0,6,0,major_purchase,MORTGAGE,46,0.016783055762318644,0
9296,15072,36,8.34,65742.95,28,675.0,12.23,2,0,credit_card,RENT,31,0.010227853780291613,0
9297,13133,36,12.7,72140.82,3,727.0,12.01,5,0,major_purchase,MORTGAGE,55,0.009157884509444327,0
9298,17111,36,12.75,32715.97,3,562.0,14.46,3,2,credit_card,RENT,40,0.07351693358659292,0
9299,34312,60,15.69,50185.64,9,649.0,22.09,6,0,debt_consolidation,RENT,63,0.0380646944789016,0
9300,26161,60,12.2,82747.27,22,765.0,10.4,7,1,debt_consolidation,OWN,52,0.014474593020862467,0
9301,41287,60,13.61,31029.2,3,724.0,6.48,7,0,debt_consolidation,RENT,38,0.013945427825559171,0
9302,3777,36,8.36,59187.42,1,665.0,16.32,1,1,debt_consolidation,RENT,60,0.016566621145895542,0
9303,26014,60,14.96,43377.38,3,559.0,23.88,4,0,debt_consolidation,RENT,46,0.05517342426681158,0
9304,16772,36,6.9,114612.3,7,565.0,4.3,8,1,debt_consolidation,OTHER,48,0.0239496608283982,0
9305,48389,60,9.49,29322.57,5,574.0,0.0,6,1,other,RENT,55,0.03947850554429408,0
9306,46627,36,14.4,,23,610.0,23.52,4,0,credit_card,MORTGAGE,48,0.05859853438702444,0
9307,20161,36,17.16,75156.24,27,,19.04,7,0,debt_consolidation,RENT,27,,0
9308,44264,60,14.74,51858.48,5,739.0,17.7,9,1,debt_consolidation,RENT,22,0.036836995932178214,0
9309,9490,36,11.87,34236.58,20,593.0,15.86,4,0,home_improvement,MORTGAGE,63,0.020830224741059087,0
9310,43661,60,11.91,47708.31,0,631.0,18.0,4,0,credit_card,OTHER,61,0.03532228512255075,0
9311,26502,36,8.37,97897.81,9,712.0,23.65,5,0,credit_card,RENT,36,0.016667935933742217,0
9312,37757,60,10.52,60075.02,21,685.0,31.53,7,0,debt_consolidation,RENT,64,0.03741106304149803,0
9313,43111,60,4.34,96618.03,6,703.0,21.93,4,1,debt_consolidation,RENT,57,0.03013177350848608,0
9314,34737,36,18.64,29013.8,1,675.0,11.56,8,0,credit_card,OWN,69,0.025809606319637742,0
9315,19709,36,20.86,87178.17,4,747.0,15.66,6,0,credit_card,MORTGAGE,63,0.01616801862134207,0
9316,46682,36,4.23,35788.27,8,716.0,,8,0,debt_consolidation,RENT,41,0.014473451858853912,0
9317,10998,60,6.26,90671.05,22,612.0,20.81,6,1,debt_consolidation,MORTGAGE,60,0.029407984256720237,0
9318,30906,36,17.45,88629.6,16,639.0,,3,0,debt_consolidation,OWN,72,0.030372334590834965,0
9319,37490,36,8.86,35129.02,0,690.0,19.81,7,1,credit_card,MORTGAGE,65,0.03439644949739803,0
9320,6656,36,17.54,70558.61,9,682.0,30.58,5,0,credit_card,MORTGAGE,53,0.027687936311534427,0
9321,38901,36,15.02,65172.44,23,740.0,22.85,3,1,credit_card,MORTGAGE,24,0.03853171170826495,0
9322,27735,36,10.72,83402.87,9,,8.24,5,0,debt_consolidation,MORTGAGE,52,,0
9323,31092,36,15.78,31684.69,0,742.0,17.81,5,0,debt_consolidation,OTHER,19,0.017485210280497498,0
9324,3242,60,11.85,49836.42,20,672.0,27.63,2,0,major_purchase,MORTGAGE,57,0.017995750306446793,0
9325,43307,36,11.78,61200.27,25,744.0,13.77,3,0,debt_consolidation,MORTGAGE,70,0.015096808347372157,0
9326,3831,36,14.11,97617.31,6,752.0,13.53,8,0,debt_consolidation,MORTGAGE,47,0.007700956309519865,0
9327,30511,36,15.17,61492.55,4,689.0,16.92,9,0,debt_consolidation,RENT,56,0.023011517766968533,0
9328,9246,36,16.01,35726.12,8,581.0,16.51,5,0,credit_card,MORTGAGE,61,0.028190356332507324,0
9329,33467,60,21.42,68025.88,30,618.0,15.47,9,0,credit_card,RENT,74,0.047027209145991664,0
9330,20302,36,13.46,34621.68,21,649.0,13.63,2,1,debt_consolidation,OWN,66,0.02931906024854926,0
9331,5232,36,17.17,,20,653.0,28.01,5,0,debt_consolidation,MORTGAGE,42,0.028347483126227473,0
9332,38526,36,17.06,55958.55,2,634.0,20.52,3,0,home_improvement,RENT,58,0.04395326027272804,1
9333,40765,60,14.74,66944.2,25,656.0,10.32,5,0,debt_consolidation,RENT,23,0.024821749754433988,0
9334,12972,60,9.89,64819.67,9,,7.69,7,2,credit_card,MORTGAGE,47,,0
9335,36592,36,16.39,61336.89,26,694.0,15.94,6,0,debt_consolidation,OWN,49,0.024963503606381696,0
9336,12683,36,13.78,104641.59,11,649.0,20.93,4,0,debt_consolidation,RENT,55,0.021370534657598854,0
9337,25664,36,6.85,98782.86,21,709.0,20.06,9,0,debt_consolidation,RENT,28,0.013983155658347199,0
9338,38828,60,16.05,39393.27,1,712.0,20.77,3,0,debt_consolidation,MORTGAGE,58,0.02706331203365667,0
9339,35172,36,5.5,83582.73,14,706.0,23.99,7,0,debt_consolidation,RENT,57,0.018379659929000987,0
9340,20105,60,14.59,116548.1,3,683.0,16.28,4,0,debt_consolidation,RENT,46,0.01754647439300503,0
9341,23700,60,9.79,103956.34,1,698.0,29.28,1,1,credit_card,MORTGAGE,65,0.035801755250497946,0
9342,13017,60,12.65,85199.14,9,678.0,15.65,6,0,debt_consolidation,RENT,50,0.01421472721257903,0
9343,38613,36,6.42,56650.46,10,661.0,11.93,3,2,home_improvement,OWN,19,0.04247077705158366,1
9344,22594,36,9.1,27386.09,7,718.0,0.0,9,0,debt_consolidation,MORTGAGE,30,0.006298533484421668,0
9345,13384,60,9.91,35965.31,0,736.0,24.79,4,0,home_improvement,RENT,57,0.012478143941537772,0
9346,32348,36,11.39,73208.07,3,632.0,7.34,6,0,credit_card,MORTGAGE,23,0.01848858734436289,0
9347,18448,36,9.62,67360.77,3,820.0,28.7,6,0,debt_consolidation,MORTGAGE,37,0.009833871827389717,0
9348,11491,36,13.39,61716.45,4,615.0,0.0,6,0,debt_consolidation,MORTGAGE,52,0.011198873866278172,0
9349,15112,36,13.91,82751.97,10,676.0,,5,1,credit_card,MORTGAGE,58,0.025129553573378975,0
9350,33021,36,10.21,89248.03,6,717.0,9.62,4,0,debt_consolidation,RENT,28,0.011472313952806812,0
9351,46553,36,12.16,89212.64,29,696.0,21.82,3,2,debt_consolidation,OWN,35,0.07697753125410922,0
9352,2968,36,14.13,78408.56,0,622.0,12.16,5,0,home_improvement,MORTGAGE,29,0.015071848942967805,0
9353,2368,36,4.0,72933.11,2,693.0,29.33,4,0,other,RENT,57,0.011572999905641146,0
9354,10424,36,13.77,46835.92,9,770.0,8.39,4,0,debt_consolidation,RENT,27,0.006075360858444429,0
9355,37010,36,9.43,62134.73,24,668.0,19.31,3,0,debt_consolidation,OWN,29,0.02311471052643654,0
9356,37851,36,4.0,68989.55,0,595.0,19.77,5,0,major_purchase,MORTGAGE,31,0.028687688416495872,0
9357,27496,60,10.43,58665.62,24,595.0,12.76,5,0,home_improvement,RENT,72,0.024406893202814417,0
9358,32936,60,7.97,20235.09,8,747.0,25.09,5,0,debt_consolidation,OWN,46,0.01596629832607237,0
9359,15322,60,10.12,68014.79,18,659.0,7.93,5,0,debt_consolidation,OWN,26,0.010725370154399696,0
9360,3469,60,13.87,58557.57,28,678.0,,7,1,small_business,MORTGAGE,34,0.02013174907394766,0
9361,39493,36,15.4,56547.19,2,699.0,23.76,2,0,credit_card,OWN,70,0.03186880433570942,0
9362,6259,36,17.16,74341.6,9,525.0,10.27,10,0,debt_consolidation,RENT,20,0.03210785364391575,0
9363,38390,36,17.4,73826.95,24,742.0,25.37,4,0,debt_consolidation,RENT,53,0.029045952426715867,1
9364,12292,36,7.85,89843.07,22,788.0,16.23,6,1,other,RENT,45,0.009656123109145917,0
9365,28841,36,16.84,74782.57,8,656.0,11.85,3,0,debt_consolidation,OWN,63,0.022683339552960674,0
9366,30365,36,7.11,50400.94,28,673.0,17.82,8,0,debt_consolidation,OWN,33,0.017422786688501533,0
9367,19207,60,16.23,93085.01,14,722.0,9.67,8,1,debt_consolidation,RENT,68,0.019463480040265383,0
9368,38199,36,14.28,97595.58,8,652.0,16.06,2,0,debt_consolidation,MORTGAGE,59,0.028703296770449128,0
9369,24912,36,12.68,59474.94,0,745.0,1.98,4,0,credit_card,OWN,61,0.00690514086654191,0
9370,38919,60,8.45,91228.93,7,711.0,25.29,1,0,home_improvement,RENT,22,0.022020389544252325,0
9371,38981,60,16.79,64085.15,6,756.0,24.69,3,1,credit_card,OWN,24,0.0411196575814323,0
9372,17235,36,7.97,88740.42,4,610.0,36.28,3,0,debt_consolidation,RENT,49,0.039711230842167426,0
9373,43757,60,11.91,93089.15,27,701.0,16.44,7,0,debt_consolidation,MORTGAGE,38,0.022803805837791888,0
9374,35547,36,12.27,44176.92,26,705.0,22.64,5,0,debt_consolidation,MORTGAGE,20,0.024127963231926643,0
9375,45810,60,5.21,94996.65,5,723.0,17.02,2,0,debt_consolidation,RENT,65,0.01462197233672689,0
9376,21276,36,12.6,61131.84,6,672.0,20.85,5,1,debt_consolidation,RENT,18,0.03414228120734834,0
9377,33923,36,7.62,69746.41,16,625.0,32.16,4,1,credit_card,OWN,40,0.06823391962795394,0
9378,7534,60,17.76,87798.95,21,591.0,25.17,6,0,debt_consolidation,MORTGAGE,18,0.03952403464315812,0
9379,28469,36,22.82,53564.45,0,647.0,21.27,5,1,credit_card,RENT,69,0.0744114484572922,0
9380,38074,36,9.06,84802.36,7,642.0,3.48,3,1,credit_card,MORTGAGE,61,0.023699418497048843,0
9381,37670,36,10.43,64173.33,26,655.0,21.13,5,2,small_business,OWN,63,0.07516706088418662,0
9382,34563,36,12.67,48642.9,11,,6.86,7,0,debt_consolidation,RENT,50,,0
9383,48159,60,4.0,76085.62,8,603.0,21.19,2,0,debt_consolidation,RENT,30,0.03431616373171936,0
9384,38486,36,18.57,91314.3,14,618.0,20.34,3,0,credit_card,RENT,20,0.05135949916673345,0
9385,2021,36,10.73,62638.53,11,652.0,10.01,5,1,credit_card,RENT,68,0.01575557491785531,0
9386,36268,36,10.4,34659.28,27,704.0,14.0,3,0,credit_card,MORTGAGE,72,0.015694283477266667,0
9387,43802,36,14.76,51944.9,26,641.0,27.08,8,0,debt_consolidation,RENT,52,0.05631879959815498,0
9388,17799,36,12.34,42332.09,6,704.0,27.04,7,0,credit_card,MORTGAGE,25,0.020848181078839425,0
9389,28336,36,12.66,116878.35,0,784.0,34.29,3,0,major_purchase,RENT,48,0.02078173680373925,0
9390,5641,60,15.37,38148.82,4,678.0,7.19,10,0,debt_consolidation,RENT,61,0.010466230095046741,0
9391,23596,36,11.5,8000.0,2,778.0,23.19,2,0,debt_consolidation,OTHER,51,0.011850311953118286,0
9392,34959,36,7.51,50377.94,1,751.0,24.64,3,1,small_business,OWN,72,0.02494744402614781,0
9393,15306,36,16.9,64658.9,24,712.0,27.45,7,0,debt_consolidation,MORTGAGE,39,0.024059304935099377,0
9394,48182,36,9.66,60823.02,14,651.0,,4,3,home_improvement,RENT,19,0.1121107295684638,0
9395,10587,36,9.88,64496.43,0,666.0,23.78,5,0,credit_card,MORTGAGE,32,0.017309138277446873,0
9396,33359,60,12.92,28006.55,26,734.0,30.06,8,0,debt_consolidation,RENT,53,0.02769493671292076,0
9397,23498,60,6.78,61540.96,25,684.0,19.27,4,1,credit_card,RENT,42,0.023333845176385946,0
9398,6662,36,12.96,35236.75,28,795.0,11.62,6,0,debt_consolidation,RENT,44,0.0054106537932546986,0
9399,39094,36,15.79,82631.73,21,661.0,5.12,2,2,small_business,MORTGAGE,41,0.05118244151479517,0
9400,43833,60,18.32,31418.91,0,673.0,5.86,12,1,credit_card,RENT,19,0.04144975542641636,0
9401,29197,36,14.96,57842.8,10,793.0,21.79,5,0,credit_card,MORTGAGE,73,0.014001919230597681,0
9402,22719,36,16.29,40136.21,0,620.0,5.51,6,1,debt_consolidation,OWN,52,0.03165415137587061,0
9403,26665,60,9.44,83811.43,14,804.0,17.94,5,0,other,OWN,36,0.008153670431592335,0
9404,45239,60,15.3,48244.67,2,550.0,15.56,4,1,debt_consolidation,MORTGAGE,29,0.09816162181240892,0
9405,27032,36,11.24,33744.09,27,629.0,13.06,7,0,home_improvement,OWN,61,0.021269962188149156,0
9406,14641,36,16.64,86362.4,27,612.0,23.37,5,0,other,MORTGAGE,52,0.03514891579013024,1
9407,43964,36,12.41,10174.38,9,580.0,15.22,4,0,debt_consolidation,MORTGAGE,31,0.043880201079328586,0
9408,32028,36,16.31,77304.2,16,639.0,14.51,2,0,debt_consolidation,OWN,54,0.028538710308199114,0
9409,47494,60,12.65,68421.77,22,652.0,17.34,6,0,credit_card,OWN,72,0.0346892576864329,0
9410,17651,36,8.93,123062.45,6,691.0,16.95,5,0,credit_card,RENT,32,0.012511952567513727,0
9411,10536,36,12.16,76266.84,9,555.0,19.28,6,0,credit_card,RENT,60,0.03136850139558002,0
9412,47712,36,10.68,72515.03,2,788.0,27.22,4,0,credit_card,OTHER,53,0.02061390688997243,0
9413,8273,36,17.19,38710.6,30,646.0,16.18,1,0,debt_consolidation,MORTGAGE,66,0.019005470953418323,0
9414,8284,36,6.58,54514.53,26,693.0,23.11,1,1,debt_consolidation,RENT,72,0.018362347760598596,0
9415,27692,60,5.29,66553.6,7,643.0,13.56,2,1,credit_card,RENT,38,0.023493445389405593,0
9416,10817,36,13.17,95552.01,9,680.0,10.71,4,0,credit_card,OWN,73,0.011131746937044234,0
9417,30955,36,10.71,40772.87,6,696.0,18.99,4,0,debt_consolidation,MORTGAGE,38,0.0184911280619601,0
9418,28555,36,7.42,14042.12,0,721.0,16.85,4,0,home_improvement,MORTGAGE,36,0.011892306675003558,0
9419,22378,60,11.86,61807.53,3,575.0,12.38,6,0,debt_consolidation,OWN,45,0.02648744176006459,0
9420,43182,36,13.07,20165.38,0,788.0,22.72,6,0,credit_card,OWN,36,0.01812698990132392,0
9421,19127,36,16.91,80237.14,4,529.0,3.96,3,0,debt_consolidation,RENT,57,0.029097889623059835,0
9422,19952,36,4.59,97910.2,3,695.0,20.91,9,0,credit_card,OWN,64,0.01255427857290864,0
9423,13539,36,12.74,85771.11,17,697.0,14.99,3,1,credit_card,RENT,58,0.019945199522763482,0
9424,48761,60,18.57,47412.05,8,637.0,13.65,8,1,debt_consolidation,OWN,66,0.07294683685608667,0
9425,48219,36,18.38,100510.15,20,673.0,31.45,7,0,credit_card,RENT,47,0.07065835931408884,0
9426,16692,60,12.37,40802.78,10,692.0,26.91,3,1,debt_consolidation,RENT,73,0.034116568814782665,0
9427,20120,60,9.64,35433.9,11,628.0,22.52,9,0,credit_card,MORTGAGE,74,0.025511086994521596,0
9428,15334,60,10.92,95739.5,23,517.0,12.83,4,2,debt_consolidation,RENT,37,0.07972274947576503,0
9429,30615,36,8.06,51112.12,22,651.0,4.19,5,0,other,MORTGAGE,42,0.011854762533816267,0
9430,9903,36,10.23,63976.72,0,793.0,32.62,9,1,home_improvement,RENT,19,0.019769643442799537,0
9431,30527,36,12.31,85365.63,9,616.0,7.16,4,0,home_improvement,RENT,55,0.019965930301698017,0
9432,17629,36,13.88,32513.11,6,647.0,27.51,4,0,credit_card,RENT,33,0.03091772114594051,0
9433,19740,60,15.41,46641.08,10,650.0,20.24,4,0,debt_consolidation,MORTGAGE,57,0.025703212076717965,0
9434,35782,60,11.56,45307.89,23,650.0,16.76,8,0,credit_card,RENT,33,0.026443126189069202,0
9435,28708,36,11.26,54173.15,0,588.0,17.53,2,0,small_business,OWN,48,0.031687272465108524,1
9436,12860,36,15.51,42238.67,0,730.0,25.54,8,1,small_business,MORTGAGE,25,0.029434826694105794,0
9437,19438,36,10.63,69297.57,0,699.0,31.19,5,2,credit_card,MORTGAGE,21,0.06144840216987622,0
9438,3764,36,14.79,68981.57,23,661.0,,4,0,small_business,OWN,23,0.013908897542660238,0
9439,8009,60,5.39,60030.62,5,609.0,21.06,8,2,credit_card,OTHER,72,0.04513465394643166,0
9440,22842,36,13.87,65721.33,5,639.0,34.89,9,0,credit_card,MORTGAGE,45,0.0498282815063433,0
9441,44372,36,20.45,43632.95,5,709.0,23.5,3,1,other,OWN,36,0.06760592029979975,0
9442,35435,36,8.29,60528.6,3,703.0,15.35,6,0,credit_card,OWN,62,0.015205137408583692,0
9443,5370,60,17.73,17872.12,0,675.0,24.96,7,1,other,MORTGAGE,61,0.03777139454398659,0
9444,40744,36,14.78,84750.05,25,711.0,19.06,5,0,debt_consolidation,RENT,25,0.02533961761386064,0
9445,22454,60,15.5,45977.85,3,802.0,21.79,5,0,debt_consolidation,MORTGAGE,65,0.011934448418941215,0
9446,43381,60,14.68,47049.52,24,746.0,26.31,6,0,home_improvement,RENT,33,0.02897327887436742,0
9447,40367,36,9.46,36633.94,28,602.0,22.0,3,0,debt_consolidation,OWN,52,0.04024624649729071,0
9448,5650,36,6.79,63501.1,9,781.0,20.05,5,1,debt_consolidation,OWN,51,0.00964618278149636,0
9449,47117,36,13.9,46654.97,5,665.0,13.71,3,1,debt_consolidation,RENT,32,0.04634184263624003,1
9450,27708,36,11.51,75739.83,17,725.0,35.79,7,0,debt_consolidation,RENT,72,0.030214880085428487,0
9451,44662,60,6.43,33753.48,0,662.0,20.92,9,0,debt_consolidation,OWN,35,0.0271075830919037,0
9452,5190,36,10.18,63454.14,26,574.0,17.65,6,0,small_business,RENT,31,0.02155830655712845,0
9453,10789,36,7.78,70640.77,6,694.0,24.34,6,0,credit_card,MORTGAGE,61,0.013712771420444613,0
9454,34125,36,19.67,79921.83,4,761.0,27.32,3,0,credit_card,OWN,22,0.028548138065137466,0
9455,35159,36,15.37,76668.34,1,620.0,19.49,7,0,credit_card,OWN,65,0.04114174340186588,1
9456,19459,36,8.09,37325.59,28,,11.18,7,1,small_business,MORTGAGE,29,,0
9457,37418,36,14.01,61699.23,20,803.0,14.56,5,1,debt_consolidation,RENT,25,0.018221920537604405,0
9458,48368,36,7.37,57396.39,15,757.0,8.28,1,0,credit_card,RENT,29,0.009805674145944182,0
9459,49085,36,4.73,33807.44,27,734.0,16.46,2,1,debt_consolidation,RENT,53,0.02281182938129459,0
9460,20768,36,9.21,59334.3,28,721.0,18.18,5,0,home_improvement,MORTGAGE,45,0.011856636956552999,0
9461,17563,36,11.4,25148.76,3,698.0,16.52,3,0,debt_consolidation,RENT,47,0.013048599353240157,0
9462,29885,36,13.53,65881.08,18,627.0,26.76,7,0,debt_consolidation,RENT,57,0.04321462988429547,0
9463,23885,60,15.48,90149.0,17,649.0,8.2,1,0,home_improvement,RENT,37,0.017051810943700955,0
9464,8895,36,10.57,84968.52,9,759.0,22.04,3,0,debt_consolidation,OWN,45,0.009139210921180928,0
9465,25958,36,14.69,69783.75,1,670.0,9.55,8,0,credit_card,MORTGAGE,47,0.017051140514784863,0
9466,3531,36,5.61,66462.87,27,573.0,26.95,7,0,major_purchase,RENT,45,0.024390230912887032,0
9467,7481,36,17.86,57130.77,4,686.0,1.78,5,0,debt_consolidation,OWN,34,0.00899384759117604,0
9468,25932,36,5.75,114010.91,9,562.0,19.48,5,1,other,RENT,19,0.04803218131474925,0
9469,23360,60,10.02,54650.12,0,638.0,25.78,2,0,home_improvement,RENT,66,0.027690090098073612,0
9470,45642,36,9.18,27082.83,6,575.0,21.21,8,0,home_improvement,MORTGAGE,33,0.05216542841022877,0
9471,26829,36,6.25,79074.26,10,680.0,9.3,5,1,debt_consolidation,OWN,25,0.016974547437364002,0
9472,21932,36,13.32,71525.71,5,695.0,21.82,3,0,credit_card,RENT,37,0.0195975229514172,0
9473,40931,36,18.83,32397.04,7,769.0,19.2,4,0,debt_consolidation,RENT,44,0.02196962307291985,0
9474,40032,36,4.74,50075.9,2,715.0,4.79,6,0,debt_consolidation,OTHER,26,0.008571024853680243,0
9475,17890,36,4.0,64226.61,5,651.0,11.33,4,0,small_business,OWN,39,0.009902658564687142,0
9476,20807,60,8.5,45884.44,15,625.0,12.99,4,0,debt_consolidation,OWN,40,0.01631437079874762,0
9477,13767,36,11.06,82938.0,29,707.0,7.26,5,1,credit_card,RENT,62,0.013083158366630033,0
9478,10071,36,15.07,40550.17,7,579.0,20.28,5,0,debt_consolidation,MORTGAGE,19,0.032050100814419606,0
9479,28149,60,10.08,53715.3,13,771.0,35.96,9,0,other,OWN,52,0.022299917063635037,0
9480,17540,60,4.63,49469.49,29,706.0,17.8,7,0,debt_consolidation,RENT,39,0.009740254801237334,0
9481,37676,60,17.13,71264.5,18,610.0,12.45,6,0,debt_consolidation,RENT,48,0.03761614652833729,0
9482,6712,36,8.34,75816.65,0,631.0,14.0,2,0,major_purchase,RENT,39,0.012071536066685694,0
9483,28201,36,14.52,71226.43,27,648.0,0.15,4,0,home_improvement,RENT,51,0.013360791746168093,0
9484,46958,60,7.45,13830.43,23,675.0,4.69,6,0,major_purchase,OWN,33,0.01419260418089557,0
9485,21899,36,11.27,64078.74,3,698.0,22.81,4,0,credit_card,RENT,29,0.018268851240672297,0
9486,21787,36,13.42,71931.88,2,664.0,15.11,4,0,credit_card,RENT,56,0.018291463189106332,0
9487,22982,60,8.58,74805.7,25,700.0,5.02,3,0,credit_card,RENT,53,0.00791884147696475,0
9488,24606,36,13.7,55563.16,13,652.0,19.42,4,0,credit_card,OWN,23,0.024890101178219423,0
9489,12150,60,10.57,60589.42,3,767.0,15.76,5,0,debt_consolidation,OWN,45,0.0073908076897769475,0
9490,22393,60,10.17,45783.75,14,726.0,23.24,8,1,home_improvement,RENT,19,0.025579791274465108,0
9491,39259,60,18.03,91949.12,10,746.0,12.09,6,0,debt_consolidation,MORTGAGE,57,0.01806196250798879,0
9492,48687,36,13.42,26463.02,4,702.0,34.49,3,0,debt_consolidation,RENT,25,0.05177619833668184,0
9493,48936,36,13.95,71291.19,9,750.0,7.25,2,0,credit_card,MORTGAGE,71,0.013873829673344627,0
9494,29750,60,14.95,35121.35,8,553.0,10.66,4,0,debt_consolidation,OWN,52,0.037001264891142416,0
9495,10593,60,14.3,48010.75,8,679.0,,4,0,credit_card,RENT,39,0.01396496766169474,0
9496,19358,36,13.43,59016.69,8,770.0,13.08,4,1,credit_card,RENT,38,0.014089440832455283,0
9497,18607,36,16.96,10354.12,0,741.0,17.1,11,2,debt_consolidation,MORTGAGE,51,0.0398540987110263,0
9498,39381,60,8.25,25170.78,3,717.0,,4,0,debt_consolidation,RENT,70,0.014602102374250714,0
9499,26811,36,12.59,19967.42,6,638.0,16.77,4,0,debt_consolidation,MORTGAGE,51,0.024092199484616876,0
9500,30074,36,10.76,70650.01,1,721.0,22.27,5,1,credit_card,RENT,46,0.02943425533112966,0
9501,22595,36,12.56,85589.19,16,709.0,24.25,5,0,credit_card,OWN,70,0.01976073116159794,0
9502,46194,36,9.21,20102.5,22,602.0,13.14,4,0,debt_consolidation,OWN,50,0.03192191456207947,0
9503,28853,60,5.51,55550.76,20,743.0,8.0,2,1,debt_consolidation,RENT,50,0.010820428592856299,0
9504,10183,36,15.2,66863.26,7,,18.61,5,0,debt_consolidation,RENT,31,,0
9505,22661,36,21.65,66758.27,13,621.0,26.53,5,1,small_business,MORTGAGE,34,0.08874303340189642,0
9506,43169,36,16.3,110215.23,0,607.0,30.05,7,0,home_improvement,RENT,29,0.08005352614528405,0
9507,38495,36,15.47,63839.65,2,649.0,1.81,7,0,debt_consolidation,OWN,72,0.01873958043290786,0
9508,15703,36,13.02,36798.34,0,696.0,4.7,3,0,small_business,OWN,43,0.008637731804720791,0
9509,32815,60,11.38,78719.05,29,653.0,5.81,4,0,home_improvement,RENT,59,0.015212626194292575,0
9510,31565,36,11.62,99781.5,9,626.0,27.63,7,1,credit_card,MORTGAGE,48,0.06795724060851177,1
9511,24942,36,11.57,27457.24,1,639.0,,5,0,debt_consolidation,OWN,22,0.020700898664364767,0
9512,44986,36,9.41,,14,691.0,16.75,8,0,credit_card,RENT,25,0.022405686135379348,0
9513,35161,36,5.38,60713.01,7,737.0,17.81,5,0,home_improvement,RENT,43,0.011688644156837935,0
9514,43803,36,12.8,36177.77,6,684.0,23.29,3,0,debt_consolidation,OWN,68,0.033043136862342684,0
9515,11716,36,10.89,44037.08,26,787.0,21.34,7,0,debt_consolidation,OWN,20,0.008412570898503875,0
9516,43563,36,16.56,99790.68,14,626.0,32.5,3,0,major_purchase,RENT,33,0.07750496463986419,0
9517,35349,36,14.96,79315.6,13,641.0,14.84,7,0,debt_consolidation,RENT,72,0.02996157374310882,0
9518,49098,36,4.0,70629.0,0,714.0,22.88,4,1,home_improvement,MORTGAGE,42,0.03239436858859133,0
9519,44899,60,18.86,22702.55,0,670.0,18.37,3,0,debt_consolidation,RENT,42,0.04053461259984098,0
9520,2132,60,9.94,76856.55,11,748.0,27.02,5,0,credit_card,OWN,73,0.010276559764961696,0
9521,49752,36,10.56,87907.42,1,598.0,22.94,1,0,major_purchase,MORTGAGE,48,0.05278195219523555,0
9522,5385,36,5.29,25853.05,7,697.0,17.52,7,0,debt_consolidation,OWN,71,0.008252110054161103,0
9523,38538,60,13.07,60543.74,9,721.0,13.86,7,0,credit_card,MORTGAGE,28,0.017509621860839226,0
9524,37036,36,13.64,85203.61,6,571.0,16.07,4,0,credit_card,OWN,18,0.044341482988235655,0
9525,35743,60,18.86,81832.69,0,601.0,8.52,3,0,debt_consolidation,MORTGAGE,62,0.034645083419855595,0
9526,42373,36,15.4,75999.27,16,643.0,24.87,6,0,debt_consolidation,RENT,33,0.05041482273497699,0
9527,9213,36,9.99,61109.87,24,599.0,13.96,4,1,credit_card,RENT,20,0.027602991808608066,0
9528,46223,60,4.91,87141.55,1,675.0,19.29,5,0,credit_card,RENT,35,0.02170136105944394,0
9529,28119,36,9.7,64031.52,22,721.0,5.78,9,0,credit_card,OWN,41,0.008947263650818563,0
9530,4835,36,16.18,73812.94,18,648.0,20.89,7,0,debt_consolidation,RENT,41,0.021317060790514347,0
9531,4738,60,10.41,68582.24,9,724.0,14.04,4,1,debt_consolidation,RENT,48,0.012405405243265505,0
9532,44317,60,7.62,33421.26,9,618.0,39.05,3,0,credit_card,MORTGAGE,70,0.06922471027121009,0
9533,6134,36,12.68,36959.32,11,633.0,23.3,4,0,other,RENT,24,0.021471572239331098,0
9534,27892,36,10.66,23700.02,8,639.0,0.93,7,0,credit_card,OWN,55,0.012297810333286878,0
9535,41601,36,10.17,50440.76,22,667.0,27.69,8,0,credit_card,OWN,42,0.038276899643855125,0
9536,10353,60,9.01,80296.18,7,581.0,19.71,4,1,credit_card,OWN,21,0.03732545002709698,0
9537,17690,60,12.44,68474.27,9,593.0,5.41,6,1,home_improvement,RENT,33,0.027765575252662607,0
9538,3909,60,16.1,59187.78,0,584.0,8.27,3,0,credit_card,OWN,29,0.017810081779496077,0
9539,27703,60,14.06,93972.32,2,694.0,9.57,7,0,small_business,RENT,28,0.014713891745355277,0
9540,16496,36,4.29,52417.74,25,700.0,29.78,4,0,debt_consolidation,RENT,43,0.01515162363289304,0
9541,14062,60,18.2,73972.95,0,494.0,7.58,4,0,home_improvement,MORTGAGE,65,0.03994220314015046,0
9542,11850,60,15.01,51476.97,25,779.0,18.35,4,0,debt_consolidation,RENT,66,0.009354492956295375,0
9543,29701,60,13.22,22564.91,10,563.0,10.85,11,1,debt_consolidation,RENT,69,0.05577809383009677,0
9544,36731,36,13.7,41186.31,26,734.0,12.83,3,0,credit_card,RENT,38,0.014902964450449994,0
9545,7153,60,14.34,40520.71,20,743.0,21.32,4,0,other,RENT,36,0.011485249553481342,0
9546,12481,36,13.56,24462.4,23,748.0,21.8,4,1,home_improvement,RENT,69,0.01987183385376864,0
9547,35734,36,8.15,56196.54,8,641.0,8.83,6,0,debt_consolidation,OWN,56,0.016946203817662306,0
9548,2889,36,14.03,41447.78,21,687.0,1.44,5,0,home_improvement,MORTGAGE,64,0.006658898702533569,0
9549,21445,36,12.65,97437.48,7,669.0,7.74,7,0,debt_consolidation,RENT,50,0.013086515908897298,0
9550,8461,36,13.67,54143.58,0,788.0,15.01,7,1,home_improvement,OWN,34,0.011488201796475412,0
9551,40934,60,9.46,39073.41,11,664.0,22.56,2,1,small_business,OWN,68,0.046534023874648195,0
9552,30205,36,16.37,32801.55,15,763.0,21.92,3,0,home_improvement,MORTGAGE,59,0.018010954444803225,0
9553,25351,36,9.76,,0,619.0,29.58,2,0,debt_consolidation,OWN,32,0.03676397676151828,0
9554,18006,36,11.81,81940.87,20,643.0,23.25,4,0,credit_card,OTHER,70,0.02442594940961217,0
9555,46149,60,9.97,84126.53,0,662.0,12.01,5,0,other,RENT,72,0.022529996617520923,0
9556,12940,36,8.01,10074.23,7,681.0,20.3,4,0,other,MORTGAGE,54,0.01306457813292139,0
9557,13258,36,14.86,114075.56,7,677.0,1.86,3,0,other,RENT,18,0.00901830198149119,0
9558,26485,36,10.0,61924.03,0,644.0,23.39,6,0,credit_card,OWN,36,0.026891116249519603,0
9559,25763,36,12.59,85555.7,0,553.0,,9,0,debt_consolidation,MORTGAGE,39,0.037933826569473535,0
9560,42048,60,6.44,39938.83,7,604.0,8.94,5,0,debt_consolidation,OWN,50,0.021807767367664266,0
9561,3067,60,4.73,35393.75,4,713.0,32.4,5,0,debt_consolidation,RENT,63,0.012319693371258163,0
9562,22607,60,18.92,53790.77,20,733.0,24.46,6,1,credit_card,RENT,71,0.03873673298371935,0
9563,45883,36,18.35,69379.81,6,663.0,,4,0,debt_consolidation,RENT,37,0.0372249699333134,0
9564,11018,36,9.58,65473.86,0,631.0,26.24,7,0,major_purchase,RENT,45,0.02372905288780276,0
9565,48946,36,13.82,89235.23,1,579.0,12.82,3,0,other,OWN,48,0.04691887408032324,0
9566,17187,36,10.22,15789.66,12,763.0,14.14,4,0,debt_consolidation,RENT,33,0.0076326367675611725,0
9567,39375,36,14.67,82676.98,28,712.0,,4,0,credit_card,OWN,45,0.020613099346508238,0
9568,5985,36,7.67,72847.64,23,606.0,0.0,4,0,major_purchase,RENT,40,0.007823259295636252,0
9569,45052,36,7.29,67803.32,1,700.0,22.98,5,0,debt_consolidation,RENT,63,0.02377032331760749,0
9570,21563,60,12.09,26323.09,0,684.0,28.69,2,1,debt_consolidation,RENT,63,0.04106606782321717,0
9571,49322,60,13.53,40038.24,0,742.0,17.3,5,0,debt_consolidation,RENT,28,0.021944282758412224,0
9572,39306,36,9.21,75947.13,9,690.0,42.03,2,2,debt_consolidation,RENT,56,0.12540855606984305,0
9573,20608,36,6.78,8000.0,7,675.0,13.3,7,1,small_business,MORTGAGE,20,0.018949618799966397,0
9574,41139,60,17.03,12586.23,0,717.0,7.77,4,2,debt_consolidation,OWN,21,0.046224427618933236,0
9575,3726,36,10.14,71488.02,0,739.0,21.09,5,1,debt_consolidation,OWN,61,0.014645331935384313,0
9576,28582,60,10.18,74058.11,30,681.0,18.62,2,0,major_purchase,RENT,20,0.018153706810758525,0
9577,7791,36,16.93,41371.45,29,613.0,25.06,3,0,major_purchase,RENT,44,0.03250614264369688,0
9578,10458,60,20.97,41299.86,1,715.0,21.25,8,1,debt_consolidation,RENT,44,0.03381862137829818,0
9579,19221,60,13.31,83784.9,1,717.0,28.22,5,1,home_improvement,RENT,49,0.034781126158657374,0
9580,22968,36,15.52,82171.03,25,699.0,5.63,2,1,debt_consolidation,OWN,52,0.01864346776933887,0
9581,19070,36,7.45,51506.49,8,705.0,,3,1,debt_consolidation,MORTGAGE,46,0.016365160736439833,0
9582,29937,36,14.92,29294.32,28,649.0,15.08,5,1,debt_consolidation,OWN,57,0.041246806182591855,0
9583,43831,60,15.42,96877.67,8,688.0,25.14,2,1,debt_consolidation,MORTGAGE,31,0.06269188771106463,0
9584,44933,36,8.17,27825.92,9,738.0,11.44,4,1,major_purchase,MORTGAGE,59,0.0203674403043434,0
9585,49307,36,9.86,76899.03,2,706.0,10.14,8,1,major_purchase,OWN,37,0.028713335063814932,0
9586,39415,36,16.89,90008.95,23,737.0,17.6,3,1,major_purchase,OWN,18,0.03539322887851282,0
9587,44770,60,10.9,59831.66,21,736.0,19.88,6,0,debt_consolidation,OWN,60,0.020424182964396874,0
9588,22802,60,17.7,45282.52,5,789.0,21.97,8,2,credit_card,OWN,19,0.0397661805727648,0
9589,45601,36,12.08,19645.17,10,749.0,10.67,4,0,debt_consolidation,RENT,44,0.013909446170931974,0
9590,12420,36,11.88,61559.4,5,647.0,24.11,5,2,major_purchase,OWN,23,0.05867912683958936,0
9591,8642,36,15.91,23428.98,7,653.0,8.32,7,0,small_business,RENT,58,0.013428453462469634,0
9592,21775,36,20.21,67669.39,22,570.0,12.4,2,0,home_improvement,MORTGAGE,29,0.038865776050777165,0
9593,30754,36,14.64,9355.98,6,632.0,17.19,0,0,debt_consolidation,RENT,50,0.029104670677984657,0
9594,45310,36,12.7,18080.75,21,709.0,26.34,3,0,debt_consolidation,OWN,39,0.0329518781167045,0
9595,6357,60,17.07,63287.36,28,735.0,7.83,8,1,home_improvement,MORTGAGE,61,0.013570948971601854,0
9596,23263,36,17.34,80991.64,6,624.0,24.71,4,0,credit_card,RENT,50,0.04175277068692155,0
9597,15201,60,14.14,52891.79,24,729.0,17.78,5,0,debt_consolidation,OWN,22,0.012719976506551683,0
9598,4739,36,13.51,86267.77,4,689.0,21.98,4,0,other,RENT,30,0.014854009720815157,0
9599,15231,36,14.81,45975.46,0,749.0,12.46,8,0,credit_card,RENT,27,0.009752029208578731,0
9600,44278,36,6.28,114442.31,0,751.0,17.04,2,1,debt_consolidation,RENT,28,0.02073782658335,0
9601,44495,36,7.81,26729.99,16,,20.87,5,1,debt_consolidation,RENT,38,,0
9602,23168,36,12.96,42176.27,0,660.0,32.54,10,0,small_business,RENT,44,0.039277264902609424,0
9603,34624,60,8.92,93781.86,27,699.0,6.48,6,0,debt_consolidation,OWN,73,0.011136591424729976,0
9604,12635,36,12.15,53541.99,23,739.0,12.9,9,1,debt_consolidation,OWN,19,0.01451716452055107,0
9605,11964,36,12.81,83740.84,8,,13.69,5,1,home_improvement,MORTGAGE,21,,0
9606,29785,60,8.07,26948.02,9,663.0,19.69,3,0,credit_card,MORTGAGE,74,0.019623670336374167,0
9607,31510,36,14.39,36187.35,13,758.0,5.9,4,1,debt_consolidation,RENT,71,0.015182692822514639,0
9608,19261,36,4.39,74949.38,15,671.0,7.09,7,0,credit_card,OWN,32,0.008020672473133227,0
9609,21254,36,10.71,24057.15,7,839.0,33.29,4,0,debt_consolidation,MORTGAGE,53,0.01152300383544054,0
9610,13392,60,5.87,29668.13,4,650.0,16.49,5,1,debt_consolidation,MORTGAGE,53,0.020251639707424832,0
9611,14336,60,10.71,57218.8,25,,14.43,5,0,major_purchase,OWN,28,,0
9612,13939,36,15.82,92944.38,0,734.0,38.45,7,0,debt_consolidation,RENT,53,0.02999647007547218,0
9613,29412,36,9.03,69179.72,5,727.0,14.06,9,1,credit_card,RENT,25,0.01945775546967236,0
9614,18676,60,4.0,54793.41,11,609.0,14.32,6,0,debt_consolidation,OTHER,38,0.01480783909838442,0
9615,11843,60,11.06,64114.9,24,676.0,18.83,9,1,credit_card,RENT,70,0.024772418105641507,0
9616,47591,36,8.68,16501.98,0,716.0,24.68,5,0,debt_consolidation,OWN,69,0.026008478949938848,0
9617,27112,60,12.01,45504.04,11,683.0,5.11,10,0,debt_consolidation,RENT,70,0.012118135357316607,0
9618,32598,36,11.06,71023.07,7,737.0,33.33,3,1,debt_consolidation,OWN,26,0.04294913631454688,0
9619,37454,36,12.7,65927.53,13,705.0,25.34,5,0,credit_card,RENT,64,0.028406486611193053,0
9620,35001,36,16.69,75291.85,4,730.0,23.07,4,0,debt_consolidation,RENT,54,0.025763884674865185,0
9621,29228,36,10.49,77537.22,14,695.0,13.24,3,1,credit_card,RENT,20,0.022947306921184938,0
9622,16429,36,12.35,65662.5,2,741.0,17.06,3,0,major_purchase,RENT,25,0.010586633432657202,0
9623,20758,60,10.71,8000.0,18,742.0,23.79,5,0,debt_consolidation,RENT,56,0.014067232617539668,0
9624,4272,36,16.04,68411.56,16,691.0,13.54,6,0,debt_consolidation,RENT,69,0.012045327419751074,0
9625,19350,36,12.63,47833.72,27,679.0,26.04,8,0,credit_card,RENT,59,0.024509012837535978,0
9626,24538,36,14.08,50335.22,1,659.0,19.27,3,0,debt_consolidation,OWN,64,0.023929098498159284,0
9627,5400,60,15.04,50698.19,15,664.0,5.77,9,0,small_business,RENT,32,0.01042364648620939,0
9628,17371,60,4.22,67294.43,4,699.0,10.18,4,0,other,MORTGAGE,46,0.007115209215434342,0
9629,39310,36,15.15,23254.21,4,724.0,13.25,6,0,credit_card,RENT,65,0.018701003776490262,0
9630,38291,36,13.52,17102.08,6,750.0,16.14,5,0,debt_consolidation,MORTGAGE,49,0.01610198012158917,0
9631,20147,36,9.3,29047.84,4,578.0,16.83,9,1,debt_consolidation,OWN,70,0.04365253282619966,0
9632,5291,36,17.15,82988.46,3,543.0,13.22,7,0,debt_consolidation,RENT,50,0.03089196437661389,0
9633,37256,36,15.95,49070.66,17,671.0,12.51,3,0,major_purchase,MORTGAGE,59,0.024056957001370935,0
9634,12892,36,11.24,72637.32,13,688.0,16.72,7,0,major_purchase,OTHER,54,0.01313361086915866,0
9635,36326,60,4.0,71998.48,0,563.0,16.4,6,0,small_business,MORTGAGE,57,0.029728204273580756,0
9636,39458,36,11.77,69919.23,9,694.0,7.36,9,1,small_business,RENT,70,0.025284846853334923,0
9637,40889,36,8.01,73167.34,4,613.0,18.69,4,0,debt_consolidation,RENT,58,0.031611266469323114,0
9638,46966,36,4.0,46943.15,29,688.0,22.51,3,1,home_improvement,RENT,39,0.0352882263304544,0
9639,39207,36,14.33,76720.3,6,565.0,20.14,4,0,debt_consolidation,OTHER,66,0.057662306655405136,0
9640,42288,36,18.11,69545.97,0,647.0,14.46,4,0,credit_card,RENT,73,0.03688598968318587,0
9641,27995,36,11.62,,4,696.0,20.52,3,0,credit_card,RENT,30,0.019184155796461527,0
9642,7409,60,13.04,61485.24,4,715.0,20.92,3,1,debt_consolidation,RENT,70,0.020371830341248273,0
9643,44438,36,17.37,56266.8,0,686.0,21.8,4,0,debt_consolidation,OWN,30,0.03928858683581544,0
9644,46874,36,12.71,71572.09,7,615.0,21.88,8,0,debt_consolidation,MORTGAGE,71,0.051572341781578615,0
9645,46702,36,9.56,60642.43,25,703.0,21.77,3,0,debt_consolidation,RENT,35,0.02520560945745773,0
9646,31823,60,4.0,54008.49,19,629.0,6.92,7,0,major_purchase,OTHER,45,0.012859367246129662,0
9647,9869,36,15.26,98908.53,13,707.0,,4,0,small_business,MORTGAGE,73,0.012229250159496965,0
9648,37724,60,13.67,75194.42,5,780.0,10.48,4,0,other,RENT,40,0.01063597726074844,0
9649,24401,36,15.71,61016.05,3,661.0,5.38,11,0,debt_consolidation,RENT,18,0.01602768850143521,0
9650,27958,36,4.0,32036.24,5,805.0,2.67,6,1,major_purchase,OWN,69,0.0057428515566500735,0
9651,12766,60,20.31,63015.36,1,717.0,29.53,6,0,home_improvement,OWN,64,0.028195835981587772,0
9652,21768,36,8.84,38668.73,0,665.0,15.47,4,0,small_business,OWN,62,0.014718241596539894,0
9653,32794,36,16.37,18677.3,9,794.0,30.14,3,0,credit_card,MORTGAGE,30,0.021795398129220732,0
9654,28145,36,4.4,49834.6,20,680.0,28.29,6,0,debt_consolidation,RENT,51,0.020724427694452492,0
9655,12086,60,8.9,51381.33,0,628.0,12.35,8,0,credit_card,OWN,74,0.013963040000237854,0
9656,45203,36,9.82,85742.91,5,643.0,23.18,1,1,credit_card,RENT,61,0.05864930656794751,0
9657,28442,36,7.91,84337.72,0,685.0,27.24,10,0,credit_card,RENT,57,0.023984749989991803,0
9658,18412,36,8.71,76729.9,4,638.0,17.07,7,0,debt_consolidation,RENT,35,0.017611063207891516,0
9659,27596,36,18.48,57804.15,21,658.0,23.37,9,2,small_business,RENT,19,0.09999501207083873,1
9660,12255,36,10.64,58147.25,0,644.0,20.91,5,0,debt_consolidation,RENT,25,0.018881697119178798,0
9661,44406,36,20.52,73883.27,10,714.0,30.37,7,1,debt_consolidation,OWN,42,0.08825902292546188,0
9662,42524,36,16.22,76081.55,0,799.0,15.82,5,0,debt_consolidation,RENT,70,0.01477810785975836,0
9663,25332,36,4.0,68911.31,6,672.0,23.0,4,0,debt_consolidation,OWN,56,0.016057996594487325,0
9664,46624,36,10.63,72714.03,7,626.0,14.82,4,0,home_improvement,RENT,46,0.03200855619622599,0
9665,17764,36,10.46,58303.4,6,676.0,9.98,5,0,debt_consolidation,MORTGAGE,50,0.011222817808868423,0
9666,29563,36,8.21,52945.68,10,622.0,7.77,5,0,debt_consolidation,MORTGAGE,31,0.015993659156591,0
9667,24139,60,16.88,8000.0,29,850.0,25.75,4,0,other,OWN,46,0.011507068421854198,0
9668,38370,60,15.45,51498.35,3,745.0,24.81,4,1,debt_consolidation,MORTGAGE,18,0.041182000322399145,0
9669,7062,36,20.63,41934.69,10,773.0,22.48,3,0,home_improvement,RENT,48,0.013572287714552645,0
9670,46645,60,10.17,62436.95,5,730.0,24.72,4,0,debt_consolidation,OWN,30,0.025091854139413772,0
9671,9244,60,13.75,43090.99,30,609.0,18.11,4,0,debt_consolidation,RENT,19,0.022593950074709553,0
9672,8372,36,10.59,63432.36,28,705.0,18.28,3,0,credit_card,OWN,65,0.010751928467813275,0
9673,41873,36,10.41,13384.91,0,705.0,23.07,0,0,home_improvement,RENT,30,0.024144922021075762,0
9674,21965,36,15.24,35904.83,29,745.0,20.44,5,0,home_improvement,OWN,45,0.01550295874903322,0
9675,46997,60,20.8,42121.28,16,702.0,11.79,1,0,debt_consolidation,RENT,20,0.029299145193839853,0
9676,18956,36,15.94,33751.58,30,630.0,21.88,7,0,debt_consolidation,OWN,18,0.03202529178976549,0
9677,42473,36,15.51,137947.82,17,804.0,24.78,2,0,credit_card,MORTGAGE,61,0.019117659968830816,0
9678,15894,36,11.76,9268.15,1,731.0,13.53,5,0,debt_consolidation,MORTGAGE,56,0.00957555582262143,0
9679,47048,60,15.39,76885.04,16,661.0,16.9,6,0,home_improvement,RENT,24,0.036631057857663324,0
9680,35382,36,16.71,84900.31,15,680.0,30.17,4,1,small_business,MORTGAGE,34,0.07309710808299677,0
9681,6050,60,8.57,48962.88,1,710.0,15.5,3,0,home_improvement,OWN,70,0.00807800126617396,0
9682,18709,60,12.17,,16,661.0,13.09,3,0,debt_consolidation,OWN,44,0.015072145839613528,0
9683,17722,36,10.7,75261.42,12,688.0,30.53,3,0,credit_card,RENT,59,0.02326284796515953,1
9684,17210,36,9.47,63391.65,30,700.0,16.86,6,0,major_purchase,MORTGAGE,72,0.01215362158515671,0
9685,38545,36,15.93,15860.93,10,670.0,24.03,7,0,debt_consolidation,OWN,34,0.04025629058426031,0
9686,40674,60,11.06,70177.79,6,724.0,7.22,2,1,credit_card,RENT,22,0.01947951762141023,0
9687,36489,60,13.9,84278.48,28,662.0,18.04,5,0,debt_consolidation,OWN,67,0.028591989084541143,0
9688,19733,60,13.93,111590.48,10,643.0,14.9,2,1,credit_card,MORTGAGE,64,0.03226922293680888,0
9689,22080,36,10.92,25536.1,5,740.0,24.06,4,0,major_purchase,OWN,36,0.014774031693273067,0
9690,38664,36,6.18,55692.52,0,719.0,24.65,5,0,small_business,RENT,23,0.01897045141634829,0
9691,41709,36,10.6,59290.79,17,679.0,8.78,4,1,other,OWN,23,0.027421591071262765,0
9692,48232,36,14.11,57509.35,0,641.0,26.39,6,0,debt_consolidation,OWN,24,0.05677225642072775,0
9693,40014,60,13.21,18163.13,26,732.0,22.93,6,1,debt_consolidation,RENT,29,0.03901472302412007,0
9694,43152,36,4.2,87549.21,28,677.0,27.56,8,0,debt_consolidation,RENT,35,0.027745066681594734,0
9695,29250,36,15.25,84919.54,3,666.0,24.41,1,0,small_business,RENT,54,0.0319194424221785,1
9696,22229,36,9.79,,0,646.0,26.95,5,1,debt_consolidation,OWN,73,0.044620297470417236,0
9697,18475,36,14.29,49363.04,9,609.0,8.03,8,2,debt_consolidation,RENT,28,0.051231998252450575,0
9698,48412,36,15.26,54611.67,2,741.0,20.62,2,0,small_business,OWN,35,0.026085091313492733,0
9699,45876,36,13.88,52840.71,8,628.0,31.88,8,2,major_purchase,RENT,53,0.17490147327795103,0
9700,31011,60,19.53,,6,598.0,16.06,4,0,small_business,OWN,39,0.04483564306287485,0
9701,10128,36,16.0,77522.26,19,675.0,20.41,3,0,debt_consolidation,RENT,47,0.018871696121258063,0
9702,34450,36,10.19,60597.32,30,698.0,19.47,6,0,debt_consolidation,MORTGAGE,45,0.019826697640871953,0
9703,20897,36,10.59,,7,771.0,28.92,8,0,credit_card,RENT,56,0.014894451943397332,0
9704,10168,60,11.7,66470.72,13,699.0,22.7,9,0,credit_card,MORTGAGE,40,0.015403456871092975,0
9705,8861,36,10.59,34864.29,5,559.0,3.48,5,0,credit_card,RENT,27,0.014656881096069921,0
9706,43758,60,13.48,36868.03,23,621.0,15.07,7,0,debt_consolidation,RENT,42,0.03718198668250547,0
9707,15750,36,7.46,92842.99,0,771.0,10.92,5,1,other,MORTGAGE,60,0.009002586494645663,0
9708,18988,36,17.53,73993.04,8,679.0,17.88,4,0,debt_consolidation,MORTGAGE,48,0.021614486854428475,0
9709,4979,36,12.17,50496.19,2,616.0,16.39,3,0,debt_consolidation,RENT,19,0.01708502957018266,0
9710,25524,36,17.41,74009.6,2,599.0,21.65,8,0,home_improvement,MORTGAGE,67,0.046662862177976654,0
9711,9065,60,7.27,38215.12,8,716.0,34.63,9,0,other,MORTGAGE,28,0.0175326888379485,0
9712,39684,36,7.28,87142.32,4,625.0,13.77,4,1,credit_card,RENT,29,0.037272306681151515,0
9713,25184,36,16.32,26062.1,7,674.0,3.4,2,0,debt_consolidation,OTHER,57,0.013147097260556679,0
9714,35365,36,9.41,64919.41,4,657.0,,7,0,credit_card,RENT,52,0.020955006675210157,0
9715,25704,60,8.01,56586.36,7,786.0,15.87,2,0,debt_consolidation,MORTGAGE,61,0.007416381423615215,0
9716,7622,60,16.66,60325.23,4,615.0,,1,0,debt_consolidation,OWN,40,0.020947622226810448,0
9717,20261,36,8.75,76278.76,19,764.0,17.22,4,1,debt_consolidation,RENT,57,0.013891626668379375,0
9718,46932,36,11.92,85026.35,9,815.0,6.83,6,1,debt_consolidation,MORTGAGE,59,0.013759645812737207,0
9719,30419,60,9.83,49696.25,1,617.0,12.75,1,0,major_purchase,OWN,70,0.021204278147930432,0
9720,36467,60,15.03,10214.41,0,594.0,9.86,4,1,credit_card,OWN,65,0.05221489475533505,0
9721,27605,36,12.91,17080.58,0,,8.71,6,0,home_improvement,RENT,63,,0
9722,31171,36,15.65,50449.14,6,684.0,18.55,8,0,debt_consolidation,MORTGAGE,29,0.02593006491454272,0
9723,24164,60,7.2,60856.86,4,761.0,15.11,2,1,other,RENT,46,0.012763501143500632,0
9724,48197,36,12.96,69382.96,3,608.0,25.6,2,0,debt_consolidation,OWN,27,0.06053664097065622,0
9725,15796,36,12.37,64783.16,10,693.0,21.94,5,0,other,OWN,51,0.01719182463754029,1
9726,38854,60,9.0,82262.83,20,707.0,20.93,9,0,debt_consolidation,RENT,48,0.021088363170864946,0
9727,33320,36,7.86,105040.39,0,687.0,30.22,5,0,debt_consolidation,RENT,59,0.027819615570212824,0
9728,2665,60,11.65,62405.64,0,656.0,14.89,4,0,credit_card,MORTGAGE,63,0.011954747724509588,0
9729,34694,36,10.84,69021.68,5,677.0,28.64,4,0,credit_card,RENT,33,0.03259305533209526,0
9730,26230,60,16.72,40869.58,7,850.0,18.45,6,0,home_improvement,RENT,44,0.009090439612257757,0
9731,24995,36,15.3,61371.86,6,578.0,21.58,9,0,credit_card,RENT,48,0.04743039104800324,0
9732,28784,60,9.26,65171.86,10,817.0,30.77,2,0,debt_consolidation,MORTGAGE,23,0.012585805127771544,0
9733,16605,36,10.97,63849.7,0,650.0,27.99,8,0,credit_card,RENT,57,0.027390138430293382,0
9734,19463,36,14.19,41232.76,8,611.0,16.9,3,0,credit_card,RENT,35,0.026307537801832814,0
9735,10419,36,14.63,64123.4,20,615.0,22.2,5,1,small_business,OWN,68,0.04469709318560363,0
9736,49952,60,16.75,62293.2,26,672.0,14.9,7,0,debt_consolidation,RENT,50,0.036282593377317846,0
9737,35837,36,11.74,67919.72,9,688.0,22.04,2,1,credit_card,RENT,60,0.040207637764877575,0
9738,7263,36,12.64,49986.28,1,685.0,23.74,6,1,home_improvement,RENT,46,0.027301301414997373,0
9739,42719,36,4.88,60272.59,15,656.0,11.48,8,1,credit_card,RENT,58,0.027965491574544983,0
9740,47687,36,7.56,114427.87,19,777.0,16.14,3,1,major_purchase,RENT,23,0.01974988674130184,0
9741,36131,36,15.64,61363.16,2,612.0,32.91,5,0,other,OTHER,34,0.07236067567070777,0
9742,39276,60,7.63,86774.39,12,658.0,19.67,7,0,debt_consolidation,MORTGAGE,59,0.02474247890780963,0
9743,36523,36,5.3,95636.78,27,678.0,22.18,3,0,major_purchase,OWN,63,0.01973672635607076,0
9744,2519,36,15.07,23686.78,14,677.0,19.01,7,0,credit_card,RENT,54,0.015101864605140443,0
9745,33106,60,10.42,55016.25,6,613.0,9.71,3,0,credit_card,OWN,69,0.021321651055513924,0
9746,46504,36,8.82,56150.1,7,686.0,1.38,7,1,debt_consolidation,OWN,72,0.02043779218628293,0
9747,12514,36,6.08,110354.6,0,703.0,21.73,4,0,major_purchase,OWN,42,0.010937935677664946,0
9748,49456,36,6.11,107074.68,8,705.0,5.84,3,0,credit_card,RENT,46,0.011870235281284567,0
9749,9233,36,10.21,23658.38,19,706.0,16.59,5,0,home_improvement,OWN,23,0.010178570235546715,0
9750,3102,36,11.43,34855.32,29,636.0,22.01,3,0,major_purchase,OWN,69,0.01760068566361403,0
9751,2597,36,16.98,90635.4,6,613.0,15.63,5,0,credit_card,OWN,61,0.02079843024474106,0
9752,48715,60,11.47,46939.51,6,,11.17,2,0,credit_card,RENT,29,,0
9753,21657,36,10.72,76212.08,0,632.0,20.6,6,1,debt_consolidation,RENT,71,0.03958709956452361,0
9754,47009,36,10.84,54526.43,18,540.0,14.28,6,0,credit_card,MORTGAGE,28,0.05332149573262375,0
9755,40549,60,4.0,33220.53,14,667.0,25.56,4,0,debt_consolidation,OWN,35,0.024635566202998366,0
9756,45565,36,10.04,92611.79,6,672.0,17.53,9,0,major_purchase,MORTGAGE,25,0.02718575583363686,0
9757,8256,60,14.54,,14,618.0,18.99,5,1,debt_consolidation,OWN,18,0.03710187891484383,1
9758,45148,36,12.35,56758.64,10,710.0,,2,1,major_purchase,RENT,42,0.03326109687052518,0
9759,31401,36,15.1,31635.74,17,666.0,15.79,3,0,major_purchase,OWN,50,0.024094550773055414,0
9760,43548,36,16.33,32234.09,4,708.0,8.46,2,0,credit_card,OWN,51,0.018851339785993196,0
9761,8554,36,5.42,61478.58,11,647.0,6.54,5,1,debt_consolidation,RENT,65,0.012390956774862676,0
9762,14664,36,9.4,36213.89,10,647.0,19.98,2,3,debt_consolidation,MORTGAGE,53,0.07245873880744194,0
9763,44367,36,16.02,97687.93,0,729.0,19.58,5,0,debt_consolidation,RENT,22,0.02653337929228925,0
9764,26386,36,12.42,77224.73,4,589.0,19.69,6,0,home_improvement,RENT,27,0.03599626451456248,0
9765,6846,36,11.4,79837.09,23,679.0,24.2,10,0,small_business,RENT,19,0.017139524533279635,0
9766,28205,36,16.13,52677.11,1,705.0,17.08,6,0,credit_card,MORTGAGE,20,0.02050838198584672,0
9767,27570,36,8.83,53366.98,5,747.0,36.64,8,0,debt_consolidation,OWN,61,0.02428053763324525,0
9768,32255,36,9.07,71092.2,2,,23.29,5,0,debt_consolidation,RENT,61,,0
9769,23182,36,8.81,8000.0,1,619.0,16.25,1,1,credit_card,MORTGAGE,48,0.03229984033042593,0
9770,41373,36,6.68,48617.5,1,648.0,5.71,6,0,debt_consolidation,MORTGAGE,34,0.01494766016151659,0
9771,45019,36,11.11,14488.62,5,570.0,12.19,4,0,major_purchase,OTHER,27,0.03967616218594467,1
9772,18043,36,12.72,65682.95,19,640.0,28.0,4,0,credit_card,RENT,69,0.03127565797997536,0
9773,47532,36,7.82,31084.52,29,744.0,29.33,3,0,debt_consolidation,MORTGAGE,69,0.024863902393087375,0
9774,37754,36,11.57,,9,759.0,27.22,3,0,small_business,RENT,61,0.02080331861225138,0
9775,2400,60,9.61,37816.17,10,664.0,11.6,6,1,credit_card,RENT,46,0.015045744577661595,0
9776,21239,36,11.69,95687.46,18,789.0,18.76,3,0,debt_consolidation,RENT,73,0.00906417449453026,0
9777,12416,36,17.78,116527.81,11,642.0,21.9,10,1,home_improvement,OWN,74,0.04793990091226426,0
9778,5412,60,12.34,82922.51,22,691.0,29.0,4,2,credit_card,OWN,74,0.04876445717795222,0
9779,18440,60,12.42,84323.96,24,555.0,19.96,9,1,credit_card,RENT,69,0.06286722569041696,0
9780,26406,60,20.15,58934.64,10,675.0,14.35,8,0,credit_card,MORTGAGE,26,0.026329576066404663,0
9781,3875,36,9.97,44296.93,8,684.0,9.77,6,0,debt_consolidation,OTHER,37,0.007945281776601384,0
9782,39066,36,14.45,11820.49,6,641.0,22.85,6,1,other,OWN,27,0.06797751190821899,0
9783,38536,60,9.88,64547.6,7,748.0,2.17,1,0,major_purchase,MORTGAGE,58,0.0075661200313984255,0
9784,7752,60,15.14,52472.61,5,574.0,18.41,4,0,small_business,MORTGAGE,65,0.029154445273443273,0
9785,23217,36,8.38,65608.82,6,573.0,27.76,1,1,small_business,RENT,35,0.06390855116339182,1
9786,14489,36,10.66,42229.54,25,686.0,22.1,6,1,debt_consolidation,MORTGAGE,61,0.026617194918212156,0
9787,3353,60,9.76,22714.84,29,547.0,22.19,5,0,debt_consolidation,RENT,49,0.02821337780954729,0
9788,28986,36,7.83,31028.32,5,724.0,9.24,0,2,credit_card,MORTGAGE,66,0.0229060889734103,0
9789,23371,36,4.0,98291.58,2,668.0,7.33,7,0,debt_consolidation,MORTGAGE,51,0.008771997808393956,0
9790,41365,36,13.63,108383.45,0,721.0,15.72,6,1,credit_card,OWN,32,0.032977380485487366,0
9791,16691,36,9.45,20707.99,21,685.0,11.06,2,0,credit_card,RENT,29,0.010038086129600504,0
9792,6311,36,10.91,43240.01,23,699.0,16.19,6,0,debt_consolidation,MORTGAGE,73,0.010305893459034224,0
9793,12794,36,11.48,16340.6,7,674.0,23.48,4,1,home_improvement,MORTGAGE,64,0.02974436141353774,0
9794,4934,60,6.14,61531.33,8,752.0,21.63,6,0,small_business,OWN,30,0.0071666820495120635,0
9795,18406,36,10.43,62180.09,16,744.0,15.34,5,1,debt_consolidation,RENT,42,0.01535590742515737,0
9796,12394,36,4.85,57104.23,5,703.0,16.15,5,0,debt_consolidation,OWN,44,0.008312727780768187,0
9797,28872,60,10.16,47407.17,2,698.0,14.34,9,0,small_business,RENT,74,0.014935591095932116,0
9798,43708,36,17.99,66129.34,0,722.0,21.8,6,2,debt_consolidation,OTHER,32,0.08499477434898511,0
9799,43093,36,9.85,76280.87,3,671.0,38.45,4,0,debt_consolidation,OWN,33,0.05501100634106438,0
9800,22800,36,7.41,77345.25,10,701.0,12.78,6,0,debt_consolidation,RENT,54,0.010371171152621499,0
9801,45397,36,10.04,90500.19,5,639.0,11.84,5,0,credit_card,MORTGAGE,67,0.02532134786608834,0
9802,39909,36,18.27,51272.7,23,602.0,19.2,2,0,credit_card,RENT,67,0.05404796355587077,0
9803,23352,36,10.2,45367.13,0,674.0,9.8,2,1,debt_consolidation,RENT,21,0.019744079629390735,0
9804,38439,60,5.8,83819.96,6,741.0,22.34,3,0,credit_card,MORTGAGE,67,0.014577086855571561,0
9805,30312,60,4.7,45948.08,3,721.0,36.33,1,1,debt_consolidation,MORTGAGE,32,0.0365598403104937,0
9806,42060,36,10.38,54660.78,24,615.0,34.41,4,0,debt_consolidation,RENT,37,0.06516789540422227,0
9807,17438,36,15.25,46309.56,19,638.0,14.63,5,0,major_purchase,RENT,23,0.02121631919231618,0
9808,25385,36,13.76,102452.09,30,656.0,10.49,2,0,major_purchase,RENT,54,0.017112255736626468,0
9809,46999,36,16.39,74622.03,0,595.0,26.14,2,0,credit_card,RENT,62,0.07621507511438076,0
9810,20482,36,14.51,31637.07,18,635.0,24.29,4,0,debt_consolidation,RENT,52,0.031883617192067934,0
9811,34471,60,12.04,59966.23,1,604.0,21.81,2,0,debt_consolidation,RENT,31,0.03953694370511187,0
9812,49279,36,4.0,70131.33,1,659.0,16.77,7,0,home_improvement,MORTGAGE,48,0.022365418777318707,0
9813,45877,36,17.54,31925.49,0,650.0,22.29,3,0,home_improvement,OWN,51,0.050504900400463654,1
9814,43212,36,6.17,68857.65,7,730.0,16.14,8,0,small_business,OWN,66,0.014320206034154761,0
9815,15026,36,21.24,56227.51,1,696.0,23.31,12,0,debt_consolidation,MORTGAGE,56,0.028998610056341845,0
9816,44089,60,8.93,29370.71,5,744.0,20.72,2,0,debt_consolidation,OWN,74,0.017345576301005423,0
9817,21648,60,9.1,26327.36,3,552.0,17.29,7,0,debt_consolidation,MORTGAGE,44,0.03190893789289811,0
9818,7435,36,9.87,94220.99,29,615.0,24.4,6,0,other,RENT,73,0.02271395266467731,0
9819,10493,36,12.05,39030.45,11,701.0,8.4,9,2,major_purchase,MORTGAGE,68,0.023715157268105483,0
9820,8691,60,6.52,85200.52,6,696.0,24.66,3,1,debt_consolidation,RENT,27,0.01965100776587776,0
9821,4763,60,8.46,76416.83,24,660.0,25.28,3,0,credit_card,OWN,65,0.01551150813394542,0
9822,22389,60,15.74,44415.64,0,,11.35,5,0,home_improvement,RENT,31,,0
9823,33498,36,17.36,72474.21,5,677.0,10.81,7,1,credit_card,RENT,25,0.03655702255749304,0
9824,38009,36,7.58,68204.53,8,817.0,4.15,9,0,debt_consolidation,OWN,47,0.00518482951954019,0
9825,37825,36,13.33,82666.33,0,686.0,25.0,4,0,debt_consolidation,MORTGAGE,34,0.03220183873356009,0
9826,18934,36,9.91,64369.92,1,642.0,18.45,4,0,major_purchase,RENT,48,0.018894298362792217,0
9827,7574,60,14.01,51701.99,25,774.0,9.89,0,0,credit_card,RENT,42,0.005786525048797706,0
9828,40179,36,8.41,93092.85,2,681.0,26.2,2,0,major_purchase,OWN,66,0.02808807716135427,0
9829,3587,36,14.92,78274.39,26,717.0,14.73,0,1,debt_consolidation,OWN,23,0.01559541523591026,0
9830,44782,36,11.47,43918.01,0,622.0,12.3,5,0,debt_consolidation,RENT,61,0.030152821800129948,0
9831,40688,60,10.03,55589.53,24,702.0,27.72,3,1,debt_consolidation,OWN,51,0.047068456731079615,0
9832,13688,36,11.85,92492.93,7,677.0,11.04,2,0,major_purchase,RENT,31,0.011160624425423657,0
9833,6409,36,17.78,97467.32,9,720.0,17.25,5,2,credit_card,OWN,63,0.03513399691521132,0
9834,7783,36,11.62,55544.72,4,659.0,15.6,4,0,other,RENT,55,0.013342875704145005,0
9835,35480,36,13.14,72188.79,3,580.0,16.1,4,0,other,RENT,73,0.0399483390835673,0
9836,28751,36,12.36,69022.16,8,723.0,12.51,3,0,home_improvement,OWN,52,0.012560230366316935,0
9837,40174,36,12.38,32492.55,5,679.0,25.59,4,1,debt_consolidation,OWN,74,0.05530911735164174,0
9838,14041,60,16.87,72744.74,0,640.0,16.71,12,0,home_improvement,OWN,38,0.024667785119059597,0
9839,25227,36,15.33,8000.0,5,688.0,14.83,5,0,debt_consolidation,RENT,57,0.018637613986629657,0
9840,37201,36,6.56,82743.02,3,690.0,17.5,3,0,debt_consolidation,MORTGAGE,38,0.016496385770279412,0
9841,38069,60,14.19,,22,706.0,12.61,7,0,credit_card,RENT,57,0.019063728433976693,0
9842,18654,60,18.45,8000.0,21,704.0,22.93,6,0,credit_card,RENT,69,0.024098313300087885,0
9843,28370,36,11.07,35878.89,1,764.0,15.9,4,2,other,MORTGAGE,56,0.02827485769410113,0
9844,31482,36,15.42,15966.94,15,661.0,26.72,6,0,debt_consolidation,MORTGAGE,52,0.03967463813543353,0
9845,13586,36,4.0,34367.56,7,741.0,34.73,3,0,debt_consolidation,RENT,56,0.013319988263157084,0
9846,7322,36,8.14,63342.69,23,657.0,11.16,8,0,credit_card,RENT,63,0.009832703436100754,0
9847,15932,60,21.58,103556.86,3,588.0,1.14,5,0,debt_consolidation,MORTGAGE,40,0.02220983245931674,0
9848,31299,60,15.05,72922.61,0,757.0,16.7,6,0,home_improvement,OWN,63,0.014986286703822191,0
9849,27179,36,12.87,50503.4,19,629.0,11.52,5,0,debt_consolidation,OWN,69,0.021329164483949,0
9850,7257,36,19.36,77935.95,23,728.0,10.86,5,0,home_improvement,RENT,53,0.010766829526121938,0
9851,48501,36,7.56,75498.02,21,685.0,12.97,6,2,debt_consolidation,MORTGAGE,23,0.05053751919505531,1
9852,48136,36,17.08,96166.07,4,693.0,20.62,3,1,debt_consolidation,RENT,24,0.06085476576748268,0
9853,11777,36,8.57,80939.32,0,747.0,1.71,7,0,debt_consolidation,MORTGAGE,56,0.00436588029584404,0
9854,13249,36,12.38,60139.7,1,549.0,26.32,4,0,home_improvement,MORTGAGE,60,0.0444798319054121,0
9855,23390,36,5.5,22343.68,26,729.0,28.67,4,1,debt_consolidation,OWN,58,0.02425922486587934,0
9856,22369,36,10.47,93741.44,5,719.0,10.73,4,0,debt_consolidation,RENT,71,0.009718865341242907,0
9857,14881,36,17.29,56897.04,24,626.0,11.45,5,0,debt_consolidation,OWN,74,0.0211263809664837,0
9858,11587,36,9.96,37784.28,29,681.0,18.05,3,1,small_business,MORTGAGE,53,0.020749608364122134,0
9859,30264,36,13.97,10393.08,6,732.0,15.98,6,1,debt_consolidation,RENT,20,0.025605227555959377,0
9860,10791,60,10.05,31261.53,18,616.0,17.69,5,0,small_business,MORTGAGE,32,0.018522370563891118,0
9861,43473,36,13.72,70059.2,1,668.0,17.89,4,1,debt_consolidation,OTHER,35,0.04988133512475738,0
9862,24375,36,14.98,50264.49,5,746.0,12.27,4,0,credit_card,OWN,50,0.01144490187983552,0
9863,24611,36,9.29,84794.41,14,595.0,17.12,4,0,debt_consolidation,RENT,37,0.02561870379181604,0
9864,44026,36,8.54,,2,696.0,11.49,6,0,debt_consolidation,RENT,24,0.016320470240354466,0
9865,9833,36,10.39,8000.0,4,697.0,22.23,5,1,debt_consolidation,MORTGAGE,31,0.022386856712996218,0
9866,49013,36,10.3,34555.28,9,692.0,13.66,4,0,credit_card,MORTGAGE,58,0.021450151941712608,0
9867,17754,36,4.0,63466.78,13,605.0,7.06,10,0,major_purchase,RENT,60,0.011629415564748528,0
9868,44048,36,13.34,97007.61,5,677.0,6.08,10,0,debt_consolidation,OWN,36,0.01943906670409731,0
9869,14577,36,13.53,39055.02,5,681.0,18.18,2,1,major_purchase,RENT,40,0.02606477528956983,0
9870,33095,36,4.81,65636.97,0,670.0,17.44,6,1,debt_consolidation,RENT,47,0.026339319625283377,1
9871,23248,60,15.36,32740.96,30,728.0,12.04,3,0,home_improvement,MORTGAGE,51,0.012450817711398094,0
9872,37282,36,10.4,57897.31,10,680.0,24.89,7,1,debt_consolidation,OWN,31,0.04748192368354207,0
9873,38737,36,13.31,63447.05,8,693.0,30.4,5,0,debt_consolidation,OWN,72,0.039099544575546354,1
9874,33891,36,11.01,51875.33,2,597.0,27.86,1,0,debt_consolidation,MORTGAGE,40,0.04837076028646304,0
9875,26124,36,13.3,100943.33,7,626.0,29.57,4,0,home_improvement,MORTGAGE,23,0.043284146385957435,0
9876,6566,36,12.47,89756.23,7,640.0,25.57,5,0,debt_consolidation,OWN,53,0.02270108137131456,0
9877,4196,36,15.51,52020.65,3,645.0,23.51,6,0,debt_consolidation,OTHER,30,0.022749941290345046,0
9878,33115,60,12.01,53481.42,7,681.0,24.08,4,0,debt_consolidation,OWN,39,0.027384810950125685,0
9879,21859,36,15.02,79928.25,2,627.0,23.38,3,1,debt_consolidation,RENT,73,0.054237445078894775,0
9880,13345,36,17.7,61189.83,14,606.0,18.91,5,0,debt_consolidation,OWN,60,0.031440897261694384,1
9881,36077,36,11.67,60315.93,25,686.0,20.55,5,0,credit_card,RENT,57,0.0243883273575121,0
9882,2864,36,10.95,42824.39,0,676.0,19.83,4,0,debt_consolidation,MORTGAGE,53,0.01251763732785055,0
9883,14055,36,14.25,74970.13,9,698.0,33.28,5,1,debt_consolidation,OWN,41,0.044651000650943996,0
9884,40157,60,4.0,44004.98,15,809.0,18.6,4,0,credit_card,RENT,64,0.008027199305696897,0
9885,21747,36,8.5,43997.1,25,604.0,18.98,3,0,home_improvement,RENT,66,0.02354856801023459,0
9886,46484,60,8.36,67228.79,5,682.0,26.91,2,0,debt_consolidation,RENT,70,0.032360533107924236,0
9887,13978,36,14.21,63512.37,25,677.0,21.04,6,0,debt_consolidation,RENT,50,0.01944859958915966,0
9888,26599,60,12.6,60844.95,21,686.0,23.05,4,0,debt_consolidation,OWN,42,0.023157199798323817,0
9889,37771,60,17.07,14630.14,8,807.0,19.06,3,0,debt_consolidation,RENT,65,0.014910306664190609,0
9890,48942,60,16.83,65950.41,3,524.0,18.63,8,0,credit_card,OWN,22,0.09548238493797548,0
9891,48540,60,4.16,9817.93,11,656.0,25.58,10,1,other,RENT,66,0.052950191461665505,0
9892,19615,36,5.25,85557.63,3,679.0,4.42,9,0,debt_consolidation,OWN,28,0.007373953570544754,0
9893,42727,36,12.15,46161.27,5,711.0,19.8,2,0,debt_consolidation,OWN,34,0.02315855709379016,0
9894,46748,36,5.81,63974.19,7,722.0,3.98,2,0,credit_card,OWN,22,0.009217967450073099,0
9895,41349,36,4.11,45475.86,8,576.0,4.51,3,0,debt_consolidation,MORTGAGE,38,0.018649323355690032,0
9896,31377,60,9.05,67694.68,2,669.0,0.14,4,0,debt_consolidation,MORTGAGE,28,0.009580868245624029,0
9897,32031,36,4.0,29873.99,13,623.0,22.27,7,1,debt_consolidation,RENT,73,0.039673876131224486,0
9898,44733,36,7.89,106275.61,30,701.0,8.09,8,0,debt_consolidation,OWN,23,0.013881219540187917,0
9899,13760,36,14.85,42833.54,3,689.0,12.72,5,0,debt_consolidation,RENT,45,0.013288220683278888,0
9900,49690,60,10.06,81901.38,9,645.0,24.75,7,0,debt_consolidation,RENT,51,0.04465100065094397,0
9901,35714,60,17.99,32132.94,7,787.0,15.13,8,0,debt_consolidation,OWN,70,0.0151719310109525,0
9902,27762,36,9.73,50184.52,4,662.0,13.58,7,2,credit_card,MORTGAGE,45,0.04448663262128914,0
9903,36332,36,14.21,41249.64,6,660.0,27.29,3,0,small_business,RENT,55,0.04104165938869554,1
9904,42100,36,9.88,45070.16,15,626.0,21.42,4,0,debt_consolidation,MORTGAGE,46,0.03650211811656033,0
9905,6944,36,11.14,70577.39,6,500.0,14.69,7,0,credit_card,OWN,50,0.03240440048112712,0
9906,15877,36,10.43,71685.26,8,684.0,20.63,2,0,debt_consolidation,RENT,66,0.01522071816164031,0
9907,31990,36,14.22,70190.54,7,627.0,8.65,4,2,home_improvement,OWN,42,0.05867912683958936,0
9908,44907,36,14.9,38193.35,9,691.0,12.95,2,0,debt_consolidation,OWN,18,0.023779607204007402,0
9909,36076,36,20.25,63240.92,4,850.0,29.86,4,0,debt_consolidation,RENT,28,0.02020169950264883,0
9910,5258,36,12.06,38839.29,8,692.0,7.29,6,1,debt_consolidation,OWN,61,0.012840340147126575,0
9911,33629,60,14.19,96658.61,1,691.0,12.45,2,0,debt_consolidation,OWN,34,0.018058415704264877,0
9912,39579,60,7.89,36862.23,16,740.0,14.86,8,0,credit_card,OWN,38,0.013002575202053331,0
9913,24958,36,14.75,48199.61,0,760.0,12.95,1,1,debt_consolidation,MORTGAGE,66,0.01720264158969337,0
9914,41465,60,12.1,61451.55,18,692.0,20.83,3,0,credit_card,OWN,56,0.026480738262522657,0
9915,22317,36,4.0,34465.49,21,691.0,19.13,2,0,credit_card,RENT,34,0.01137991677587577,0
9916,17775,36,8.52,75840.68,0,647.0,22.27,7,0,debt_consolidation,OWN,71,0.02004160016566453,0
9917,13039,36,4.0,87852.11,21,713.0,23.23,2,0,credit_card,OWN,18,0.009775813921938301,0
9918,31097,60,9.05,37919.94,10,716.0,22.27,4,0,debt_consolidation,RENT,68,0.017280245788427653,0
9919,36207,36,13.23,43032.68,0,682.0,28.95,7,0,other,MORTGAGE,39,0.038112323579793175,0
9920,24553,36,10.8,,30,608.0,25.75,3,0,credit_card,MORTGAGE,36,0.035333872324346774,0
9921,46402,36,14.46,63617.86,10,692.0,16.18,8,0,major_purchase,OWN,54,0.02864369495259193,0
9922,2055,60,4.0,54489.18,6,726.0,29.52,3,0,credit_card,RENT,34,0.009432657330992881,0
9923,25161,60,15.83,40946.85,24,622.0,13.17,7,0,debt_consolidation,RENT,55,0.026844576442825396,0
9924,34873,36,12.98,50772.33,0,696.0,14.46,6,0,debt_consolidation,OWN,25,0.019055875893121535,0
9925,37969,60,6.94,56338.49,14,725.0,18.65,7,1,debt_consolidation,MORTGAGE,51,0.024659606283875323,0
9926,17184,36,11.9,75987.54,1,,24.59,4,0,credit_card,OWN,57,,0
9927,2669,60,20.76,59931.76,9,789.0,20.34,7,0,debt_consolidation,RENT,53,0.010889360325680955,0
9928,14663,60,17.86,37245.8,0,638.0,16.78,12,0,major_purchase,RENT,72,0.026583016769708104,0
9929,27318,36,18.71,46929.12,12,618.0,16.86,1,1,major_purchase,RENT,37,0.05777216625743009,0
9930,35734,60,11.15,32048.92,7,625.0,27.17,6,1,credit_card,MORTGAGE,32,0.07036997524210521,0
9931,18691,36,16.55,56688.79,0,646.0,17.48,3,0,small_business,OWN,18,0.024233673624526896,0
9932,20522,60,17.24,116354.67,0,638.0,23.73,4,0,debt_consolidation,OWN,33,0.03501418961720588,0
9933,13656,60,7.82,121926.07,14,729.0,0.08,1,0,debt_consolidation,OWN,65,0.004292090674079991,0
9934,17893,36,17.16,68181.79,6,566.0,3.19,4,1,debt_consolidation,OWN,31,0.0368788852585516,0
9935,47857,36,16.26,18680.25,12,637.0,28.3,4,0,credit_card,RENT,38,0.06724123083455313,0
9936,18493,36,9.31,83151.95,6,737.0,0.0,6,0,debt_consolidation,OTHER,42,0.00508359515215447,0
9937,5632,60,12.37,76681.5,5,669.0,3.36,1,0,credit_card,RENT,21,0.0074766923579722725,0
9938,32336,60,17.43,127176.09,22,605.0,18.0,8,1,major_purchase,RENT,32,0.07163906965597558,0
9939,25112,36,11.77,61864.63,22,650.0,25.03,4,0,debt_consolidation,RENT,69,0.02880271419601343,0
9940,40452,36,15.53,49371.21,26,758.0,0.49,7,0,credit_card,RENT,44,0.00972907251847437,0
9941,15266,36,10.11,35037.88,20,669.0,17.71,3,0,debt_consolidation,MORTGAGE,69,0.01456043330423936,0
9942,18940,36,7.62,80560.69,1,698.0,24.16,5,0,debt_consolidation,OTHER,57,0.015340492541038054,0
9943,26003,36,7.2,55303.4,0,668.0,13.67,10,0,small_business,RENT,19,0.014327547759789077,0
9944,34872,36,10.87,53596.86,0,776.0,15.73,3,0,credit_card,OTHER,71,0.01092344865550102,0
9945,36815,36,13.75,47417.18,29,661.0,24.36,5,1,debt_consolidation,RENT,46,0.059089209769762084,0
9946,32869,36,4.97,115001.93,8,,19.52,5,0,credit_card,RENT,61,,0
9947,19257,36,19.7,49693.23,0,723.0,17.16,5,0,credit_card,OWN,61,0.018316619790195623,0
9948,18682,60,16.27,77511.2,9,715.0,11.5,4,1,home_improvement,MORTGAGE,68,0.020778074145567985,0
9949,21622,36,14.06,71555.91,14,670.0,12.34,8,0,small_business,MORTGAGE,39,0.01694054067762339,0
9950,32408,36,15.26,8000.0,0,692.0,20.33,2,1,debt_consolidation,RENT,53,0.040791294144684714,1
9951,10837,36,9.41,115331.15,5,721.0,15.47,1,0,debt_consolidation,MORTGAGE,65,0.008493199687631884,0
9952,17407,36,6.1,13679.78,2,646.0,10.37,4,2,debt_consolidation,RENT,36,0.02880271419601342,0
9953,31309,36,13.64,37473.09,29,728.0,8.59,3,0,credit_card,OWN,36,0.011702052093056933,0
9954,8382,36,16.18,47300.62,4,685.0,0.12,5,0,credit_card,OWN,55,0.007934569217224713,0
9955,29654,36,10.02,41869.11,13,697.0,12.37,7,0,debt_consolidation,RENT,71,0.013746624386776847,0
9956,20895,60,8.22,54274.43,26,646.0,17.89,8,1,other,MORTGAGE,39,0.0292695813353712,0
9957,35551,36,9.83,40699.56,23,679.0,27.84,5,0,credit_card,RENT,63,0.030534727842822643,0
9958,23376,36,13.92,93915.9,6,628.0,24.86,11,0,debt_consolidation,OWN,26,0.037324012763264296,0
9959,2370,36,14.41,74772.28,4,648.0,15.01,1,0,credit_card,RENT,30,0.013929760422328848,0
9960,2486,36,19.24,44481.89,20,748.0,14.03,6,0,debt_consolidation,RENT,70,0.009901874227766219,0
9961,25762,60,13.79,39083.67,2,616.0,13.04,3,0,major_purchase,RENT,56,0.024371677425630987,0
9962,28613,60,8.67,45876.74,14,645.0,5.01,6,0,credit_card,OWN,48,0.012694132609582558,0
9963,49268,36,10.81,37369.74,21,629.0,7.52,7,0,home_improvement,OWN,58,0.025898259219410066,0
9964,5196,36,7.81,30026.29,22,703.0,14.5,5,1,credit_card,OWN,58,0.012823366106029596,0
9965,44320,60,16.43,83385.41,0,765.0,16.41,6,1,major_purchase,MORTGAGE,20,0.03180838754975003,0
9966,31401,36,7.54,50246.05,8,666.0,14.76,2,0,credit_card,MORTGAGE,18,0.015819281392369326,0
9967,37029,36,9.74,69877.51,5,560.0,8.72,6,0,credit_card,OWN,62,0.030072213965363782,0
9968,12813,36,13.93,61625.89,29,722.0,13.96,3,0,major_purchase,RENT,39,0.010551914349936202,0
9969,43916,36,18.38,96239.53,9,673.0,10.22,9,1,home_improvement,RENT,73,0.04779405867717218,0
9970,10572,60,23.42,82383.18,6,707.0,27.8,6,0,credit_card,OWN,50,0.03114202015216627,0
9971,49776,36,6.64,69043.21,3,721.0,24.05,4,0,debt_consolidation,RENT,34,0.023056524663142477,0
9972,30225,36,14.55,117383.77,22,644.0,16.51,3,0,credit_card,RENT,33,0.026815333124335768,0
9973,47853,36,11.91,42371.33,4,612.0,27.31,4,0,home_improvement,OWN,58,0.0608227688176309,0
9974,34275,60,11.0,55306.96,21,609.0,21.2,7,0,home_improvement,RENT,46,0.037308924704506204,0
9975,8843,36,10.87,76328.06,24,790.0,19.37,3,0,home_improvement,RENT,70,0.006930697466684452,0
9976,3105,60,7.06,81108.3,0,649.0,18.55,7,0,small_business,RENT,63,0.011927610984591537,0
9977,45209,36,18.67,38032.32,8,653.0,5.57,3,0,credit_card,OWN,45,0.02718522690482833,1
9978,33639,60,4.0,59152.13,6,714.0,21.56,2,0,home_improvement,MORTGAGE,71,0.013669559559896311,0
9979,44487,36,11.41,60555.26,6,676.0,25.35,6,0,debt_consolidation,RENT,58,0.03655279631973343,0
9980,20051,36,17.99,118264.49,5,544.0,,4,0,other,RENT,67,0.04421453067653218,0
9981,30708,36,12.91,76558.43,8,616.0,18.74,5,0,major_purchase,MORTGAGE,70,0.03271245236813175,0
9982,37459,60,9.32,87018.51,1,692.0,20.96,3,1,credit_card,RENT,62,0.03494465256525206,0
9983,13864,36,9.48,50287.43,23,623.0,22.48,3,0,credit_card,MORTGAGE,39,0.021720901635626802,0
9984,36764,36,15.52,41238.5,9,774.0,,4,0,debt_consolidation,OWN,21,0.014164928286490996,0
9985,3425,36,10.78,49406.14,5,604.0,21.93,9,0,major_purchase,RENT,71,0.02189625768797408,0
9986,8849,36,11.87,73696.23,3,613.0,,8,0,major_purchase,RENT,66,0.018387600024615137,0
9987,38015,60,14.49,96880.18,10,617.0,14.0,6,0,debt_consolidation,OWN,62,0.03398697350860115,0
9988,20976,36,15.72,24438.35,18,710.0,15.98,7,1,credit_card,RENT,24,0.026719465890611464,0
9989,36258,60,9.77,109522.52,7,607.0,24.42,5,1,home_improvement,RENT,38,0.06589415583937613,0
9990,49078,36,6.54,82158.68,30,773.0,22.29,6,0,debt_consolidation,OWN,44,0.015861997181703988,0
9991,33113,60,7.99,85026.06,8,756.0,21.17,5,0,credit_card,RENT,43,0.013029295956471443,0
9992,17401,36,17.52,83354.32,29,734.0,27.3,5,0,credit_card,OWN,46,0.022140012626681835,0
9993,14884,36,12.27,49845.64,28,580.0,7.1,4,0,debt_consolidation,MORTGAGE,49,0.018077931588624044,0
9994,20824,36,7.0,56805.13,10,696.0,21.41,3,1,debt_consolidation,OWN,18,0.02246402397925804,0
9995,39563,60,8.27,77011.42,9,550.0,13.75,3,0,debt_consolidation,OWN,44,0.03678310423460023,0
9996,36414,36,16.66,53753.1,0,765.0,23.62,1,0,debt_consolidation,OWN,32,0.02137513618579354,0
9997,18142,36,12.35,65852.42,26,699.0,13.74,6,0,other,OWN,44,0.01269137564700667,0
9998,49074,60,5.3,43407.2,19,710.0,25.42,3,0,debt_consolidation,RENT,61,0.023736467132899956,0
9999,7956,60,7.59,79320.62,8,654.0,27.53,7,1,home_improvement,OWN,50,0.03034878355555931,0
10000,15928,60,16.61,56478.5,4,687.0,,7,1,small_business,MORTGAGE,46,0.02784288430635512,0
